id,nom,slug,typologie,typologie_brute,type_communecter,domaines,specialites,offre,partenaires,siren,description_courte,site_web,email,telephone,adresse,ville,code_postal,pays_code,pays,region,latitude,longitude,tags,logo_url,logo_medium_url,logo_thumb_url,url_communecter,date_creation,date_maj
6996aa532a32db28bc711211,Australian Information Security Association (AISA),australianInformationSecurityAssociationAisa,Association/ONG,Association/ONG | Sensibilisation | Sécurité Réseau | Consultant GRC | Awareness Security,NGO,Sensibilisation | Sécurité Réseau | Consultant GRC | Awareness Security,Consultant GRC | Awareness Security,,,,,https://www.aisa.org.au/,,,NSW,Sydney,2000,AU,Australie,Australie,-33.8775982,151.2011799,Association/ONG | Sensibilisation | Sécurité Réseau | Consultant GRC | Awareness Security,https://www.communecter.org/upload/communecter/organizations/6996aa532a32db28bc711211/pastedimage.png,https://www.communecter.org/upload/communecter/organizations/6996aa532a32db28bc711211/medium/pastedimage.png,https://www.communecter.org/upload/communecter/organizations/6996aa532a32db28bc711211/thumb/pastedimage.png,https://www.communecter.org/#@australianInformationSecurityAssociationAisa,1771481777,1771487502
6979fe5319e18946a32913d6,Cyber SWAT MG,cyberSwatMg,Association/ONG,Association/ONG,LocalBusiness,Cybersécurité Offensive (Pentest),Ethical hacking,,,,"Pentesting, sensibilisation, éthique & sécurité info",https://cyberswat.mg/,,+261 34 12 345 67,,Antananarivo,,MG,Madagascar,Madagascar,-18.9100122,47.5255809,Association/ONG | Cybersécurité Offensive (Pentest) | Ethical hacking,https://www.communecter.org/upload/communecter/organizations/6979fe5319e18946a32913d6/pastedimage.png,https://www.communecter.org/upload/communecter/organizations/6979fe5319e18946a32913d6/medium/pastedimage.png,https://www.communecter.org/upload/communecter/organizations/6979fe5319e18946a32913d6/thumb/profil-resized.png,https://www.communecter.org/#@cyberSwatMg,1769602964,1770201691
698f23ff6af801792369ab3f,Data Security Council of India (DSCI),dataSecurityCouncilOfIndiaDsci,Association/ONG,Association/ONG,NGO,Standards cyber | Sensibilisation,Consultant GRC | Sensibilisation,,,,,https://www.dsci.in/,,+91-120-4990253,"Nasscom Campus, Plot 7-10, Sector 126",Noida,,IN,Inde,Inde,28.5706333,77.3272147,Association/ONG | Standards cyber | Sensibilisation | Consultant GRC,https://www.communecter.org/upload/communecter/organizations/698f23ff6af801792369ab3f/pastedimage.png,https://www.communecter.org/upload/communecter/organizations/698f23ff6af801792369ab3f/medium/pastedimage.png,https://www.communecter.org/upload/communecter/organizations/698f23ff6af801792369ab3f/thumb/pastedimage.png,https://www.communecter.org/#@dataSecurityCouncilOfIndiaDsci,1770988638,1770988639
698f373998c09a257604c419,Kenya Cyber Security and Forensics Association (KCSFA),sfa,Association/ONG,Association/ONG,NGO,Sensibilisation | Partage expertise | Networking,"Consultant GRC,Awareness | Analyste Forensic",,,,,https://www.kcsfa.co.ke/,,+254 798 569 215,RNG Plaza,Nairobi,,KE,Kenya,Kenya,-1.2890006,36.8172812,Association/ONG | Sensibilisation | Partage expertise | Networking | Consultant GRC | Awareness | Analyste Forensic,,,,https://www.communecter.org/#@sfa,1770993633,1770993634
6979cb67e9bd6200a64b056a,Solidarnum,solidarnum3,Association/ONG,Association/ONG,NGO,Sécurité Opérationnelle et Gouvernance (SOC),Consultant GRC,,,,,https://solidarnum.org/presentation-de-l-association.html,contact@solidarnum.org,+262 262 56 62 11 | 02 62 56 62 11,"18 Rue Albert Lougnon, Parc Technor",SAINTE-CLOTILDE,97490,RE,La Réunion,Réunion,-20.904334,55.499345,Association/ONG | Sécurité Opérationnelle et Gouvernance (SOC) | Consultant GRC,https://www.communecter.org/upload/communecter/organizations/6979cb67e9bd6200a64b056a/solidarnium.jpeg,https://www.communecter.org/upload/communecter/organizations/6979cb67e9bd6200a64b056a/medium/solidarnium.jpeg,https://www.communecter.org/upload/communecter/organizations/6979cb67e9bd6200a64b056a/thumb/profil-resized.png,https://www.communecter.org/#@solidarnum3,1769589607,1770195437
697b27d1e0442b0a791632a2,CERT-MU,certmu,CERT/CSIRT,CERT/CSIRT,NGO,Agence nationale cybersécurité / CERT,,,,,,,vulnerability@cert.govmu.org,,"7th Floor, Stratton Court, La Poudrière Street, Port Louis, Mauritius",Port-Louis,11308,MU,Maurice,Mauritius,-20.1637281,57.5045331,CERT/CSIRT,https://www.communecter.org/upload/communecter/organizations/697b27d1e0442b0a791632a2/CERT.png,https://www.communecter.org/upload/communecter/organizations/697b27d1e0442b0a791632a2/medium/CERT.png,https://www.communecter.org/upload/communecter/organizations/697b27d1e0442b0a791632a2/thumb/profil-resized.png,https://www.communecter.org/#@certmu,1769678801,1769678801
697c8ce9eca054203659c6cc,Computer Emergency Readiness Team (CERT),computerEmergencyReadinessTeamCert,CERT/CSIRT,CERT/CSIRT | Sécurité Opérationnelle et Gouvernance (SOC),NGO,Sécurité Opérationnelle et Gouvernance (SOC),Incident Responder,,,,,https://www.cert.gov.lk/,cert@cert.gov.lk,+94 11 269 1692,"BMICH, Bauddhaloka Mawatha, Colombo 07",Colombo,,LK,Sri Lanka,Sri Lanka,6.9012338,79.8725492,CERT/CSIRT | Sécurité Opérationnelle et Gouvernance (SOC),https://www.communecter.org/upload/communecter/organizations/697c8ce9eca054203659c6cc/pastedimage.png,https://www.communecter.org/upload/communecter/organizations/697c8ce9eca054203659c6cc/medium/pastedimage.png,https://www.communecter.org/upload/communecter/organizations/697c8ce9eca054203659c6cc/thumb/pastedimage.png,https://www.communecter.org/#@computerEmergencyReadinessTeamCert,1769770962,1769772220
6a17f50432a13c33536779cd,Computer Emergency Response Team of Mauritius (CERT-MU),tmu,CERT/CSIRT,CERT/CSIRT,GovernmentOrganization,,,,,,CSIRT national mauricien / réponse aux incidents.,https://cert-mu.govmu.org,incident@cert.govmu.org,,,,,,,,,,,https://www.communecter.org/upload/communecter/organizations/6a17f50432a13c33536779cd/mlogov2.jpg,https://www.communecter.org/upload/communecter/organizations/6a17f50432a13c33536779cd/medium/mlogov2.jpg,https://www.communecter.org/upload/communecter/organizations/6a17f50432a13c33536779cd/thumb/profil-resized.png,https://www.communecter.org/#@tmu,1779954948,1779954950
6a1988c57afd2b57293e2e39,Computer Emergency Response Team Seychelles (CERT-SC),sc1,CERT/CSIRT,CERT/CSIRT,GovernmentOrganization,,,,,,"CERT-SC est l’équipe nationale de réponse aux incidents informatiques chargée de la veille, de la réponse aux cyberincidents et de la sensibilisation nationale.",https://cert-sc.sc/,,,"P.O. Box 737, 3rd Floor, Caravel House, Manglier Street, Victoria, Mahé, Seychelles",Victoria,,SC,Seychelles,Seychelles,-4.6232085,55.4523590,,https://www.communecter.org/upload/communecter/organizations/6a1988c57afd2b57293e2e39/faviconV2.png,https://www.communecter.org/upload/communecter/organizations/6a1988c57afd2b57293e2e39/medium/faviconV2.png,https://www.communecter.org/upload/communecter/organizations/6a1988c57afd2b57293e2e39/thumb/profil-resized.png,https://www.communecter.org/#@sc1,1780058309,1780058310
6a1fd5343705be472103b6ba,Computer Incident Response Team Madagascar,computerIncidentResponseTeamMadagascar,CERT/CSIRT,CERT/CSIRT,GovernmentOrganization,,,,,,CIRT national transitoire placé auprès de l’Unité de Gouvernance Digitale.,https://digital.gov.mg/ ; https://digital.gov.mg/wp-content/uploads/2025/06/TDR-Head-manager-CIRT.pdf ; https://mg.linkedin.com/company/ugd-mg,contact@digital.gov.mg,,"Village des Jeux Ankorondrano, Bâtiment D1, Antananarivo Madagascar 101",Antananarivo,,MG,Madagascar,Madagasikara,-18.9100122,47.5255809,,https://www.communecter.org/upload/communecter/organizations/6a1fd5343705be472103b6ba/h3logo.png,https://www.communecter.org/upload/communecter/organizations/6a1fd5343705be472103b6ba/medium/h3logo.png,https://www.communecter.org/upload/communecter/organizations/6a1fd5343705be472103b6ba/thumb/profil-resized.png,https://www.communecter.org/#@computerIncidentResponseTeamMadagascar,1780471092,1780471093
6a1945e1acc42e5a5c5e91ba,Computer Security Incident Response Team - Power,computerSecurityIncidentResponseTeamPower,CERT/CSIRT,CERT/CSIRT,,,,,,,"Équipe sectorielle de réponse aux incidents pour le secteur électrique, rattachée à l’écosystème des infrastructures critiques énergétiques.",https://cea.nic.in,,,"Central Electricity Authority, Sewa Bhawan, R. K. Puram, New Delhi 110066, India",New Delhi,,IN,Inde,India,28.6138954,77.2090057,,https://www.communecter.org/upload/communecter/organizations/6a1945e1acc42e5a5c5e91ba/1780048535_faviconV2.jpg,https://www.communecter.org/upload/communecter/organizations/6a1945e1acc42e5a5c5e91ba/medium/1780048535_faviconV2.jpg,https://www.communecter.org/upload/communecter/organizations/6a1945e1acc42e5a5c5e91ba/thumb/profil-resized.png,https://www.communecter.org/#@computerSecurityIncidentResponseTeamPower,1780041185,1780048534
697c7e7fdc9d417fef0370fd,CSIRT,csirt,CERT/CSIRT,CERT/CSIRT | Sécurité Opérationnelle et Gouvernance (SOC),NGO,Sécurité Opérationnelle et Gouvernance (SOC),Analyste SOC | Incident Responder,,,,,https://ncsirt.mz/,ncsirt@ncsirt.mz,+258 843 649 222,Av. Vladimir Lenine,Maputo,,MZ,Mozambique,Mozambique,-25.9673320,32.5783375,CERT/CSIRT | Sécurité Opérationnelle et Gouvernance (SOC),https://www.communecter.org/upload/communecter/organizations/697c7e7fdc9d417fef0370fd/1769770090_pastedimage.png,https://www.communecter.org/upload/communecter/organizations/697c7e7fdc9d417fef0370fd/medium/1769770090_pastedimage.png,https://www.communecter.org/upload/communecter/organizations/697c7e7fdc9d417fef0370fd/thumb/1769770090_pastedimage.png,https://www.communecter.org/#@csirt,1769770009,1769770092
697c9ccd6651235f453557de,Financial Sector Computer Security Incident Response Team (FinCSIRT),seTeamFincsirt,CERT/CSIRT,CERT/CSIRT | Sécurité Opérationnelle et Gouvernance (SOC),NGO,Sécurité Opérationnelle et Gouvernance (SOC),Incident Responder,,,,,https://www.fincsirt.lk/,,(+94) 112039777,Central Bank of Sri Lanka,Colombo,,LK,Sri Lanka,Sri Lanka,6.9339384,79.8422864,CERT/CSIRT | Sécurité Opérationnelle et Gouvernance (SOC),https://www.communecter.org/upload/communecter/organizations/697c9ccd6651235f453557de/pastedimage.png,https://www.communecter.org/upload/communecter/organizations/697c9ccd6651235f453557de/medium/pastedimage.png,https://www.communecter.org/upload/communecter/organizations/697c9ccd6651235f453557de/thumb/pastedimage.png,https://www.communecter.org/#@seTeamFincsirt,1769774415,1769774415
698f1e12a147ad56432d5988,Indian Computer Emergency Response Team,indianComputerEmergencyResponseTeam,CERT/CSIRT,CERT/CSIRT,NGO,Coordination réponse,Incident Responder | Analyste SOC,,,,,https://www.cert-in.org.in/,,,CERT-In,New Delhi,,IN,Inde,Inde,28.6138954,77.2090057,CERT/CSIRT | Incident Responder | Analyste SOC | Coordination réponse,https://www.communecter.org/upload/communecter/organizations/698f1e12a147ad56432d5988/pastedimage.png,https://www.communecter.org/upload/communecter/organizations/698f1e12a147ad56432d5988/medium/pastedimage.png,https://www.communecter.org/upload/communecter/organizations/698f1e12a147ad56432d5988/thumb/pastedimage.png,https://www.communecter.org/#@indianComputerEmergencyResponseTeam,1770987439,1770987439
698f3696ab6b8c4a06360b84,KENET-CERT (KENYA EDUCATION NETWORK),kenetcertKenyaEducationNetwork,CERT/CSIRT,CERT/CSIRT,NGO,"Cyber incidents académiques,Awareness",Analyste SOC | Formation technique,,,,,https://cert.kenet.or.ke/,,+254-732-150500,University of Nairobi,Nairobi,,KE,Kenya,Kenya,-1.2796562,36.8161470,CERT/CSIRT | Cyber incidents académiques | Awareness | Analyste SOC | Formation technique,https://www.communecter.org/upload/communecter/organizations/698f3696ab6b8c4a06360b84/pastedimage.png,https://www.communecter.org/upload/communecter/organizations/698f3696ab6b8c4a06360b84/medium/pastedimage.png,https://www.communecter.org/upload/communecter/organizations/698f3696ab6b8c4a06360b84/thumb/pastedimage.png,https://www.communecter.org/#@kenetcertKenyaEducationNetwork,1770993436,1770993436
6a17f50c32a13c33536779d3,Mauritian Cybercrime Online Reporting System (MAUCORS+),ors,CERT/CSIRT,CERT/CSIRT,GovernmentOrganization,,,,,,Plateforme nationale de signalement cyber.,https://maucors.govmu.org,,,,Port-Louis,,MU,Maurice,Mauritius,-20.1637281,57.5045331,,https://www.communecter.org/upload/communecter/organizations/6a17f50c32a13c33536779d3/mlogov2.jpg,https://www.communecter.org/upload/communecter/organizations/6a17f50c32a13c33536779d3/medium/mlogov2.jpg,https://www.communecter.org/upload/communecter/organizations/6a17f50c32a13c33536779d3/thumb/profil-resized.png,https://www.communecter.org/#@ors,1779954956,1779954959
6a1837a84109923116640de9,MoRENet CSIRT (MZ),morenetCsirtMz,CERT/CSIRT,CERT/CSIRT,GovernmentOrganization,,,,,,,https://trustbroker.africa/registry/teams/morenet-csirt-mz.html,cert@morenet.ac.mz,,"Estrada Nacional no 1, Km 60, District of Manhica",Maputo,,MZ,Mozambique,Mozambique,-25.9662130,32.5674500,,,,,https://www.communecter.org/#@morenetCsirtMz,1779972008,1780033431
6a197304cf4fb9517452b0a4,National CIRT/CERT Maldives,nationalCirtcertMaldives,CERT/CSIRT,CERT/CSIRT,GovernmentOrganization,,,,,,Fonction nationale de réponse aux incidents informatiques ; dispositif public lié à la montée en capacité cyber des Maldives.,https://hub.ncsa.gov.mv/,,,,Malé,,MV,Maldives,Maldives,4.1779879,73.5107387,,https://www.communecter.org/upload/communecter/organizations/6a197304cf4fb9517452b0a4/1780054089_faviconV2.png,https://www.communecter.org/upload/communecter/organizations/6a197304cf4fb9517452b0a4/medium/1780054089_faviconV2.png,https://www.communecter.org/upload/communecter/organizations/6a197304cf4fb9517452b0a4/thumb/profil-resized.png,https://www.communecter.org/#@nationalCirtcertMaldives,1780052740,1780054089
697ca1f39591ca2d06433896,National Cyber Security Agency (NCSA),nationalCyberSecurityAgencyNcsa,CERT/CSIRT,CERT/CSIRT | Sécurité Opérationnelle et Gouvernance (SOC),NGO,Sécurité Opérationnelle et Gouvernance (SOC),Auditeur de sécurité,,,,,https://hub.ncsa.gov.mv/,,,,,,,,,,,CERT/CSIRT | Sécurité Opérationnelle et Gouvernance (SOC),https://www.communecter.org/upload/communecter/organizations/697ca1f39591ca2d06433896/pastedimage.png,https://www.communecter.org/upload/communecter/organizations/697ca1f39591ca2d06433896/medium/pastedimage.png,https://www.communecter.org/upload/communecter/organizations/697ca1f39591ca2d06433896/thumb/pastedimage.png,https://www.communecter.org/#@nationalCyberSecurityAgencyNcsa,1769775867,1769775868
6a17edfd01a3e92ad654106e,National Cyber Security Operations Center,nationalCyberSecurityOperationsCenter,CERT/CSIRT,CERT/CSIRT,GovernmentOrganization,,,,,,,https://ncsoc.gov.lk/,,,"Room 4-112, BMICH, Bauddhaloka Mawatha, Colombo 07, Sri Lanka",Colombo,,LK,Sri Lanka,Sri Lanka,6.9388614,79.8542005,,https://www.communecter.org/upload/communecter/organizations/6a17edfd01a3e92ad654106e/1779954660_Logo-one.webp,https://www.communecter.org/upload/communecter/organizations/6a17edfd01a3e92ad654106e/medium/1779954660_Logo-one.webp,https://www.communecter.org/upload/communecter/organizations/6a17edfd01a3e92ad654106e/thumb/profil-resized.png,https://www.communecter.org/#@nationalCyberSecurityOperationsCenter,1779953149,1779954657
6a1fbad05479565a286b3ea6,National KE-CIRT/CC,nationalKecirtcc,CERT/CSIRT,CERT/CSIRT,GovernmentOrganization,,,,,,"Equipe nationale de réponse aux incidents informatiques du Kenya, hébergée par la Communications Authority of Kenya.",https://ke-cirt.go.ke/,incidents@ke-cirt.go.ke,,"Communications Authority of Kenya, P.O. Box 14448, Nairobi 00800, Kenya",Nairobi,800,KE,Kenya,Kenya,-1.2890006,36.8172812,,https://www.communecter.org/upload/communecter/organizations/6a1fbad05479565a286b3ea6/faviconV2.png,https://www.communecter.org/upload/communecter/organizations/6a1fbad05479565a286b3ea6/medium/faviconV2.png,https://www.communecter.org/upload/communecter/organizations/6a1fbad05479565a286b3ea6/thumb/profil-resized.png,https://www.communecter.org/#@nationalKecirtcc,1780464336,1780464336
6a18377c4109923116640dcd,nCSIRT.MZ - CSIRT Nacional de Moçambique,ncsirtmzCsirtNacionalDeMocambique,CERT/CSIRT,CERT/CSIRT,GovernmentOrganization,,,,,,,https://ncsirt.mz/,ncsirt@ncsirt.mz,,"Rua José Mateus, No. 437, 1° Andar",Maputo,,MZ,Mozambique,Mozambique,-25.9662130,32.5674500,,,,,https://www.communecter.org/#@ncsirtmzCsirtNacionalDeMocambique,1779971964,1780033381
6a17e993bf85df2e974bc672,Sri Lanka CERT|CC,sriLankaCertcc,CERT/CSIRT,CERT/CSIRT,GovernmentOrganization,,,,,,,https://cert.gov.lk/,cert@cert.gov.lk,+94 11 269 1692,"Room 4-112, BMICH, Bauddhaloka Mawatha, Colombo 07, Sri Lanka",Colombo,,LK,Sri Lanka,Sri Lanka,6.9388614,79.8542005,,https://www.communecter.org/upload/communecter/organizations/6a17e993bf85df2e974bc672/1779954656_logo-b-1.png,https://www.communecter.org/upload/communecter/organizations/6a17e993bf85df2e974bc672/medium/1779954656_logo-b-1.png,https://www.communecter.org/upload/communecter/organizations/6a17e993bf85df2e974bc672/thumb/profil-resized.png,https://www.communecter.org/#@sriLankaCertcc,1779952019,1779954652
6a044f9e8fd2736d1001d22f,Tanzania Communications Regulatory Authority (TCRA),158,CERT/CSIRT,CERT/CSIRT,GovernmentOrganization,Sécurité Opérationnelle et Gouvernance (SOC),,,,,,https://www.tcra.go.tz/,,,"Mawasiliano Towers 20 Sam Nujoma Road, P.O Box 474",Dar es-Salam,14414,TZ,Tanzanie,Tanzania,-6.8160837,39.2803583,,https://www.communecter.org/upload/communecter/organizations/6a044f9e8fd2736d1001d22f/emblem.png,https://www.communecter.org/upload/communecter/organizations/6a044f9e8fd2736d1001d22f/medium/emblem.png,https://www.communecter.org/upload/communecter/organizations/6a044f9e8fd2736d1001d22f/thumb/profil-resized.png,https://www.communecter.org/#@158,1778667422,1780035525
697c7dbb0660483ec131a2d7,Tanzania Computer Emergency Response Team,tanzaniaComputerEmergencyResponseTeam,CERT/CSIRT,CERT/CSIRT | Sécurité Réseau,NGO,Sécurité Réseau,Auditeur de sécurité,,,,,https://www.tzcert.go.tz/contact-us,info@tzcert.go.tz,+255 22 2412009,20 Sam Nujoma Rd,Dar es-Salam,,TZ,Tanzanie,Tanzania,-6.7794497,39.2167885,CERT/CSIRT | Sécurité Réseau,https://www.communecter.org/upload/communecter/organizations/697c7dbb0660483ec131a2d7/pastedimage.png,https://www.communecter.org/upload/communecter/organizations/697c7dbb0660483ec131a2d7/medium/pastedimage.png,https://www.communecter.org/upload/communecter/organizations/697c7dbb0660483ec131a2d7/thumb/pastedimage.png,https://www.communecter.org/#@tanzaniaComputerEmergencyResponseTeam,1769766930,1769766930
6a044f9e8fd2736d1001d226,Tanzania Computer Emergency Response Team (TZ-CERT),157,CERT/CSIRT,CERT/CSIRT,GovernmentOrganization,Sécurité Opérationnelle et Gouvernance (SOC),,,,,,https://www.tzcert.go.tz/,,,"Mawasiliano Towers 20 Sam Nujoma Road, P.O Box 474",Dar es-Salam,14414,TZ,Tanzanie,Tanzania,-6.8160837,39.2803583,,https://www.communecter.org/upload/communecter/organizations/6a044f9e8fd2736d1001d226/tzcert.png,https://www.communecter.org/upload/communecter/organizations/6a044f9e8fd2736d1001d226/medium/tzcert.png,https://www.communecter.org/upload/communecter/organizations/6a044f9e8fd2736d1001d226/thumb/profil-resized.png,https://www.communecter.org/#@157,1778667422,1780035523
697c9f9486793c4f453d4e2d,TechCERT,techcert,CERT/CSIRT,CERT/CSIRT,LocalBusiness,Sécurité Réseau | Sécurité des Applications | Sécurité des Postes et Mobiles,Architecte Sécurité | Développeur Sécurisé (DevSecOps) | Incident Responder,,,,,https://www.techcert.lk/,info@techcert.lk,+94 11 422 5005,"1st Floor, Bernards Business Park Dehiwala 10350, Sri Lanka",Colombo,,LK,Sri Lanka,Sri Lanka,6.8512785,79.8659769,Entreprises(produits/solutions et services) | Sécurité des Postes et Mobiles | Sécurité des Applications | Sécurité Réseau | Organismes de formation | Architecte Sécurité | Développeur Sécurisé (DevSecOps) | Incident Responder | Laboratoires /recherche,https://www.communecter.org/upload/communecter/organizations/697c9f9486793c4f453d4e2d/1779954685_logo.png,https://www.communecter.org/upload/communecter/organizations/697c9f9486793c4f453d4e2d/medium/1779954685_logo.png,https://www.communecter.org/upload/communecter/organizations/697c9f9486793c4f453d4e2d/thumb/profil-resized.png,https://www.communecter.org/#@techcert,1769775318,1779954685
6980eb2ceb25b649f962b9b2,Australian Cyber Collaboration Centre (Aus3C),australianCyberCollaborationCentreAus3c,CERT/CSIRT | Association/ONG,CERT/CSIRT | Association/ONG,NGO,Sécurité Réseau,Analyste SOC,,,,,https://www.cybercollaboration.org.au/,,+61 8 8155 5320,adelaide,Australia Plains,,AU,Australie,Australia,-34.75374271370496,138.49390983581546,CERT/CSIRT | Association/ONG | Sécurité Réseau | Analyste SOC,https://www.communecter.org/upload/communecter/organizations/6980eb2ceb25b649f962b9b2/pastedimage.png,https://www.communecter.org/upload/communecter/organizations/6980eb2ceb25b649f962b9b2/medium/pastedimage.png,https://www.communecter.org/upload/communecter/organizations/6980eb2ceb25b649f962b9b2/thumb/pastedimage.png,https://www.communecter.org/#@australianCyberCollaborationCentreAus3c,1770056711,1770056712
6980e9cceb25b649f962b9a8,AusCERT,auscert,CERT/CSIRT | Laboratoires/recherche,CERT/CSIRT | Laboratoires /recherche,NGO,Sécurité Réseau | Sécurité Opérationnelle et Gouvernance (SOC),Architecte Sécurité,,,,,https://auscert.org.au/,,+61 (0)7 3365 4417,AUSCERT The University of Queensland Brisbane QLD 4072,Brisbane City,,AU,Australie,Australie,-27.4696454,153.0252877,CERT/CSIRT | Laboratoires /recherche | Sécurité Réseau | Sécurité Opérationnelle et Gouvernance (SOC) | Architecte Sécurité,https://www.communecter.org/upload/communecter/organizations/6980e9cceb25b649f962b9a8/pastedimage.png,https://www.communecter.org/upload/communecter/organizations/6980e9cceb25b649f962b9a8/medium/pastedimage.png,https://www.communecter.org/upload/communecter/organizations/6980e9cceb25b649f962b9a8/thumb/pastedimage.png,https://www.communecter.org/#@auscert,1770056262,1770056263
697c8decc525d8547d26363c,MoRENet CSIRT,morenetCsirt,CERT/CSIRT | Laboratoires/recherche,CERT/CSIRT | Laboratoires /recherche,NGO,Sécurité Opérationnelle et Gouvernance (SOC),Analyste SOC,,,,,https://morenet.ac.mz/,cert@morenet.ac.mz,+258 21 352800,Estrada Nacional,Maputo,,MZ,Mozambique,Mozambique,-26.6889377,32.7978446,CERT/CSIRT | Laboratoires /recherche | Sécurité Opérationnelle et Gouvernance (SOC),https://www.communecter.org/upload/communecter/organizations/697c8decc525d8547d26363c/pastedimage.png,https://www.communecter.org/upload/communecter/organizations/697c8decc525d8547d26363c/medium/pastedimage.png,https://www.communecter.org/upload/communecter/organizations/697c8decc525d8547d26363c/thumb/pastedimage.png,https://www.communecter.org/#@morenetCsirt,1769770873,1769770873
697c95ea139b0e5e4c2c255f,Cert-SC,certsc,CERT/CSIRT | Organismes de formation,CERT/CSIRT | Organismes de formation,NGO,Audit/Conseil et Conformité | Sécurité Opérationnelle et Gouvernance (SOC),Incident Responder | Analyste SOC,,,,,https://cert-sc.sc,,+2484286630,Manglier Street,Victoria,,SC,Seychelles,Seychelles,-4.6217655,55.4538746,CERT/CSIRT | Audit/Conseil et Conformité | Organismes de formation | Incident Responder | Analyste SOC | Sécurité Opérationnelle et Gouvernance (SOC),https://www.communecter.org/upload/communecter/organizations/697c95ea139b0e5e4c2c255f/1769772627_pastedimage.png,https://www.communecter.org/upload/communecter/organizations/697c95ea139b0e5e4c2c255f/medium/1769772627_pastedimage.png,https://www.communecter.org/upload/communecter/organizations/697c95ea139b0e5e4c2c255f/thumb/1769772627_pastedimage.png,https://www.communecter.org/#@certsc,1769772728,1770985085
6980f88216902b419e7455bc,National Cyber Security Agency (NCSA),nationalCyberSecurityAgencyNcsa1,CERT/CSIRT | Organismes de formation | Laboratoires/recherche | Services défense/intérieur,CERT/CSIRT | Organismes de formation | Laboratoires /recherche | Services défense/intérieur,NGO,Sécurité Réseau | Sécurité Opérationnelle et Gouvernance (SOC),RSSI (CISO) | Analyste SOC,,,,,https://hub.ncsa.gov.mv/,,,"64 Kalaafaanu Hingun, Malé 20064",Malé,,MV,Maldives,Maldives,4.1715855,73.5144735,CERT/CSIRT | Sécurité Réseau | Organismes de formation | Sécurité Opérationnelle et Gouvernance (SOC) | RSSI (CISO) | Analyste SOC | Laboratoires /recherche | Services défense/intérieur,https://www.communecter.org/upload/communecter/organizations/6980f88216902b419e7455bc/pastedimage.png,https://www.communecter.org/upload/communecter/organizations/6980f88216902b419e7455bc/medium/pastedimage.png,https://www.communecter.org/upload/communecter/organizations/6980f88216902b419e7455bc/thumb/pastedimage.png,https://www.communecter.org/#@nationalCyberSecurityAgencyNcsa1,1770060244,1771187535
69f2d4c287777f45763de336,CYBER REUNION,cyberReunion1,CERT/CSIRT | Réseaux/cluster,CERT/CSIRT | Réseaux/cluster,NGO,,Auditeur de sécurité | Incident Responder | Analyste SOC,,,,,https://www.cyber-reunion.fr/,,0262 974 999,6 rue d'Emmerez de Charmoy,SAINTE-CLOTILDE,97490,RE,La Réunion,Réunion,-20.906288,55.501802,Auditeur de sécurité | Incident Responder | Analyste SOC | CERT/CSIRT | Réseaux/cluster,https://www.communecter.org/upload/communecter/organizations/69f2d4c287777f45763de336/cyberreunionlogocropped.jpg,https://www.communecter.org/upload/communecter/organizations/69f2d4c287777f45763de336/medium/cyberreunionlogocropped.jpg,https://www.communecter.org/upload/communecter/organizations/69f2d4c287777f45763de336/thumb/cyberreunionlogocropped.jpg,https://www.communecter.org/#@cyberReunion1,1777522688,1777526883
697c9a6e8b82f94bfe3a926c,Information Communication Technology Agency (ICTA),informationCommunicationTechnologyAgencyIcta,CERT/CSIRT | Réseaux/cluster | Association/ONG,CERT/CSIRT | Réseaux/cluster | Association/ONG,NGO,Sécurité Opérationnelle et Gouvernance (SOC),Incident Responder,,,,,https://www.icta.lk/,,+94 11 236 9099,R A De Mel Mawatha,Colombo,,LK,Sri Lanka,Sri Lanka,6.8905250,79.8588415,CERT/CSIRT | Sécurité Opérationnelle et Gouvernance (SOC) | Association/ONG | Réseaux/cluster,https://www.communecter.org/upload/communecter/organizations/697c9a6e8b82f94bfe3a926c/pastedimage.png,https://www.communecter.org/upload/communecter/organizations/697c9a6e8b82f94bfe3a926c/medium/pastedimage.png,https://www.communecter.org/upload/communecter/organizations/697c9a6e8b82f94bfe3a926c/thumb/pastedimage.png,https://www.communecter.org/#@informationCommunicationTechnologyAgencyIcta,1769773834,1771187021
6996a3712a32db28bc7111c8,Australian Cyber Security Centre (ACSC),australianCyberSecurityCentreAcsc,CERT/CSIRT | Services défense/intérieur,CERT/CSIRT | Services défense/intérieur,NGO,Réponse incidents,Incident Responder | Analyste Threat Intelligence | Analyste SOC,,,,,https://www.cyber.gov.au/,,,ACT,Canberra,,AU,Australie,Australie,-35.2499858,149.1364973,CERT/CSIRT | Incident Responder | Analyste Threat Intelligence | Analyste SOC | Réponse incidents | Services défense/intérieur,https://www.communecter.org/upload/communecter/organizations/6996a3712a32db28bc7111c8/pastedimage.png,https://www.communecter.org/upload/communecter/organizations/6996a3712a32db28bc7111c8/medium/pastedimage.png,https://www.communecter.org/upload/communecter/organizations/6996a3712a32db28bc7111c8/thumb/pastedimage.png,https://www.communecter.org/#@australianCyberSecurityCentreAcsc,1771481072,1771487523
697c9719c9d06f73ff1f708f,DICT,dict,CERT/CSIRT | Services défense/intérieur,CERT/CSIRT | Services défense/intérieur,NGO,Audit/Conseil et Conformité,RSSI (CISO),,,,,https://www.ict.gov.sc,,+2484286600,Caravelle House,Victoria,,SC,Seychelles,Seychelles,-4.6212221,55.4547615,Services défense/intérieur | Audit/Conseil et Conformité | CERT/CSIRT,https://www.communecter.org/upload/communecter/organizations/697c9719c9d06f73ff1f708f/pastedimage.png,https://www.communecter.org/upload/communecter/organizations/697c9719c9d06f73ff1f708f/medium/pastedimage.png,https://www.communecter.org/upload/communecter/organizations/697c9719c9d06f73ff1f708f/thumb/pastedimage.png,https://www.communecter.org/#@dict,1769772904,1771188277
6980fb9d145ec81d8c047d23,National Centre for Information Technology (NCIT),nationalCentreForInformationTechnologyNcit,CERT/CSIRT | Structure d’accompagnement et financement,CERT/CSIRT | Structure d’accompagnement et financement,NGO,Sécurité Réseau,Analyste SOC,,,,,https://ncit.gov.mv,,,"64, Kalaafaanu Hingun, 20064",Malé,,MV,Maldives,Maldives,4.171591623337117,73.51480007171632,CERT/CSIRT | Sécurité Réseau | Analyste SOC | Structure d’accompagnement et financement,https://www.communecter.org/upload/communecter/organizations/6980fb9d145ec81d8c047d23/pastedimage.png,https://www.communecter.org/upload/communecter/organizations/6980fb9d145ec81d8c047d23/medium/pastedimage.png,https://www.communecter.org/upload/communecter/organizations/6980fb9d145ec81d8c047d23/thumb/pastedimage.png,https://www.communecter.org/#@nationalCentreForInformationTechnologyNcit,1770060947,1771187607
6a19642a5bf1852ddd799959,AAA Technologies,aaaTechnologies,Entreprises (produits/solutions et services),Entreprises(produits/solutions et services),,,,,,,"Prestataire ou éditeur de cybersécurité intervenant sur audit, gouvernance, conformité, gestion des vulnérabilités et protection des systèmes.",https://aaatechnologies.co.in,,,"278-280, F Wing, Solaris 1, Saki Vihar Road, Andheri East, Mumbai 400072, Maharashtra, India",Mumbai,,IN,Inde,India,19.0549990,72.8692035,,https://www.communecter.org/upload/communecter/organizations/6a19642a5bf1852ddd799959/faviconV2.png,https://www.communecter.org/upload/communecter/organizations/6a19642a5bf1852ddd799959/medium/faviconV2.png,https://www.communecter.org/upload/communecter/organizations/6a19642a5bf1852ddd799959/thumb/profil-resized.png,https://www.communecter.org/#@aaaTechnologies,1780048938,1780048938
6979cb41e9bd6200a64b04c5,Absec Cybersécurité,absecCybersecurite,Entreprises (produits/solutions et services),Entreprises(produits/solutions et services),NGO,,,,,,,www.absec.io,contact@absec.io,,"43 Bis Chemin Commins, La Montagne",SAINTE-CLOTILDE,97490,RE,La Réunion,Réunion,-20.8914385,55.4081465,Entreprises(produits/solutions et services),https://www.communecter.org/upload/communecter/organizations/6979cb41e9bd6200a64b04c5/LogoAbsecbleu.png,https://www.communecter.org/upload/communecter/organizations/6979cb41e9bd6200a64b04c5/medium/LogoAbsecbleu.png,https://www.communecter.org/upload/communecter/organizations/6979cb41e9bd6200a64b04c5/thumb/profil-resized.png,https://www.communecter.org/#@absecCybersecurite,1769589569,1769589569
6a1830f22fb8f27c4f1d9a56,Accenture Security Australia,accentureSecurityAustralia,Entreprises (produits/solutions et services),Entreprises(produits/solutions et services),LocalBusiness,,,,,,,https://www.accenture.com/au-en/services/cybersecurity-index,,,"161 Collins Street, Melbourne VIC 3000, Australia",Melbourne,,AU,Australie,Australia,-37.8142454,144.9631732,,,,,https://www.communecter.org/#@accentureSecurityAustralia,1779970290,1779970290
6a19657e79e0304b6b5aac28,Acquisory Consulting,acquisoryConsulting,Entreprises (produits/solutions et services),Entreprises(produits/solutions et services),,,,,,,"Cabinet de conseil offrant des prestations liées à la cybersécurité, aux risques numériques, à la conformité, à l’audit et à la protection des données.",https://acquisory.com,,,"E-20, 1st & 2nd Floor, Hauz Khas, New Delhi 110016, India",New Delhi,,IN,Inde,India,28.6138954,77.2090057,,https://www.communecter.org/upload/communecter/organizations/6a19657e79e0304b6b5aac28/faviconV2.png,https://www.communecter.org/upload/communecter/organizations/6a19657e79e0304b6b5aac28/medium/faviconV2.png,https://www.communecter.org/upload/communecter/organizations/6a19657e79e0304b6b5aac28/thumb/profil-resized.png,https://www.communecter.org/#@acquisoryConsulting,1780049278,1780049278
697cdc36ea624a530067fbb5,AcSys Networks,acsysNetworks,Entreprises (produits/solutions et services),Entreprises(produits/solutions et services) | Sécurité Réseau | Sécurité Cloud | Sécurité des postes,NGO,Sécurité Réseau | Sécurité Cloud | Sécurité des postes,Auditeur de sécurité,,,,,https://www.acsysnetworks.com/,,+94 112 514 447,"59/1, High-level Road",Colombo,,LK,Sri Lanka,Sri Lanka,6.8782974,79.8764130,Entreprises(produits/solutions et services) | Sécurité Réseau | Sécurité Cloud | Sécurité des postes,https://www.communecter.org/upload/communecter/organizations/697cdc36ea624a530067fbb5/pastedimage.png,https://www.communecter.org/upload/communecter/organizations/697cdc36ea624a530067fbb5/medium/pastedimage.png,https://www.communecter.org/upload/communecter/organizations/697cdc36ea624a530067fbb5/thumb/pastedimage.png,https://www.communecter.org/#@acsysNetworks,1769790608,1769790609
6979cb41e9bd6200a64b04ca,AGGANO,aggano,Entreprises (produits/solutions et services),Entreprises(produits/solutions et services),NGO,,,,,,,www.aggano.com,contact@aggano.com,02 62 61 25 64,14 Rue Pasteur,SAINTE-CLOTILDE,97490,RE,La Réunion,Réunion,-20.8793175,55.4496514,Entreprises(produits/solutions et services),https://www.communecter.org/upload/communecter/organizations/6979cb41e9bd6200a64b04ca/aggano.webp,https://www.communecter.org/upload/communecter/organizations/6979cb41e9bd6200a64b04ca/medium/aggano.webp,https://www.communecter.org/upload/communecter/organizations/6979cb41e9bd6200a64b04ca/thumb/profil-resized.png,https://www.communecter.org/#@aggano,1769589569,1769589569
6a1964fa79e0304b6b5aabd9,Airtel Business - Cybersecurity,airtelBusinessCybersecurity,Entreprises (produits/solutions et services),Entreprises(produits/solutions et services),,,,,,,"Grand prestataire technologique ou télécom proposant des services numériques et des offres de cybersécurité, sécurité managée, cloud et résilience.",https://airtel.in,,,"Bharti Crescent, 1 Nelson Mandela Road, Vasant Kunj, Phase II, New Delhi 110070, India",New Delhi,,IN,Inde,India,28.6138954,77.2090057,,https://www.communecter.org/upload/communecter/organizations/6a1964fa79e0304b6b5aabd9/faviconV2.png,https://www.communecter.org/upload/communecter/organizations/6a1964fa79e0304b6b5aabd9/medium/faviconV2.png,https://www.communecter.org/upload/communecter/organizations/6a1964fa79e0304b6b5aabd9/thumb/profil-resized.png,https://www.communecter.org/#@airtelBusinessCybersecurity,1780049146,1780049147
6a1fd607334b8c1a301465ae,Airtel Business Madagascar,airtelBusinessMadagascar,Entreprises (produits/solutions et services),Entreprises(produits/solutions et services),LocalBusiness,,,,,,Offres business de connectivité sécurisée disponibles à Madagascar.,https://www.airtel.co.ug/media/press_release/Airtel-Business-partners-with-Cisco-to-secure-internet-for-SMEs-in-Africa ; https://hapakenya.com/2021/11/26/airtel-business-partners-with-cisco-to-provide-internet-connections-for-smes-in-africa/ ; https://www.airtel.africa/assets/pdf/press-release/Airtel-Business-partners-with-Cisco-FR.pdf,,,,,,,,,,,,https://www.communecter.org/upload/communecter/organizations/6a1fd607334b8c1a301465ae/airtel-logo-red-text-horizontal.jpg,https://www.communecter.org/upload/communecter/organizations/6a1fd607334b8c1a301465ae/medium/airtel-logo-red-text-horizontal.jpg,https://www.communecter.org/upload/communecter/organizations/6a1fd607334b8c1a301465ae/thumb/profil-resized.png,https://www.communecter.org/#@airtelBusinessMadagascar,1780471303,1780471304
6a1fbbae3e008321fb4ca86b,Airtel Kenya,airtelKenya,Entreprises (produits/solutions et services),Entreprises(produits/solutions et services),LocalBusiness,,,,,,Opérateur télécom ; acteur d'infrastructure numérique.,https://airtelkenya.com/,,,"Nairobi, Kenya",Nairobi,,KE,Kenya,Kenya,-1.3015643,36.8128437,,https://www.communecter.org/upload/communecter/organizations/6a1fbbae3e008321fb4ca86b/faviconV2.png,https://www.communecter.org/upload/communecter/organizations/6a1fbbae3e008321fb4ca86b/medium/faviconV2.png,https://www.communecter.org/upload/communecter/organizations/6a1fbbae3e008321fb4ca86b/thumb/profil-resized.png,https://www.communecter.org/#@airtelKenya,1780464558,1780464558
698305fca100f05df374d50a,Airtel Seychelles,airtelSeychelles,Entreprises (produits/solutions et services),Entreprises(produits/solutions et services),LocalBusiness,Sécurité Cloud,Ingénieur Sécurité Cloud,,,,"Opérateur de télécommunications proposant services mobiles, haut débit, Airtel Money, connectivité et solutions entreprises.",https://www.airtel.sc/,,+2484600600,"Airtel House, Josephine Cafrine Road, Mahé, Seychelles",Victoria,,SC,Seychelles,Seychelles,-4.6232085,55.4523590,Entreprises(produits/solutions et services) | Sécurité Cloud | Ingénieur Sécurité Cloud,https://www.communecter.org/upload/communecter/organizations/698305fca100f05df374d50a/faviconV2.png,https://www.communecter.org/upload/communecter/organizations/698305fca100f05df374d50a/medium/faviconV2.png,https://www.communecter.org/upload/communecter/organizations/698305fca100f05df374d50a/thumb/profil-resized.png,https://www.communecter.org/#@airtelSeychelles,1770194666,1780058213
6a1964365bf1852ddd79995e,AKS Information Technology Services,aksInformationTechnologyServices,Entreprises (produits/solutions et services),Entreprises(produits/solutions et services),,,,,,,"Prestataire ou éditeur de cybersécurité intervenant sur audit, gouvernance, conformité, gestion des vulnérabilités et protection des systèmes.",https://aksitservices.co.in,,,"A-27, Sector 63, Noida 201301, Uttar Pradesh, India",Noida,,IN,Inde,India,28.5706333,77.3272147,,https://www.communecter.org/upload/communecter/organizations/6a1964365bf1852ddd79995e/faviconV2.png,https://www.communecter.org/upload/communecter/organizations/6a1964365bf1852ddd79995e/medium/faviconV2.png,https://www.communecter.org/upload/communecter/organizations/6a1964365bf1852ddd79995e/thumb/profil-resized.png,https://www.communecter.org/#@aksInformationTechnologyServices,1780048950,1780048951
6979cb43e9bd6200a64b04cf,AKYL,akyl,Entreprises (produits/solutions et services),Entreprises(produits/solutions et services),NGO,,,,,,,www.akyl.re,contact-reunion@akyl.re,01 76 34 10 63,"7 rue Henri Cornu, Immeuble Rodrigues II, Parc Technord",SAINTE-CLOTILDE,97490,RE,La Réunion,Réunion,-20.9051161,55.5020573,Entreprises(produits/solutions et services),https://www.communecter.org/upload/communecter/organizations/6979cb43e9bd6200a64b04cf/akyl.png,https://www.communecter.org/upload/communecter/organizations/6979cb43e9bd6200a64b04cf/medium/akyl.png,https://www.communecter.org/upload/communecter/organizations/6979cb43e9bd6200a64b04cf/thumb/profil-resized.png,https://www.communecter.org/#@akyl,1769589571,1769589571
6a19247647e2b6462263e288,ALTEL,altel,Entreprises (produits/solutions et services),Entreprises(produits/solutions et services),LocalBusiness,,,,,,,https://www.altel.co.mz/,,,,Maputo,,MZ,Mozambique,Mozambique,-25.9662130,32.5674500,,,,,https://www.communecter.org/#@altel,1780032630,1780033450
6979cb43e9bd6200a64b04d4,ALTO ENGINEERING,altoEngineering,Entreprises (produits/solutions et services),Entreprises(produits/solutions et services),NGO,,,,,,,www.alto-engineering.com,commercial@alto-engineering.com,02 62 97 99 97,"4 Rue Henri Farman, Bureau N2",SAINTE-MARIE,97438,RE,La Réunion,Réunion,-20.900161,55.55597,Entreprises(produits/solutions et services),https://www.communecter.org/upload/communecter/organizations/6979cb43e9bd6200a64b04d4/alto.png,https://www.communecter.org/upload/communecter/organizations/6979cb43e9bd6200a64b04d4/medium/alto.png,https://www.communecter.org/upload/communecter/organizations/6979cb43e9bd6200a64b04d4/thumb/profil-resized.png,https://www.communecter.org/#@altoEngineering,1769589571,1769589571
6a19658679e0304b6b5aac2d,Ankura Consulting India,ankuraConsultingIndia,Entreprises (produits/solutions et services),Entreprises(produits/solutions et services),,,,,,,"Cabinet de conseil offrant des prestations liées à la cybersécurité, aux risques numériques, à la conformité, à l’audit et à la protection des données.",https://ankura.com,,,"One BKC, C Wing, 1004, Bandra Kurla Complex, Mumbai 400051, Maharashtra, India",Mumbai,,IN,Inde,India,19.0549990,72.8692035,,https://www.communecter.org/upload/communecter/organizations/6a19658679e0304b6b5aac2d/faviconV2.png,https://www.communecter.org/upload/communecter/organizations/6a19658679e0304b6b5aac2d/medium/faviconV2.png,https://www.communecter.org/upload/communecter/organizations/6a19658679e0304b6b5aac2d/thumb/profil-resized.png,https://www.communecter.org/#@ankuraConsultingIndia,1780049286,1780049286
6979cb46e9bd6200a64b04de,Antiane,antiane,Entreprises (produits/solutions et services),Entreprises(produits/solutions et services),NGO,,,,,,,www.antiane.com,commercial@antiane.com,06 92 25 05 80,2 Rue Albert Lougnon,SAINTE-CLOTILDE,97490,RE,La Réunion,Réunion,-20.9040875,55.4986482,Entreprises(produits/solutions et services),https://www.communecter.org/upload/communecter/organizations/6979cb46e9bd6200a64b04de/antiane.png,https://www.communecter.org/upload/communecter/organizations/6979cb46e9bd6200a64b04de/medium/antiane.png,https://www.communecter.org/upload/communecter/organizations/6979cb46e9bd6200a64b04de/thumb/profil-resized.png,https://www.communecter.org/#@antiane,1769589574,1769589574
6979cb48e9bd6200a64b04e3,API OI,apiOi,Entreprises (produits/solutions et services),Entreprises(produits/solutions et services),NGO,,,,,,,api-oi.re,cyber@api-oi.re,02 62 66 70 71,14 Rue Pierre Aubert,SAINTE-CLOTILDE,97490,RE,La Réunion,Réunion,-20.8935970,55.4959574,Entreprises(produits/solutions et services),https://www.communecter.org/upload/communecter/organizations/6979cb48e9bd6200a64b04e3/APIOI-Cyber.jpg,https://www.communecter.org/upload/communecter/organizations/6979cb48e9bd6200a64b04e3/medium/APIOI-Cyber.jpg,https://www.communecter.org/upload/communecter/organizations/6979cb48e9bd6200a64b04e3/thumb/profil-resized.png,https://www.communecter.org/#@apiOi,1769589576,1769589576
6a1988937dd31c460b1386fd,Appleby Seychelles - Privacy & Data Protection,applebySeychellesPrivacyAmpDataProtection,Entreprises (produits/solutions et services),Entreprises(produits/solutions et services),LocalBusiness,,,,,,"Cabinet d’avocats offshore international conseillant aux Seychelles, notamment en droit des sociétés, finance, réglementation et protection des données.",https://www.applebyglobal.com/locations/seychelles/,,,"Suite 202, 2nd Floor, Eden Plaza, Eden Island, Mahé, P.O. Box 1352, Seychelles",Victoria,,SC,Seychelles,Seychelles,-4.6232085,55.4523590,,https://www.communecter.org/upload/communecter/organizations/6a1988937dd31c460b1386fd/faviconV2.png,https://www.communecter.org/upload/communecter/organizations/6a1988937dd31c460b1386fd/medium/faviconV2.png,https://www.communecter.org/upload/communecter/organizations/6a1988937dd31c460b1386fd/thumb/profil-resized.png,https://www.communecter.org/#@applebySeychellesPrivacyAmpDataProtection,1780058259,1780058259
6a1fbb710a84015a02076c19,Applied Principles Ltd - Kenya,appliedPrinciplesLtdKenya,Entreprises (produits/solutions et services),Entreprises(produits/solutions et services),LocalBusiness,,,,,,"Cabinet kenyan de sécurité de l'information, audit IT et investigations numériques.",https://appliedprinciples.co.ke/,info@appliedprinciples.co.ke,,"Rhapta Heights 4th Floor, Rhapta Road, Westlands, Nairobi, Kenya",Nairobi,,KE,Kenya,Kenya,-1.2890006,36.8172812,,https://www.communecter.org/upload/communecter/organizations/6a1fbb710a84015a02076c19/faviconV2.png,https://www.communecter.org/upload/communecter/organizations/6a1fbb710a84015a02076c19/medium/faviconV2.png,https://www.communecter.org/upload/communecter/organizations/6a1fbb710a84015a02076c19/thumb/profil-resized.png,https://www.communecter.org/#@appliedPrinciplesLtdKenya,1780464497,1780464497
6a19637f33a0b60fa1680548,Appsecco,appsecco,Entreprises (produits/solutions et services),Entreprises(produits/solutions et services),,,,,,,"Société spécialisée en sécurité offensive, tests d’intrusion, audits applicatifs, recherche de vulnérabilités et formation technique.",https://appsecco.com,,,"91springboard, 45/3, Gopalakrishna Complex, Residency Road, Bengaluru 560025, Karnataka, India",Bangalore,,IN,Inde,India,12.9767936,77.5900820,,https://www.communecter.org/upload/communecter/organizations/6a19637f33a0b60fa1680548/faviconV2.png,https://www.communecter.org/upload/communecter/organizations/6a19637f33a0b60fa1680548/medium/faviconV2.png,https://www.communecter.org/upload/communecter/organizations/6a19637f33a0b60fa1680548/thumb/profil-resized.png,https://www.communecter.org/#@appsecco,1780048767,1780048767
6a17f42993f0f5556a028a5b,APTS,apts,Entreprises (produits/solutions et services),Entreprises(produits/solutions et services),LocalBusiness,,,,,,,https://apts.lk/,info@apts.lk,+94 112 375 656,"422/3, Galle Road, Colombo 3, Sri Lanka",Colombo,,LK,Sri Lanka,Sri Lanka,6.9388614,79.8542005,,https://www.communecter.org/upload/communecter/organizations/6a17f42993f0f5556a028a5b/APTS.png,https://www.communecter.org/upload/communecter/organizations/6a17f42993f0f5556a028a5b/medium/APTS.png,https://www.communecter.org/upload/communecter/organizations/6a17f42993f0f5556a028a5b/thumb/profil-resized.png,https://www.communecter.org/#@apts,1779954729,1779954732
6a1831d9cfd5c632b763e2fb,ArchTIS,archtis,Entreprises (produits/solutions et services),Entreprises(produits/solutions et services),LocalBusiness,,,,,,,https://www.archtis.com/,,,"archTIS, Level 3, 10 National Circuit, Barton ACT 2600, Australia",Canberra,,AU,Australie,Australia,-35.2975906,149.1012676,,,,,https://www.communecter.org/#@archtis,1779970521,1779970521
6a1fd64b334b8c1a301465c2,ASA Security Services,asaSecurityServices,Entreprises (produits/solutions et services),Entreprises(produits/solutions et services),LocalBusiness,,,,,,Prestataire international de conseil cybersécurité/GRC accessible aux entreprises.,https://asa-securityservices.com/services/it-cybersecuritysolutions/,,,,,,,,,,,,https://www.communecter.org/upload/communecter/organizations/6a1fd64b334b8c1a301465c2/ASAlogo1.png,https://www.communecter.org/upload/communecter/organizations/6a1fd64b334b8c1a301465c2/medium/ASAlogo1.png,https://www.communecter.org/upload/communecter/organizations/6a1fd64b334b8c1a301465c2/thumb/profil-resized.png,https://www.communecter.org/#@asaSecurityServices,1780471371,1780471371
697b27dde0442b0a791632ae,Ascentrix Consulting,ascentrixConsulting,Entreprises (produits/solutions et services),Entreprises(produits/solutions et services),NGO,Conseil cybersécurité & protection des données,,,,,,,admin@ascentrixconsulting.com,,"Suite 208, Floor 2 The Catalyst Building Silicon Ave Ebene Cybercity MU, 72201, Maurice",Quatre Bornes,72201,MU,Maurice,,,,Entreprises(produits/solutions et services),https://www.communecter.org/upload/communecter/organizations/697b27dde0442b0a791632ae/ascentek.jpg,https://www.communecter.org/upload/communecter/organizations/697b27dde0442b0a791632ae/medium/ascentek.jpg,https://www.communecter.org/upload/communecter/organizations/697b27dde0442b0a791632ae/thumb/profil-resized.png,https://www.communecter.org/#@ascentrixConsulting,1769678813,1769678813
6a1fd590334b8c1a301465a1,Astek Madagascar,astekMadagascar,Entreprises (produits/solutions et services),Entreprises(produits/solutions et services),LocalBusiness,,,,,,Société IT proposant une offre infrastructure et cybersécurité.,https://www.astek.mg/our-offers/,,,,,,,,,,,,https://www.communecter.org/upload/communecter/organizations/6a1fd590334b8c1a301465a1/logomadagascar-1.png,https://www.communecter.org/upload/communecter/organizations/6a1fd590334b8c1a301465a1/medium/logomadagascar-1.png,https://www.communecter.org/upload/communecter/organizations/6a1fd590334b8c1a301465a1/thumb/profil-resized.png,https://www.communecter.org/#@astekMadagascar,1780471184,1780471186
6a19640e33a0b60fa1680594,Astra Security,astraSecurity,Entreprises (produits/solutions et services),Entreprises(produits/solutions et services),,,,,,,"Société spécialisée en sécurité offensive, tests d’intrusion, audits applicatifs, recherche de vulnérabilités et formation technique.",https://getastra.com,,,,,,,,,,,,https://www.communecter.org/upload/communecter/organizations/6a19640e33a0b60fa1680594/faviconV2.jpg,https://www.communecter.org/upload/communecter/organizations/6a19640e33a0b60fa1680594/medium/faviconV2.jpg,https://www.communecter.org/upload/communecter/organizations/6a19640e33a0b60fa1680594/thumb/profil-resized.png,https://www.communecter.org/#@astraSecurity,1780048910,1780048911
6a19884d93d3e12c4c29a9b5,Astrill VPN,astrillVpn,Entreprises (produits/solutions et services),Entreprises(produits/solutions et services),LocalBusiness,,,,,,Service de réseau privé virtuel proposant des applications VPN et des solutions de confidentialité en ligne pour particuliers et entreprises.,https://www.astrill.com/,,,Seychelles — adresse postale publique complète non identifiée,Victoria,,SC,Seychelles,Seychelles,-4.6232085,55.4523590,,https://www.communecter.org/upload/communecter/organizations/6a19884d93d3e12c4c29a9b5/faviconV2.jpg,https://www.communecter.org/upload/communecter/organizations/6a19884d93d3e12c4c29a9b5/medium/faviconV2.jpg,https://www.communecter.org/upload/communecter/organizations/6a19884d93d3e12c4c29a9b5/thumb/profil-resized.png,https://www.communecter.org/#@astrillVpn,1780058189,1780058190
697c9b728b82f94bfe3a927b,ATHSec,athsec,Entreprises (produits/solutions et services),Entreprises(produits/solutions et services),LocalBusiness,Cybersécurité Offensive (Pentest),Consultant GRC | Incident Responder | Pentester,,,,,https://athsec.co/,,+258 82 09 13 596,,Maputo,,MZ,Mozambique,Mozambique,-25.9662130,32.5674500,Entreprises(produits/solutions et services) | Cybersécurité Offensive (Pentest),https://www.communecter.org/upload/communecter/organizations/697c9b728b82f94bfe3a927b/pastedimage.png,https://www.communecter.org/upload/communecter/organizations/697c9b728b82f94bfe3a927b/medium/pastedimage.png,https://www.communecter.org/upload/communecter/organizations/697c9b728b82f94bfe3a927b/thumb/pastedimage.png,https://www.communecter.org/#@athsec,1769774077,1780033434
6979cb49e9bd6200a64b04e8,Atos France,atosFrance,Entreprises (produits/solutions et services),Entreprises(produits/solutions et services),NGO,,,,,,,atos.net/fr,jerome.lauriol@atos.net,02 62 94 29 99,11 Chemin Grand Canal,SAINTE-CLOTILDE,97490,RE,La Réunion,Réunion,-20.9036761,55.4991138,Entreprises(produits/solutions et services),https://www.communecter.org/upload/communecter/organizations/6979cb49e9bd6200a64b04e8/atos.jpeg,https://www.communecter.org/upload/communecter/organizations/6979cb49e9bd6200a64b04e8/medium/atos.jpeg,https://www.communecter.org/upload/communecter/organizations/6979cb49e9bd6200a64b04e8/thumb/profil-resized.png,https://www.communecter.org/#@atosFrance,1769589577,1769589577
697f58040c9c541cce189f98,Aujas Cybersecurity (NuSummit),aujasCybersecurityNusummit,Entreprises (produits/solutions et services),Entreprises(produits/solutions et services) | Sécurité Cloud | Sécurité Opérationnelle et Gouvernance (SOC),NGO,Sécurité Cloud | Sécurité Opérationnelle et Gouvernance (SOC),Consultant GRC | Analyste SOC,,,,,https://cybersecurity.nusummit.com/,,,Bangalore,Mumbai,,IN,Inde,Inde,18.4817087,73.8016688,Entreprises(produits/solutions et services) | Sécurité Cloud | Sécurité Opérationnelle et Gouvernance (SOC),https://www.communecter.org/upload/communecter/organizations/697f58040c9c541cce189f98/pastedimage.png,https://www.communecter.org/upload/communecter/organizations/697f58040c9c541cce189f98/medium/pastedimage.png,https://www.communecter.org/upload/communecter/organizations/697f58040c9c541cce189f98/thumb/pastedimage.png,https://www.communecter.org/#@aujasCybersecurityNusummit,1769953344,1769953516
6a19644f5bf1852ddd79996d,Auriseg Consulting,aurisegConsulting,Entreprises (produits/solutions et services),Entreprises(produits/solutions et services),,,,,,,"Organisation intervenant dans l’écosystème indien de cybersécurité : services, conseil, formation, innovation ou appui à la sécurité numérique.",https://auriseg.com,,,"Bengaluru, Karnataka, India — adresse postale publique complète non identifiée",Bangalore,,IN,Inde,India,12.9767936,77.5900820,,https://www.communecter.org/upload/communecter/organizations/6a19644f5bf1852ddd79996d/faviconV2.png,https://www.communecter.org/upload/communecter/organizations/6a19644f5bf1852ddd79996d/medium/faviconV2.png,https://www.communecter.org/upload/communecter/organizations/6a19644f5bf1852ddd79996d/thumb/profil-resized.png,https://www.communecter.org/#@aurisegConsulting,1780048975,1780048975
6979cb4ae9bd6200a64b04ed,AVANT-GARDE OUTRE MER,avantgardeOutreMer,Entreprises (produits/solutions et services),Entreprises(produits/solutions et services),NGO,,,,,,,avantgarde-dom.com,projet@avantgarde-dom.com,06 92 68 29 46,16 rue Louis Jessu dit Ti ting,SAINTE-CLOTILDE,97490,RE,La Réunion,Réunion,-20.8877026,55.4784872,Entreprises(produits/solutions et services),https://www.communecter.org/upload/communecter/organizations/6979cb4ae9bd6200a64b04ed/avant.jpeg,https://www.communecter.org/upload/communecter/organizations/6979cb4ae9bd6200a64b04ed/medium/avant.jpeg,https://www.communecter.org/upload/communecter/organizations/6979cb4ae9bd6200a64b04ed/thumb/profil-resized.png,https://www.communecter.org/#@avantgardeOutreMer,1769589578,1769589578
6979cb45e9bd6200a64b04d9,AVEOLYS,aveolys,Entreprises (produits/solutions et services),Entreprises(produits/solutions et services),NGO,,,,,,,www.aveo-group.com,info@aveolys.com,02 62 15 00 11,97 Chemin Belle Vue,LES AVIRONS,97425,RE,La Réunion,Réunion,-21.244098,55.3534007,Entreprises(produits/solutions et services),https://www.communecter.org/upload/communecter/organizations/6979cb45e9bd6200a64b04d9/aveo.jpeg,https://www.communecter.org/upload/communecter/organizations/6979cb45e9bd6200a64b04d9/medium/aveo.jpeg,https://www.communecter.org/upload/communecter/organizations/6979cb45e9bd6200a64b04d9/thumb/profil-resized.png,https://www.communecter.org/#@aveolys,1769589573,1769589573
6a1831bccfd5c632b763e2e6,Avertro,avertro,Entreprises (produits/solutions et services),Entreprises(produits/solutions et services),LocalBusiness,,,,,,,https://www.avertro.com/,,,Adresse postale non publiée ; contact via site officiel Avertro.,Sydney,2000,AU,Australie,Australia,-33.8698439,151.2082848,,,,,https://www.communecter.org/#@avertro,1779970492,1779970492
6a1fd5df2fc1725be9307ed9,AXIAN Telecom / Yas Madagascar,axianTelecomYasMadagascar,Entreprises (produits/solutions et services),Entreprises(produits/solutions et services),LocalBusiness,,,,,,Opérateur/groupe télécom déployant des offres de connectivité sécurisée.,https://www.axian-telecom.com/2025/11/03/axian-telecom-deploys-cisco-technology-to-deliver-next-generation-secure-connectivity/ ; https://africabusinesscommunities.com/tech-24/axian-telecom-partners-with-cisco-to-power-secure-digital-growth-across-africa/,,,,,,,,,,,,https://www.communecter.org/upload/communecter/organizations/6a1fd5df2fc1725be9307ed9/Logo-Axian.png,https://www.communecter.org/upload/communecter/organizations/6a1fd5df2fc1725be9307ed9/medium/Logo-Axian.png,https://www.communecter.org/upload/communecter/organizations/6a1fd5df2fc1725be9307ed9/thumb/profil-resized.png,https://www.communecter.org/#@axianTelecomYasMadagascar,1780471263,1780471263
6a183188cfd5c632b763e2bf,BAE Systems Digital Intelligence Australia,baeSystemsDigitalIntelligenceAustralia,Entreprises (produits/solutions et services),Entreprises(produits/solutions et services),LocalBusiness,,,,,,,https://www.baesystems.com/en/cybersecurity/home,,,"BAE Systems Australia, 80 Flinders Street, Adelaide SA 5000, Australia",Adélaïde,,AU,Australie,Australia,-34.9281805,138.5999312,,,,,https://www.communecter.org/#@baeSystemsDigitalIntelligenceAustralia,1779970440,1779970440
6a04512566ce880a8c52c2a8,Balton Tanzania,baltonTanzania,Entreprises (produits/solutions et services),Entreprises(produits/solutions et services),LocalBusiness,Sécurité Opérationnelle et Gouvernance (SOC),,,,,,https://baltoncp.com/tanzania/,,,"Plot 336, Block A, Lower Ngaramtoni, Dodoma Road, P.O. Box 14666, Arusha, Tanzania",Arusha,,TZ,Tanzanie,Tanzania,-3.3696827,36.6880794,,https://www.communecter.org/upload/communecter/organizations/6a04512566ce880a8c52c2a8/faviconV2.png,https://www.communecter.org/upload/communecter/organizations/6a04512566ce880a8c52c2a8/medium/faviconV2.png,https://www.communecter.org/upload/communecter/organizations/6a04512566ce880a8c52c2a8/thumb/profil-resized.png,https://www.communecter.org/#@baltonTanzania,1778667813,1780035567
697c9fa71d91e2322b460408,BCX Mozambique,bcxMozambique,Entreprises (produits/solutions et services),Entreprises(produits/solutions et services) | Sécurité Cloud | Sécurité de l'IdO (IoT),NGO,Sécurité Cloud | Sécurité de l'IdO (IoT),Consultant GRC | Auditeur de sécurité | Analyste SOC | Pentester | Architecte Sécurité,,,,,https://www.bcx.co.za/our-offices/mozambique/,,+258 21 360 233,Av. Mártires da Machava,Maputo,,MZ,Mozambique,Mozambique,-25.9676513,32.5937321,Entreprises(produits/solutions et services) | Sécurité Cloud | Sécurité de l'IdO (IoT),https://www.communecter.org/upload/communecter/organizations/697c9fa71d91e2322b460408/pastedimage.png,https://www.communecter.org/upload/communecter/organizations/697c9fa71d91e2322b460408/medium/pastedimage.png,https://www.communecter.org/upload/communecter/organizations/697c9fa71d91e2322b460408/thumb/pastedimage.png,https://www.communecter.org/#@bcxMozambique,1769775139,1769775140
6a1fbc043e008321fb4ca88e,BDO East Africa Kenya,bdoEastAfricaKenya,Entreprises (produits/solutions et services),Entreprises(produits/solutions et services),LocalBusiness,,,,,,"Cabinet d'audit/conseil, acteur possible sur gouvernance IT et assurance.",https://www.bdo-ea.com/,,,"Nairobi, Kenya",Nairobi,,KE,Kenya,Kenya,-1.3015643,36.8128437,,https://www.communecter.org/upload/communecter/organizations/6a1fbc043e008321fb4ca88e/faviconV2.png,https://www.communecter.org/upload/communecter/organizations/6a1fbc043e008321fb4ca88e/medium/faviconV2.png,https://www.communecter.org/upload/communecter/organizations/6a1fbc043e008321fb4ca88e/thumb/profil-resized.png,https://www.communecter.org/#@bdoEastAfricaKenya,1780464644,1780464645
6a17f55901c23906f63a19f7,BDO IT Consulting Mauritius,bdoItConsultingMauritius,Entreprises (produits/solutions et services),Entreprises(produits/solutions et services),LocalBusiness,,,,,,Cabinet de conseil/audit proposant des services de cybersécurité et conformité.,https://www.bdo.mu/en-gb/services/bdo-it-consulting/cyber-security,,,,Port-Louis,,MU,Maurice,Mauritius,-20.1637281,57.5045331,,https://www.communecter.org/upload/communecter/organizations/6a17f55901c23906f63a19f7/bdologocolor.png,https://www.communecter.org/upload/communecter/organizations/6a17f55901c23906f63a19f7/medium/bdologocolor.png,https://www.communecter.org/upload/communecter/organizations/6a17f55901c23906f63a19f7/thumb/profil-resized.png,https://www.communecter.org/#@bdoItConsultingMauritius,1779955033,1779955033
6a1964825bf1852ddd79998b,BE4BREACH,be4breach,Entreprises (produits/solutions et services),Entreprises(produits/solutions et services),,,,,,,"Organisation intervenant dans l’écosystème indien de cybersécurité : services, conseil, formation, innovation ou appui à la sécurité numérique.",https://be4breach.com,,,,,,,,,,,,https://www.communecter.org/upload/communecter/organizations/6a1964825bf1852ddd79998b/faviconV2.png,https://www.communecter.org/upload/communecter/organizations/6a1964825bf1852ddd79998b/medium/faviconV2.png,https://www.communecter.org/upload/communecter/organizations/6a1964825bf1852ddd79998b/thumb/profil-resized.png,https://www.communecter.org/#@be4breach,1780049026,1780049027
6a17f5ef9bcf4377536c449a,BeReady.mu - Network and Cybersecurity Solutions,bereadymuNetworkAndCybersecuritySolutions,Entreprises (produits/solutions et services),Entreprises(produits/solutions et services),LocalBusiness,,,,,,Plateforme listant des experts cybersécurité à Maurice.,https://beready.mu/en/categorie/network-and-cybersecurity-solutions/cybersecurity-solutions/,,,,Port-Louis,,MU,Maurice,Mauritius,-20.1637281,57.5045331,,https://www.communecter.org/upload/communecter/organizations/6a17f5ef9bcf4377536c449a/LOGO-TRANSPARENT-1-1024x656-2.png,https://www.communecter.org/upload/communecter/organizations/6a17f5ef9bcf4377536c449a/medium/LOGO-TRANSPARENT-1-1024x656-2.png,https://www.communecter.org/upload/communecter/organizations/6a17f5ef9bcf4377536c449a/thumb/profil-resized.png,https://www.communecter.org/#@bereadymuNetworkAndCybersecuritySolutions,1779955183,1779955184
697b42800b31a9171578bf70,BIRGER,birger,Entreprises (produits/solutions et services),Entreprises(produits/solutions et services),LocalBusiness,Cyber défense & cybersecurity consulting,,,,,,,b_contacted@birger.com,+230 202 0200,Maurice Martin Street / 18 Jules Koenig Street,Curepipe,,MU,Maurice,Maurice,-20.314103242874022,57.52031564712525,Entreprises(produits/solutions et services),https://www.communecter.org/upload/communecter/organizations/697b42800b31a9171578bf70/pastedimage.png,https://www.communecter.org/upload/communecter/organizations/697b42800b31a9171578bf70/medium/pastedimage.png,https://www.communecter.org/upload/communecter/organizations/697b42800b31a9171578bf70/thumb/profil-resized.png,https://www.communecter.org/#@birger,1769686015,1769686015
6a17f79c4827993828352118,BIRGER.,birger1,Entreprises (produits/solutions et services),Entreprises(produits/solutions et services),LocalBusiness,,,,,,Intégrateur et fournisseur de services managés de cybersécurité dans l’océan Indien et Afrique.,https://www.birger.technology,,,,,,,,,,,,https://www.communecter.org/upload/communecter/organizations/6a17f79c4827993828352118/logobirgerblack.png,https://www.communecter.org/upload/communecter/organizations/6a17f79c4827993828352118/medium/logobirgerblack.png,https://www.communecter.org/upload/communecter/organizations/6a17f79c4827993828352118/thumb/profil-resized.png,https://www.communecter.org/#@birger1,1779955612,1779955612
6a19639933a0b60fa168055a,BluSapphire,blusapphire,Entreprises (produits/solutions et services),Entreprises(produits/solutions et services),,,,,,,"Entreprise de cybersécurité proposant surveillance des menaces, détection, réponse, sécurité réseau ou services de sécurité managée.",https://blusapphire.com,,,"Plot No. 8-2-293/82/A/1131, Road No. 36, Jubilee Hills, Hyderabad 500033, Telangana, India",Hyderabad,,IN,Inde,India,17.3605890,78.4740613,,https://www.communecter.org/upload/communecter/organizations/6a19639933a0b60fa168055a/faviconV2.png,https://www.communecter.org/upload/communecter/organizations/6a19639933a0b60fa168055a/medium/faviconV2.png,https://www.communecter.org/upload/communecter/organizations/6a19639933a0b60fa168055a/thumb/profil-resized.png,https://www.communecter.org/#@blusapphire,1780048793,1780048794
6a1831ffcfd5c632b763e316,Borderless CS,borderlessCs,Entreprises (produits/solutions et services),Entreprises(produits/solutions et services),LocalBusiness,,,,,,,https://borderlesscs.com.au/,,,,,,,,,,,,,,,https://www.communecter.org/#@borderlessCs,1779970559,1779970560
697a011928cfbb16143f4e99,C Ahead Technologies,cAheadTechnologies,Entreprises (produits/solutions et services),Entreprises(produits/solutions et services),LocalBusiness,Sécurité Cloud,Ingénieur Sécurité Cloud,,,,services IT avec cybersécurité,https://www.cahead.com/press-releases/,rsa@cahead.com,+27 100351390,140 west street,Sandton,,ZA,Afrique du Sud,Afrique du Sud,-26.0882060,28.0797214,CyberSecurity | Sécurité Cloud | Ingénieur Sécurité Cloud,https://www.communecter.org/upload/communecter/organizations/697a011928cfbb16143f4e99/pastedimage.png,https://www.communecter.org/upload/communecter/organizations/697a011928cfbb16143f4e99/medium/pastedimage.png,https://www.communecter.org/upload/communecter/organizations/697a011928cfbb16143f4e99/thumb/profil-resized.png,https://www.communecter.org/#@cAheadTechnologies,1769603547,1769764963
69830204fdada52b2a0b7777,Cable & Wireless Seychelles,cableAmpWirelessSeychelles,Entreprises (produits/solutions et services),Entreprises(produits/solutions et services),NGO,Sécurité Réseau,Architecte Sécurité,,,,,https://www.cwseychelles.com,,+2484284000,Francis Rachel Street,Victoria,,SC,Seychelles,Seychelles,-4.6258689,55.4536952,Entreprises(produits/solutions et services) | Sécurité Réseau | Architecte Sécurité,https://www.communecter.org/upload/communecter/organizations/69830204fdada52b2a0b7777/sample-1.png,https://www.communecter.org/upload/communecter/organizations/69830204fdada52b2a0b7777/medium/sample-1.png,https://www.communecter.org/upload/communecter/organizations/69830204fdada52b2a0b7777/thumb/sample-1.png,https://www.communecter.org/#@cableAmpWirelessSeychelles,1770194402,1770194402
6a19885c93d3e12c4c29a9ba,Cable & Wireless Seychelles (CWS),cableAmpWirelessSeychellesCws,Entreprises (produits/solutions et services),Entreprises(produits/solutions et services),LocalBusiness,,,,,,"Opérateur télécom fournissant connectivité mobile, Internet, fibre, services entreprises et solutions numériques aux Seychelles.",https://www.cwseychelles.com/,,,"Cable & Wireless (Seychelles) Ltd, Rue de la Possession, P.O. Box 4, Victoria, Mahé, Seychelles",Victoria,,SC,Seychelles,Seychelles,-4.6232085,55.4523590,,https://www.communecter.org/upload/communecter/organizations/6a19885c93d3e12c4c29a9ba/faviconV2.png,https://www.communecter.org/upload/communecter/organizations/6a19885c93d3e12c4c29a9ba/medium/faviconV2.png,https://www.communecter.org/upload/communecter/organizations/6a19885c93d3e12c4c29a9ba/thumb/profil-resized.png,https://www.communecter.org/#@cableAmpWirelessSeychellesCws,1780058204,1780058205
697c90e65bbb29535d41c2c2,CATS Tanzania Limited,catsTanzaniaLimited,Entreprises (produits/solutions et services),Entreprises(produits/solutions et services) | Sécurité Réseau,NGO,Sécurité Réseau,Développeur Sécurisé (DevSecOps),,,,,http://www.catsgroup.co.tz/,sales@catsgroup.co.tz,+255 22 213 7915,"16th Floor, RITA Tower Makunganya / Simu Street",Dar es-Salam,,TZ,Tanzanie,Tanzanie,-6.8162540,39.2880427,Entreprises(produits/solutions et services) | Sécurité Réseau,https://www.communecter.org/upload/communecter/organizations/697c90e65bbb29535d41c2c2/pastedimage.png,https://www.communecter.org/upload/communecter/organizations/697c90e65bbb29535d41c2c2/medium/pastedimage.png,https://www.communecter.org/upload/communecter/organizations/697c90e65bbb29535d41c2c2/thumb/pastedimage.png,https://www.communecter.org/#@catsTanzaniaLimited,1769771326,1769771326
6979cb4be9bd6200a64b04f2,CD-PRO & Marcel GUERY,cdproAmpMarcelGuery,Entreprises (produits/solutions et services),Entreprises(produits/solutions et services),NGO,,,,,,,www.cd-pro.fr,contact@cd-pro.fr,09 73 89 61 87,5 Rue des Pampres,ST JULIEN DE CONCELLES,44450,FR,France,France,47.2596329,-1.3594199,Entreprises(produits/solutions et services),https://www.communecter.org/upload/communecter/organizations/6979cb4be9bd6200a64b04f2/cd-pro.png,https://www.communecter.org/upload/communecter/organizations/6979cb4be9bd6200a64b04f2/medium/cd-pro.png,https://www.communecter.org/upload/communecter/organizations/6979cb4be9bd6200a64b04f2/thumb/profil-resized.png,https://www.communecter.org/#@cdproAmpMarcelGuery,1769589579,1769589579
6a1fbcb10a84015a02076c4b,Central Information System International Kenya,centralInformationSystemInternationalKenya,Entreprises (produits/solutions et services),Entreprises(produits/solutions et services),LocalBusiness,,,,,,Acteur référencé dans l'écosystème cyber kenyan.,,,,Kenya,Nairobi,,KE,Kenya,Kenya,-1.3122180,36.8068773,,,,,https://www.communecter.org/#@centralInformationSystemInternationalKenya,1780464817,1780464817
6979cb4de9bd6200a64b04f7,CF CYBER,cfCyber,Entreprises (produits/solutions et services),Entreprises(produits/solutions et services),NGO,,,,,,,cfcyber.fr,thibaud.durville@cfcyber.fr,06 93 54 54 33,"14 Rue Jules Thirel, Centre d'Affaires Savanna, Bât A Num 8",SAINT-PAUL,97460,RE,La Réunion,Réunion,-21.04896,55.268742,Entreprises(produits/solutions et services),https://www.communecter.org/upload/communecter/organizations/6979cb4de9bd6200a64b04f7/cf-cyber.png,https://www.communecter.org/upload/communecter/organizations/6979cb4de9bd6200a64b04f7/medium/cf-cyber.png,https://www.communecter.org/upload/communecter/organizations/6979cb4de9bd6200a64b04f7/thumb/profil-resized.png,https://www.communecter.org/#@cfCyber,1769589581,1769589581
6a17f589854a0c26c50d3938,Charistech Solution Ltd,charistechSolutionLtd,Entreprises (produits/solutions et services),Entreprises(produits/solutions et services),LocalBusiness,,,,,,Prestataire IT et cybersécurité pour PME.,https://charistech.mu,info@charistech.mu,,"17 Emile Pitot Street, Curepipe, Mauritius",Curepipe,,MU,Maurice,Mauritius,-20.3150516,57.5211497,,https://www.communecter.org/upload/communecter/organizations/6a17f589854a0c26c50d3938/chatgpt-image-oct-29-2025-033953-pm-ALp2ag3bzBc4bP7j.png,https://www.communecter.org/upload/communecter/organizations/6a17f589854a0c26c50d3938/medium/chatgpt-image-oct-29-2025-033953-pm-ALp2ag3bzBc4bP7j.png,https://www.communecter.org/upload/communecter/organizations/6a17f589854a0c26c50d3938/thumb/profil-resized.png,https://www.communecter.org/#@charistechSolutionLtd,1779955081,1779955082
6a18314dcfd5c632b763e295,Check Point Software Australia,checkPointSoftwareAustralia,Entreprises (produits/solutions et services),Entreprises(produits/solutions et services),LocalBusiness,,,,,,,https://www.checkpoint.com/about-us/contact-us/australia/,,,"Check Point Software Technologies Australia, Level 29, 2 Chifley Square, Sydney NSW 2000, Australia",Sydney,2000,AU,Australie,Australia,-33.8698439,151.2082848,,,,,https://www.communecter.org/#@checkPointSoftwareAustralia,1779970381,1779970381
697cb6635e14c8091353bcc3,CICRA Consultancies,cicraConsultancies,Entreprises (produits/solutions et services),Entreprises(produits/solutions et services),LocalBusiness,Sécurité Opérationnelle et Gouvernance (SOC),Auditeur de sécurité,,,,,https://consultancies.cicra.lk/,,+94 718800871 | +94 71 880 0871,"No. 1004A, 8th Floor, Unity Plaza, Galle Road, Colombo 04, Sri Lanka",Colombo,,LK,Sri Lanka,Sri Lanka,6.9388614,79.8542005,Entreprises(produits/solutions et services) | Sécurité Opérationnelle et Gouvernance (SOC),https://www.communecter.org/upload/communecter/organizations/697cb6635e14c8091353bcc3/cicraconsultancieslogo.jpg,https://www.communecter.org/upload/communecter/organizations/697cb6635e14c8091353bcc3/medium/cicraconsultancieslogo.jpg,https://www.communecter.org/upload/communecter/organizations/697cb6635e14c8091353bcc3/thumb/profil-resized.png,https://www.communecter.org/#@cicraConsultancies,1769784445,1779954687
697c885f123ceb479b0cdfd1,Cipher,cipher,Entreprises (produits/solutions et services),Entreprises(produits/solutions et services),NGO,Sécurité Réseau | Sécurité des Applications | Sécurité des Postes et Mobiles,Architecte Sécurité | Ingénieur Sécurité Cloud | Développeur Sécurisé (DevSecOps),,,,,https://cipher.co.tz/,support@cipher.co.tz,+255736000722,Sayansi,Dar es-Salam,,TZ,Tanzanie,Tanzanie,-6.7735480,39.2387566,Réseaux/cluster | Entreprises(produits/solutions et services) | Sécurité des Applications | Sécurité Réseau | Sécurité des Postes et Mobiles,https://www.communecter.org/upload/communecter/organizations/697c885f123ceb479b0cdfd1/pastedimage.png,https://www.communecter.org/upload/communecter/organizations/697c885f123ceb479b0cdfd1/medium/pastedimage.png,https://www.communecter.org/upload/communecter/organizations/697c885f123ceb479b0cdfd1/thumb/pastedimage.png,https://www.communecter.org/#@cipher,1769769303,1769769303
6979cb4ee9bd6200a64b04fc,CIS Réunion,cisReunion,Entreprises (produits/solutions et services),Entreprises(produits/solutions et services),NGO,,,,,,,cis-si.com/technologies/cybersecurity,contact@cis-reunion.fr,02 62 97 04 04,"12 Rue de la Pépinère, PAE La Mare, Ilot 2, Atelier 13",SAINTE-MARIE,97438,RE,La Réunion,Réunion,-20.89708800,55.54990000,Entreprises(produits/solutions et services),https://www.communecter.org/upload/communecter/organizations/6979cb4ee9bd6200a64b04fc/cis.png,https://www.communecter.org/upload/communecter/organizations/6979cb4ee9bd6200a64b04fc/medium/cis.png,https://www.communecter.org/upload/communecter/organizations/6979cb4ee9bd6200a64b04fc/thumb/profil-resized.png,https://www.communecter.org/#@cisReunion,1769589582,1778843697
6a183133cfd5c632b763e282,Cisco Australia Security,ciscoAustraliaSecurity,Entreprises (produits/solutions et services),Entreprises(produits/solutions et services),LocalBusiness,,,,,,,https://www.cisco.com/c/en_au/products/security/index.html,,,"Cisco Systems Australia, 201 Pacific Highway, St Leonards NSW 2065, Australia",St Leonards,,AU,Australie,Australia,-33.8225666,151.1923402,,,,,https://www.communecter.org/#@ciscoAustraliaSecurity,1779970355,1779970355
6a19638733a0b60fa168054d,CloudSEK,cloudsek,Entreprises (produits/solutions et services),Entreprises(produits/solutions et services),,,,,,,"Entreprise de cybersécurité proposant surveillance des menaces, détection, réponse, sécurité réseau ou services de sécurité managée.",https://cloudsek.com,,,"No. 612, 15th Cross, 100 Feet Road, 6th Phase, J. P. Nagar, Bengaluru 560078, Karnataka, India",Bangalore,,IN,Inde,India,12.9767936,77.5900820,,https://www.communecter.org/upload/communecter/organizations/6a19638733a0b60fa168054d/faviconV2.png,https://www.communecter.org/upload/communecter/organizations/6a19638733a0b60fa168054d/medium/faviconV2.png,https://www.communecter.org/upload/communecter/organizations/6a19638733a0b60fa168054d/thumb/profil-resized.png,https://www.communecter.org/#@cloudsek,1780048775,1780048775
697b27d7e0442b0a791632a8,Concilium Tech Ltd,conciliumTechLtd,Entreprises (produits/solutions et services),Entreprises(produits/solutions et services),NGO,Solutions IT & cybersécurité,,,,,,,sales@concilium.mu,,"56 Avenue des Goyaviers, Sodnac, Quatre Bornes, Mauritius",Quatre Bornes,72253,MU,Maurice,,,,Entreprises(produits/solutions et services),https://www.communecter.org/upload/communecter/organizations/697b27d7e0442b0a791632a8/Consilium-sans.png,https://www.communecter.org/upload/communecter/organizations/697b27d7e0442b0a791632a8/medium/Consilium-sans.png,https://www.communecter.org/upload/communecter/organizations/697b27d7e0442b0a791632a8/thumb/profil-resized.png,https://www.communecter.org/#@conciliumTechLtd,1769678807,1769678807
6a19886d93d3e12c4c29a9c7,Connected Networks - The Seychelles,connectedNetworksTheSeychelles,Entreprises (produits/solutions et services),Entreprises(produits/solutions et services),LocalBusiness,,,,,,Fournisseur international de connectivité et de solutions SD-WAN couvrant notamment les besoins d’entreprises opérant aux Seychelles.,https://www.connectednetworks.io/,,,,Victoria,,SC,Seychelles,Seychelles,-4.6232085,55.4523590,,https://www.communecter.org/upload/communecter/organizations/6a19886d93d3e12c4c29a9c7/faviconV2.png,https://www.communecter.org/upload/communecter/organizations/6a19886d93d3e12c4c29a9c7/medium/faviconV2.png,https://www.communecter.org/upload/communecter/organizations/6a19886d93d3e12c4c29a9c7/thumb/profil-resized.png,https://www.communecter.org/#@connectedNetworksTheSeychelles,1780058221,1780058222
6a19787e4a20e6669b2e801e,Connex Information Technology Solutions,connexInformationTechnologySolutions,Entreprises (produits/solutions et services),Entreprises(produits/solutions et services),LocalBusiness,,,,,,"Société de services informatiques proposant infogérance, support, solutions IT et services de cybersécurité pour les entreprises.",https://connex.com.mv/,,,,Malé,,MV,Maldives,Maldives,4.1779879,73.5107387,,https://www.communecter.org/upload/communecter/organizations/6a19787e4a20e6669b2e801e/faviconV2.png,https://www.communecter.org/upload/communecter/organizations/6a19787e4a20e6669b2e801e/medium/faviconV2.png,https://www.communecter.org/upload/communecter/organizations/6a19787e4a20e6669b2e801e/thumb/profil-resized.png,https://www.communecter.org/#@connexInformationTechnologySolutions,1780054142,1780054142
6a1831a3cfd5c632b763e2d4,Content Security,contentSecurity,Entreprises (produits/solutions et services),Entreprises(produits/solutions et services),LocalBusiness,,,,,,,https://www.contentsecurity.com.au/,,,"Level 1, Suite 1.02, 1 Epping Road, North Ryde NSW 2113, Australia",Sydney,2000,AU,Australie,Australia,-33.8698439,151.2082848,,,,,https://www.communecter.org/#@contentSecurity,1779970467,1779970467
6a19883893d3e12c4c29a9ab,Core Technologies Ltd,coreTechnologiesLtd,Entreprises (produits/solutions et services),Entreprises(produits/solutions et services),LocalBusiness,,,,,,"Fournisseur de solutions informatiques, matériel, conseil, support et intégration de solutions business pour le marché local.",https://www.coretechnologies.biz/,,,"Roche Caiman, P.O. Box 1158, Victoria, Mahé, Seychelles",Victoria,,SC,Seychelles,Seychelles,-4.6232085,55.4523590,,https://www.communecter.org/upload/communecter/organizations/6a19883893d3e12c4c29a9ab/faviconV2.png,https://www.communecter.org/upload/communecter/organizations/6a19883893d3e12c4c29a9ab/medium/faviconV2.png,https://www.communecter.org/upload/communecter/organizations/6a19883893d3e12c4c29a9ab/thumb/profil-resized.png,https://www.communecter.org/#@coreTechnologiesLtd,1780058168,1780058169
6a183146cfd5c632b763e291,CrowdStrike Australia,crowdstrikeAustralia,Entreprises (produits/solutions et services),Entreprises(produits/solutions et services),LocalBusiness,,,,,,,https://www.crowdstrike.com/en-au/,,,,,,,,,,,,,,,https://www.communecter.org/#@crowdstrikeAustralia,1779970374,1779970374
6a19659479e0304b6b5aac32,Crowe Advisory Services India,croweAdvisoryServicesIndia,Entreprises (produits/solutions et services),Entreprises(produits/solutions et services),,,,,,,"Cabinet de conseil offrant des prestations liées à la cybersécurité, aux risques numériques, à la conformité, à l’audit et à la protection des données.",https://crowe.com,,,"1102, Embassy Centre, Nariman Point, Mumbai 400021, Maharashtra, India",Mumbai,,IN,Inde,India,19.0549990,72.8692035,,https://www.communecter.org/upload/communecter/organizations/6a19659479e0304b6b5aac32/faviconV2.png,https://www.communecter.org/upload/communecter/organizations/6a19659479e0304b6b5aac32/medium/faviconV2.png,https://www.communecter.org/upload/communecter/organizations/6a19659479e0304b6b5aac32/thumb/profil-resized.png,https://www.communecter.org/#@croweAdvisoryServicesIndia,1780049300,1780049301
6a19785f45933d78c4713790,Crowe CyberSecurity Maldives,croweCybersecurityMaldives,Entreprises (produits/solutions et services),Entreprises(produits/solutions et services),LocalBusiness,,,,,,"Branche cybersécurité de Crowe Maldives proposant conseil, conformité, tests d’intrusion, audits de sécurité et réponse aux incidents.",https://www.crowe.com/mv/services/cybersecurity,,,,Malé,,MV,Maldives,Maldives,4.1779879,73.5107387,,https://www.communecter.org/upload/communecter/organizations/6a19785f45933d78c4713790/faviconV2.png,https://www.communecter.org/upload/communecter/organizations/6a19785f45933d78c4713790/medium/faviconV2.png,https://www.communecter.org/upload/communecter/organizations/6a19785f45933d78c4713790/thumb/profil-resized.png,https://www.communecter.org/#@croweCybersecurityMaldives,1780054111,1780054111
6a1978d54a20e6669b2e8050,Crowe Maldives LLP,croweMaldivesLlp,Entreprises (produits/solutions et services),Entreprises(produits/solutions et services),LocalBusiness,,,,,,"Cabinet de services professionnels aux Maldives ; audit, fiscalité, conseil et services associés, incluant une offre de cybersécurité via Crowe Cybersecurity Maldives.",https://www.crowe.com/mv,,,,Malé,,MV,Maldives,Maldives,4.1779879,73.5107387,,https://www.communecter.org/upload/communecter/organizations/6a1978d54a20e6669b2e8050/faviconV2.png,https://www.communecter.org/upload/communecter/organizations/6a1978d54a20e6669b2e8050/medium/faviconV2.png,https://www.communecter.org/upload/communecter/organizations/6a1978d54a20e6669b2e8050/thumb/profil-resized.png,https://www.communecter.org/#@croweMaldivesLlp,1780054229,1780054229
6a1fbc58a36b8712222db0d7,Crystal Technologies Limited,crystalTechnologiesLimited,Entreprises (produits/solutions et services),Entreprises(produits/solutions et services),LocalBusiness,,,,,,Acteur référencé en cybersécurité et services managés.,,,,Kenya,Nairobi,,KE,Kenya,Kenya,-1.3122180,36.8068773,,https://www.communecter.org/upload/communecter/organizations/6a1fbc58a36b8712222db0d7/faviconV2.png,https://www.communecter.org/upload/communecter/organizations/6a1fbc58a36b8712222db0d7/medium/faviconV2.png,https://www.communecter.org/upload/communecter/organizations/6a1fbc58a36b8712222db0d7/thumb/profil-resized.png,https://www.communecter.org/#@crystalTechnologiesLimited,1780464728,1780464729
6a045c13ac507d049830b2c3,CT Defense,ctDefense,Entreprises (produits/solutions et services),Entreprises(produits/solutions et services),LocalBusiness,Sécurité Opérationnelle et Gouvernance (SOC),,,,,,https://ctdefense.com/,,,,,,,,,,,,,,,https://www.communecter.org/#@ctDefense,1778670611,1778670612
6a1978f54a20e6669b2e8069,CT Defense - Cyber Security Services in Maldives,ctDefenseCyberSecurityServicesInMaldives,Entreprises (produits/solutions et services),Entreprises(produits/solutions et services),LocalBusiness,,,,,,"Société de conseil en cybersécurité proposant tests d’intrusion, audits de sécurité et prestations de cyberdéfense pour le marché maldivien.",https://ctdefense.com/cyber-security-services-in-maldives/,,,,Malé,,MV,Maldives,Maldives,4.1779879,73.5107387,,https://www.communecter.org/upload/communecter/organizations/6a1978f54a20e6669b2e8069/faviconV2.png,https://www.communecter.org/upload/communecter/organizations/6a1978f54a20e6669b2e8069/medium/faviconV2.png,https://www.communecter.org/upload/communecter/organizations/6a1978f54a20e6669b2e8069/thumb/profil-resized.png,https://www.communecter.org/#@ctDefenseCyberSecurityServicesInMaldives,1780054261,1780054261
6a1fd626334b8c1a301465b8,CT Defense Madagascar,ctDefenseMadagascar,Entreprises (produits/solutions et services),Entreprises(produits/solutions et services),LocalBusiness,,,,,,Prestataire de pentesting avec page dédiée Madagascar.,https://ctdefense.com/pentesting-services-in-madagascar/,,,,,,,,,,,,https://www.communecter.org/upload/communecter/organizations/6a1fd626334b8c1a301465b8/logo-1-1-300x93.png,https://www.communecter.org/upload/communecter/organizations/6a1fd626334b8c1a301465b8/medium/logo-1-1-300x93.png,https://www.communecter.org/upload/communecter/organizations/6a1fd626334b8c1a301465b8/thumb/profil-resized.png,https://www.communecter.org/#@ctDefenseMadagascar,1780471334,1780471335
6a19887493d3e12c4c29a9cc,CTDefense - Cyber Security Services in Seychelles,ctdefenseCyberSecurityServicesInSeychelles,Entreprises (produits/solutions et services),Entreprises(produits/solutions et services),LocalBusiness,,,,,,"Cabinet de cybersécurité spécialisé en tests d’intrusion, audit applicatif, revue de code et services de sécurité en marque blanche.",https://ctdefense.com/,,,,Victoria,,SC,Seychelles,Seychelles,-4.6232085,55.4523590,,https://www.communecter.org/upload/communecter/organizations/6a19887493d3e12c4c29a9cc/faviconV2.png,https://www.communecter.org/upload/communecter/organizations/6a19887493d3e12c4c29a9cc/medium/faviconV2.png,https://www.communecter.org/upload/communecter/organizations/6a19887493d3e12c4c29a9cc/thumb/profil-resized.png,https://www.communecter.org/#@ctdefenseCyberSecurityServicesInSeychelles,1780058228,1780058228
6a192589bb600b6cbf5777c1,CTDefense - Pentesting Services in Mozambique,ctdefensePentestingServicesInMozambique,Entreprises (produits/solutions et services),Entreprises(produits/solutions et services),LocalBusiness,,,,,,,https://ctdefense.com/pentesting-services-in-mozambique/,,,,Maputo,,MZ,Mozambique,Mozambique,-25.9662130,32.5674500,,,,,https://www.communecter.org/#@ctdefensePentestingServicesInMozambique,1780032905,1780033464
6a19650779e0304b6b5aabde,CtrlS Datacenters,ctrlsDatacenters,Entreprises (produits/solutions et services),Entreprises(produits/solutions et services),,,,,,,"Opérateur de centres de données et services cloud intégrant sécurité, disponibilité, conformité et continuité d’activité pour les entreprises.",https://ctrls.in,,,"16, Software Units Layout, Madhapur, Hyderabad 500081, Telangana, India",Hyderabad,,IN,Inde,India,17.3605890,78.4740613,,https://www.communecter.org/upload/communecter/organizations/6a19650779e0304b6b5aabde/faviconV2.png,https://www.communecter.org/upload/communecter/organizations/6a19650779e0304b6b5aabde/medium/faviconV2.png,https://www.communecter.org/upload/communecter/organizations/6a19650779e0304b6b5aabde/thumb/profil-resized.png,https://www.communecter.org/#@ctrlsDatacenters,1780049159,1780049160
6a183213236a7a5de4298364,Cube Cyber,cubeCyber,Entreprises (produits/solutions et services),Entreprises(produits/solutions et services),LocalBusiness,,,,,,,https://cubecyber.com.au/,,,"Cube Cyber, Australia",Brisbane City,,AU,Australie,Australia,-27.4689623,153.0235009,,,,,https://www.communecter.org/#@cubeCyber,1779970579,1779970579
6979ef86ad0c67004133946c,Cyber Insight (Pty) Ltd,cyberInsightPtyLtd,Entreprises (produits/solutions et services),Entreprises(produits/solutions et services),LocalBusiness,,,,,,"cybersécurité, SOC & détection des menaces",https://www.cyberinsight.co.za/,info@cyberinsight.co.za,+27 83 657 3105,Bellville,Cape Town,8001,ZA,Afrique du Sud,Afrique du Sud,-33.928992,18.417396,CyberSecurity,https://www.communecter.org/upload/communecter/organizations/6979ef86ad0c67004133946c/pastedimage.png,https://www.communecter.org/upload/communecter/organizations/6979ef86ad0c67004133946c/medium/pastedimage.png,https://www.communecter.org/upload/communecter/organizations/6979ef86ad0c67004133946c/thumb/profil-resized.png,https://www.communecter.org/#@cyberInsightPtyLtd,1769599443,1769599443
69923105287bb306351f8816,Cyber Networks Seychelles,cyberNetworksSeychelles,Entreprises (produits/solutions et services),Entreprises(produits/solutions et services) | Sécurité des postes | Sécurité des Applications | Audit/Conseil et Conformité | Architecte Sécurité | Auditeur de sécurité,NGO,"Sécurité des postes,Sécurité des Applications,Audit/Conseil et Conformité | Sécurité des postes | Sécurité des Applications | Audit/Conseil et Conformité | Architecte Sécurité | Auditeur de sécurité","Architecte Sécurité,Auditeur de sécurité",,,,,https://www.cybernetsey.com/,,,,Victoria,,SC,Seychelles,Seychelles,-4.625532987599934,55.449800491333015,Entreprises(produits/solutions et services) | Sécurité des postes | Sécurité des Applications | Audit/Conseil et Conformité | Architecte Sécurité | Auditeur de sécurité,https://www.communecter.org/upload/communecter/organizations/69923105287bb306351f8816/pastedimage.png,https://www.communecter.org/upload/communecter/organizations/69923105287bb306351f8816/medium/pastedimage.png,https://www.communecter.org/upload/communecter/organizations/69923105287bb306351f8816/thumb/pastedimage.png,https://www.communecter.org/#@cyberNetworksSeychelles,1771188638,1771229916
6a19881080ab8f662130bb74,Cyber Networks Seychelles (CyberNetSey),cyberNetworksSeychellesCybernetsey,Entreprises (produits/solutions et services),Entreprises(produits/solutions et services),LocalBusiness,,,,,,Entreprise locale fournissant des services de cybersécurité et d’infrastructure réseau pour les organisations seychelloises.,https://www.cybernetsey.com/,,,"Victoria, Mahé, Seychelles",Victoria,,SC,Seychelles,Seychelles,-4.6232085,55.4523590,,https://www.communecter.org/upload/communecter/organizations/6a19881080ab8f662130bb74/faviconV2.png,https://www.communecter.org/upload/communecter/organizations/6a19881080ab8f662130bb74/medium/faviconV2.png,https://www.communecter.org/upload/communecter/organizations/6a19881080ab8f662130bb74/thumb/profil-resized.png,https://www.communecter.org/#@cyberNetworksSeychellesCybernetsey,1780058128,1780058129
698195a93ddd3459ad2d4506,Cyber sapiens,cyberSapiens,Entreprises (produits/solutions et services),Entreprises(produits/solutions et services) | Sécurité Réseau | Sécurité Cloud | Cybersécurité Offensive (Pentest) | Développeur Sécurisé (DevSecOps) | Ingénieur Sécurité Cloud | Architecte Sécurité,NGO,"Sécurité Réseau,Sécurité Cloud | Cybersécurité Offensive (Pentest) | Sécurité Réseau | Sécurité Cloud | Développeur Sécurisé (DevSecOps) | Ingénieur Sécurité Cloud | Architecte Sécurité",Développeur Sécurisé (DevSecOps) | Ingénieur Sécurité Cloud | Architecte Sécurité,,,,,https://cybersapiens.com.au/,,1300 507 668,Lorimer,Melbourne,,AU,Australie,Australie,-37.8217993,144.9136695,Entreprises(produits/solutions et services) | Sécurité Réseau | Sécurité Cloud | Cybersécurité Offensive (Pentest) | Développeur Sécurisé (DevSecOps) | Ingénieur Sécurité Cloud | Architecte Sécurité,https://www.communecter.org/upload/communecter/organizations/698195a93ddd3459ad2d4506/pastedimage.png,https://www.communecter.org/upload/communecter/organizations/698195a93ddd3459ad2d4506/medium/pastedimage.png,https://www.communecter.org/upload/communecter/organizations/698195a93ddd3459ad2d4506/thumb/pastedimage.png,https://www.communecter.org/#@cyberSapiens,1770100255,1770100713
6a1fbb823e008321fb4ca856,Cyber Security Africa,cyberSecurityAfrica,Entreprises (produits/solutions et services),Entreprises(produits/solutions et services),LocalBusiness,,,,,,Prestataire cybersécurité avec présence référencée à Nairobi.,https://www.cybersecurityafrica.com/,,,"Africa Headquarters: Nairobi, Kenya",Nairobi,,KE,Kenya,Kenya,-1.2890006,36.8172812,,https://www.communecter.org/upload/communecter/organizations/6a1fbb823e008321fb4ca856/faviconV2.png,https://www.communecter.org/upload/communecter/organizations/6a1fbb823e008321fb4ca856/medium/faviconV2.png,https://www.communecter.org/upload/communecter/organizations/6a1fbb823e008321fb4ca856/thumb/profil-resized.png,https://www.communecter.org/#@cyberSecurityAfrica,1780464514,1780464514
6a1978dc4a20e6669b2e8055,Cyber Security Maldives Pvt Ltd,cyberSecurityMaldivesPvtLtd,Entreprises (produits/solutions et services),Entreprises(produits/solutions et services),LocalBusiness,,,,,,"Prestataire maldivien historique de sécurité de l’information, associé notamment à l’organisation de conférences et services cyber locaux.",https://cybersecurity.mv/,,,,Malé,,MV,Maldives,Maldives,4.1779879,73.5107387,,https://www.communecter.org/upload/communecter/organizations/6a1978dc4a20e6669b2e8055/faviconV2.png,https://www.communecter.org/upload/communecter/organizations/6a1978dc4a20e6669b2e8055/medium/faviconV2.png,https://www.communecter.org/upload/communecter/organizations/6a1978dc4a20e6669b2e8055/thumb/profil-resized.png,https://www.communecter.org/#@cyberSecurityMaldivesPvtLtd,1780054236,1780054236
6a18307947729133ad12a6c8,CyberCX,cybercx,Entreprises (produits/solutions et services),Entreprises(produits/solutions et services),LocalBusiness,,,,,,,https://cybercx.com.au/,,,"330 Collins Street, Melbourne VIC 3000, Australia",Melbourne,,AU,Australie,Australia,-37.8142454,144.9631732,,,,,https://www.communecter.org/#@cybercx,1779970169,1779970170
6980ed3116902b419e745566,CyberCX Pty Ltd,cybercxPtyLtd,Entreprises (produits/solutions et services),Entreprises(produits/solutions et services) | Sécurité Opérationnelle et Gouvernance (SOC) | Audit/Conseil et Conformité | Développeur Sécurisé (DevSecOps) | Sécurité Réseau | Ingénieur Sécurité Cloud,NGO,Sécurité Opérationnelle et Gouvernance (SOC) | Audit/Conseil et Conformité | Sécurité Réseau | Développeur Sécurisé (DevSecOps) | Ingénieur Sécurité Cloud,Développeur Sécurisé (DevSecOps) | Ingénieur Sécurité Cloud,,,,,https://cybercx.com.au/,,+61 1300 031 274,"Level 4, 330 Collins Street",Melbourne,,AU,Australie,Australia,-37.8154146,144.9656704,Entreprises(produits/solutions et services) | Sécurité Opérationnelle et Gouvernance (SOC) | Audit/Conseil et Conformité | Développeur Sécurisé (DevSecOps) | Sécurité Réseau | Ingénieur Sécurité Cloud,https://www.communecter.org/upload/communecter/organizations/6980ed3116902b419e745566/pastedimage.png,https://www.communecter.org/upload/communecter/organizations/6980ed3116902b419e745566/medium/pastedimage.png,https://www.communecter.org/upload/communecter/organizations/6980ed3116902b419e745566/thumb/pastedimage.png,https://www.communecter.org/#@cybercxPtyLtd,1770057112,1770057113
6a17f44793f0f5556a028a72,Cybergate Services,cybergateServices,Entreprises (produits/solutions et services),Entreprises(produits/solutions et services),LocalBusiness,,,,,,,https://www.cybergate.one/,info@cybergate.lk,+94 753 783 783,"No.61, Soratha Mawatha, Gangodawila, Nugegoda WP 10250, Sri Lanka",Colombo,,LK,Sri Lanka,Sri Lanka,6.9388614,79.8542005,,https://www.communecter.org/upload/communecter/organizations/6a17f44793f0f5556a028a72/Cybergate-Services-1024x397.png,https://www.communecter.org/upload/communecter/organizations/6a17f44793f0f5556a028a72/medium/Cybergate-Services-1024x397.png,https://www.communecter.org/upload/communecter/organizations/6a17f44793f0f5556a028a72/thumb/profil-resized.png,https://www.communecter.org/#@cybergateServices,1779954759,1779954761
6a04541156555a548318df95,Cybergen / Cybergentz,cybergenCybergentz,Entreprises (produits/solutions et services),Entreprises(produits/solutions et services),LocalBusiness,Sécurité Opérationnelle et Gouvernance (SOC),,,,,,https://cybergentz.com/,,,"Building No. 4, Mlimani City Office Park, Dar es Salaam, Tanzania",Dar es-Salam,,TZ,Tanzanie,Tanzania,-6.8160837,39.2803583,,https://www.communecter.org/upload/communecter/organizations/6a04541156555a548318df95/faviconV2.png,https://www.communecter.org/upload/communecter/organizations/6a04541156555a548318df95/medium/faviconV2.png,https://www.communecter.org/upload/communecter/organizations/6a04541156555a548318df95/thumb/profil-resized.png,https://www.communecter.org/#@cybergenCybergentz,1778668561,1780035577
6a17f574854a0c26c50d3925,CyberGlobal Mauritius,cyberglobalMauritius,Entreprises (produits/solutions et services),Entreprises(produits/solutions et services),LocalBusiness,,,,,,Prestataire SOC managé et services de cybersécurité ciblant Maurice.,https://cybergl.com/mu/soc/,,,,Port-Louis,,MU,Maurice,Mauritius,-20.1637281,57.5045331,,,,,https://www.communecter.org/#@cyberglobalMauritius,1779955060,1779955061
6979cb4fe9bd6200a64b0501,CyberInTrust,cyberintrust,Entreprises (produits/solutions et services),Entreprises(produits/solutions et services),NGO,,,,,,,www.cyberintrust.fr,jeanpierre.bidau@cyberintrust.fr,06 81 62 78 23,75 Rue Mikhail Gorbatchev,LE TAMPON,97430,RE,La Réunion,Réunion,-21.277228,55.5198616,Entreprises(produits/solutions et services),https://www.communecter.org/upload/communecter/organizations/6979cb4fe9bd6200a64b0501/cyber-in-trust.png,https://www.communecter.org/upload/communecter/organizations/6979cb4fe9bd6200a64b0501/medium/cyber-in-trust.png,https://www.communecter.org/upload/communecter/organizations/6979cb4fe9bd6200a64b0501/thumb/profil-resized.png,https://www.communecter.org/#@cyberintrust,1769589583,1769589583
698f50ccb874d87d99418562,CyberMatics Limited,cybermaticsLimited,Entreprises (produits/solutions et services),Entreprises(produits/solutions et services),NGO,Audit/Conseil et Conformité | Awareness,Pentester | Auditeur sécurité | Consultant GRC,,,,,https://cybermatics.co.ke/,,,Muthithi Road,Nairobi,,KE,Kenya,Kenya,-1.2711168,36.8119836,Entreprises(produits/solutions et services) | Audit/Conseil et Conformité | Awareness | Pentester | Auditeur sécurité | Consultant GRC,https://www.communecter.org/upload/communecter/organizations/698f50ccb874d87d99418562/pastedimage.png,https://www.communecter.org/upload/communecter/organizations/698f50ccb874d87d99418562/medium/pastedimage.png,https://www.communecter.org/upload/communecter/organizations/698f50ccb874d87d99418562/thumb/pastedimage.png,https://www.communecter.org/#@cybermaticsLimited,1771000078,1771000078
6a183099cfd5c632b763e25d,Cybermerc,cybermerc,Entreprises (produits/solutions et services),Entreprises(produits/solutions et services),LocalBusiness,,,,,,,https://www.cybermerc.com/,,,"Canberra ACT, Australia",Canberra,,AU,Australie,Australia,-35.3057810,149.1149606,,,,,https://www.communecter.org/#@cybermerc,1779970201,1779970201
6a17f56701c23906f63a1a02,Cybernaptics Ltd,cybernapticsLtd,Entreprises (produits/solutions et services),Entreprises(produits/solutions et services),LocalBusiness,,,,,,Fournisseur de solutions IT et cybersécurité.,https://cybernaptics.mu,info@cybernaptics.mu,,"Freeport Zone 5, Mer Rouge, Port Louis 11609, Mauritius",Port-Louis,,MU,Maurice,Mauritius,-20.1637281,57.5045331,,https://www.communecter.org/upload/communecter/organizations/6a17f56701c23906f63a1a02/cybernapticslogo.png,https://www.communecter.org/upload/communecter/organizations/6a17f56701c23906f63a1a02/medium/cybernapticslogo.png,https://www.communecter.org/upload/communecter/organizations/6a17f56701c23906f63a1a02/thumb/profil-resized.png,https://www.communecter.org/#@cybernapticsLtd,1779955047,1779955047
6979ffc6b8f172731c3836ba,Cybernaptics Madagascar,cybernapticsMadagascar,Entreprises (produits/solutions et services),Entreprises(produits/solutions et services),LocalBusiness,Cybersécurité,Pentesting,,,,Intégrateur et prestataire cybersécurité à Madagascar.,https://cybernaptics.mg/ ; https://cybernaptics.mg/contact-us/ ; https://cybernaptics.mg/home-v3/,info@cybernaptics.mg,+261 20 79 183 06,"04 Rue Pasteur, Antanimena, Antananarivo, Madagascar",Antananarivo,,MG,Madagascar,Madagasikara,-18.9100122,47.5255809,Entreprises(produits/solutions et services) | Réseaux/cluster | Pentesting | Cybersécurité,https://www.communecter.org/upload/communecter/organizations/6979ffc6b8f172731c3836ba/Cybernaptics-Madagascar-2.png,https://www.communecter.org/upload/communecter/organizations/6979ffc6b8f172731c3836ba/medium/Cybernaptics-Madagascar-2.png,https://www.communecter.org/upload/communecter/organizations/6979ffc6b8f172731c3836ba/thumb/profil-resized.png,https://www.communecter.org/#@cybernapticsMadagascar,1769603211,1780471170
6a17f474bd8bbf38e60d5710,Cybernetics IT Consulting,cyberneticsItConsulting,Entreprises (produits/solutions et services),Entreprises(produits/solutions et services),LocalBusiness,,,,,,,https://cbnit.lk/,,+94 117 477 477,"Level 37, West Tower, World Trade Center, Colombo 01, Sri Lanka",Colombo,,LK,Sri Lanka,Sri Lanka,6.9388614,79.8542005,,https://www.communecter.org/upload/communecter/organizations/6a17f474bd8bbf38e60d5710/cropped-Finalized-cbnit-logo-e1771316824558.png,https://www.communecter.org/upload/communecter/organizations/6a17f474bd8bbf38e60d5710/medium/cropped-Finalized-cbnit-logo-e1771316824558.png,https://www.communecter.org/upload/communecter/organizations/6a17f474bd8bbf38e60d5710/thumb/profil-resized.png,https://www.communecter.org/#@cyberneticsItConsulting,1779954804,1779954804
6a19634c33a0b60fa168052b,CyberNX Technologies,cybernxTechnologies,Entreprises (produits/solutions et services),Entreprises(produits/solutions et services),,,,,,,"Entreprise de cybersécurité proposant surveillance des menaces, détection, réponse, sécurité réseau ou services de sécurité managée.",https://cybernx.com,,,,,,,,,,,,https://www.communecter.org/upload/communecter/organizations/6a19634c33a0b60fa168052b/faviconV2.png,https://www.communecter.org/upload/communecter/organizations/6a19634c33a0b60fa168052b/medium/faviconV2.png,https://www.communecter.org/upload/communecter/organizations/6a19634c33a0b60fa168052b/thumb/profil-resized.png,https://www.communecter.org/#@cybernxTechnologies,1780048716,1780048716
6979fe05f16b1e45525ebac3,Cyberon,cyberon,Entreprises (produits/solutions et services),Entreprises(produits/solutions et services),LocalBusiness,,,,,,"cybersécurité, ethical hacking & protection des données",https://cyberon.co.za/,contact@cyberon.co.za,,,Pretoria,,ZA,Afrique du Sud,Afrique du Sud,-25.7459277,28.1879101,CyberSecurity,https://www.communecter.org/upload/communecter/organizations/6979fe05f16b1e45525ebac3/pastedimage.png,https://www.communecter.org/upload/communecter/organizations/6979fe05f16b1e45525ebac3/medium/pastedimage.png,https://www.communecter.org/upload/communecter/organizations/6979fe05f16b1e45525ebac3/thumb/profil-resized.png,https://www.communecter.org/#@cyberon,1769602963,1769602963
6a1963f133a0b60fa1680582,Cyberops Infosec,cyberopsInfosec,Entreprises (produits/solutions et services),Entreprises(produits/solutions et services),,,,,,,"Organisation intervenant dans l’écosystème indien de cybersécurité : services, conseil, formation, innovation ou appui à la sécurité numérique.",https://cyberops.in,,,"Jaipur, Rajasthan, India — adresse postale publique complète non identifiée",Jaipur,302001,IN,Inde,India,26.9154576,75.8189817,,https://www.communecter.org/upload/communecter/organizations/6a1963f133a0b60fa1680582/faviconV2.png,https://www.communecter.org/upload/communecter/organizations/6a1963f133a0b60fa1680582/medium/faviconV2.png,https://www.communecter.org/upload/communecter/organizations/6a1963f133a0b60fa1680582/thumb/profil-resized.png,https://www.communecter.org/#@cyberopsInfosec,1780048881,1780048881
6a1fbb600a84015a02076c11,CyberPro Global,cyberproGlobal,Entreprises (produits/solutions et services),Entreprises(produits/solutions et services),LocalBusiness,,,,,,"Prestataire de services et de formation en cybersécurité, basé à Nairobi.",https://cyberproglobal.com/,,,"APA Arcade, Nairobi, Kenya",Nairobi,,KE,Kenya,Kenya,-1.2890006,36.8172812,,https://www.communecter.org/upload/communecter/organizations/6a1fbb600a84015a02076c11/faviconV2.png,https://www.communecter.org/upload/communecter/organizations/6a1fbb600a84015a02076c11/medium/faviconV2.png,https://www.communecter.org/upload/communecter/organizations/6a1fbb600a84015a02076c11/thumb/profil-resized.png,https://www.communecter.org/#@cyberproGlobal,1780464480,1780464481
6a183207236a7a5de429835b,CyberPulse,cyberpulse,Entreprises (produits/solutions et services),Entreprises(produits/solutions et services),LocalBusiness,,,,,,,https://www.cyberpulse.com.au/,,,,,,,,,,,,,,,https://www.communecter.org/#@cyberpulse,1779970567,1779970567
697a0a9179dfee588963cc79,CyberRoam Africa Technologies,cyberroamAfricaTechnologies,Entreprises (produits/solutions et services),Entreprises(produits/solutions et services),LocalBusiness,Cybersécurité Offensive (Pentest),Consultant GRC | Auditeur de sécurité | Incident Responder | Pentester | Analyste Forensic,,,,"Acteur privé spécialisé en tests d'intrusion, formation et audit de sécurité.",https://www.cyberroam-africa.com/,,0732 830 928,"Nairobi, Kenya",Nairobi,,KE,Kenya,Kenya,-1.3015643,36.8128437,Entreprises(produits/solutions et services) | Réseaux/cluster | Cybersécurité Offensive (Pentest) | Incident Responder | Consultant GRC | Analyste Forensic | Auditeur de sécurité | Pentester,https://www.communecter.org/upload/communecter/organizations/697a0a9179dfee588963cc79/faviconV2.jpg,https://www.communecter.org/upload/communecter/organizations/697a0a9179dfee588963cc79/medium/faviconV2.jpg,https://www.communecter.org/upload/communecter/organizations/697a0a9179dfee588963cc79/thumb/profil-resized.png,https://www.communecter.org/#@cyberroamAfricaTechnologies,1769605899,1780464493
6a0453be56555a548318df8f,CyberTech Tanzania Limited,cybertechTanzaniaLimited,Entreprises (produits/solutions et services),Entreprises(produits/solutions et services),LocalBusiness,Sécurité Opérationnelle et Gouvernance (SOC),,,,,,https://cybertech.co.tz/,info@cybertech.co.tz,2556 52 60 60 78,"Dar es Salaam, Tanzania",Dar es-Salam,,TZ,Tanzanie,Tanzania,-6.8160837,39.2803583,,https://www.communecter.org/upload/communecter/organizations/6a0453be56555a548318df8f/faviconV2.png,https://www.communecter.org/upload/communecter/organizations/6a0453be56555a548318df8f/medium/faviconV2.png,https://www.communecter.org/upload/communecter/organizations/6a0453be56555a548318df8f/thumb/profil-resized.png,https://www.communecter.org/#@cybertechTanzaniaLimited,1778668478,1780035575
6a1965ce92df61291f181846,CyRAACS,cyraacs,Entreprises (produits/solutions et services),Entreprises(produits/solutions et services),,,,,,,"Prestataire ou éditeur de cybersécurité intervenant sur audit, gouvernance, conformité, gestion des vulnérabilités et protection des systèmes.",https://cyraacs.com,,,"No. 22, 1st Floor, 10th Main, Vasanth Nagar, Bengaluru 560052, Karnataka, India",Bangalore,,IN,Inde,India,12.9767936,77.5900820,,https://www.communecter.org/upload/communecter/organizations/6a1965ce92df61291f181846/faviconV2.png,https://www.communecter.org/upload/communecter/organizations/6a1965ce92df61291f181846/medium/faviconV2.png,https://www.communecter.org/upload/communecter/organizations/6a1965ce92df61291f181846/thumb/profil-resized.png,https://www.communecter.org/#@cyraacs,1780049358,1780049358
697c839aeca054203659c614,DABAGA CYBER SOLUTIONS LIMITED,dabagaCyberSolutionsLimited,Entreprises (produits/solutions et services),Entreprises(produits/solutions et services) | Audit/Conseil et Conformité,NGO,Audit/Conseil et Conformité,Auditeur de sécurité,,,,,https://www.dabaga.co.tz/,,+255 744 202 192,Nkurumah St,Dar es-Salam,,TZ,Tanzanie,Tanzanie,-6.8229923,39.2827299,Entreprises(produits/solutions et services) | Audit/Conseil et Conformité,https://www.communecter.org/upload/communecter/organizations/697c839aeca054203659c614/pastedimage.png,https://www.communecter.org/upload/communecter/organizations/697c839aeca054203659c614/medium/pastedimage.png,https://www.communecter.org/upload/communecter/organizations/697c839aeca054203659c614/thumb/pastedimage.png,https://www.communecter.org/#@dabagaCyberSolutionsLimited,1769768130,1769768130
6a183164cfd5c632b763e2a3,Darktrace Australia,darktraceAustralia,Entreprises (produits/solutions et services),Entreprises(produits/solutions et services),LocalBusiness,,,,,,,https://darktrace.com/,,,,,,,,,,,,,,,https://www.communecter.org/#@darktraceAustralia,1779970404,1779970404
6a19882b93d3e12c4c29a9a1,Databytes Consultancy,databytesConsultancy,Entreprises (produits/solutions et services),Entreprises(produits/solutions et services),LocalBusiness,,,,,,"Société seychelloise de conseil IT spécialisée dans le développement de projets, logiciels, cloud, support système et tests de pénétration.",https://databytes.sc/,,,"Providence Industrial Estate, Mahé, Seychelles",Victoria,,SC,Seychelles,Seychelles,-4.6232085,55.4523590,,https://www.communecter.org/upload/communecter/organizations/6a19882b93d3e12c4c29a9a1/faviconV2.jpg,https://www.communecter.org/upload/communecter/organizations/6a19882b93d3e12c4c29a9a1/medium/faviconV2.jpg,https://www.communecter.org/upload/communecter/organizations/6a19882b93d3e12c4c29a9a1/thumb/profil-resized.png,https://www.communecter.org/#@databytesConsultancy,1780058155,1780058156
6a18321a236a7a5de4298369,Datatech Cyber Security,datatechCyberSecurity,Entreprises (produits/solutions et services),Entreprises(produits/solutions et services),LocalBusiness,,,,,,,https://www.datatech.net.au/services/cyber,,,"Datatech Cyber Security, Australia",Perth,,AU,Australie,Australia,-31.9558967,115.8605784,,,,,https://www.communecter.org/#@datatechCyberSecurity,1779970586,1779970586
6a1965b492df61291f181832,Deccan Infotech,deccanInfotech,Entreprises (produits/solutions et services),Entreprises(produits/solutions et services),,,,,,,"Organisation intervenant dans l’écosystème indien de cybersécurité : services, conseil, formation, innovation ou appui à la sécurité numérique.",https://deccansoft.com,,,"Unit No. 5, SDF-1, SEEPZ-SEZ, Andheri East, Mumbai 400096, Maharashtra, India",Mumbai,,IN,Inde,India,19.0549990,72.8692035,,https://www.communecter.org/upload/communecter/organizations/6a1965b492df61291f181832/faviconV2.png,https://www.communecter.org/upload/communecter/organizations/6a1965b492df61291f181832/medium/faviconV2.png,https://www.communecter.org/upload/communecter/organizations/6a1965b492df61291f181832/thumb/profil-resized.png,https://www.communecter.org/#@deccanInfotech,1780049332,1780049333
6a1830be2fb8f27c4f1d9a40,Deloitte Australia Cyber,deloitteAustraliaCyber,Entreprises (produits/solutions et services),Entreprises(produits/solutions et services),LocalBusiness,,,,,,,https://www.deloitte.com/au/en/services/risk-advisory/services/cyber-risk-services.html,,,"477 Collins Street, Melbourne VIC 3000, Australia",Melbourne,,AU,Australie,Australia,-37.8142454,144.9631732,,,,,https://www.communecter.org/#@deloitteAustraliaCyber,1779970238,1779970238
6a19654279e0304b6b5aac05,Deloitte India Cyber,deloitteIndiaCyber,Entreprises (produits/solutions et services),Entreprises(produits/solutions et services),,,,,,,"Cabinet de conseil offrant des prestations liées à la cybersécurité, aux risques numériques, à la conformité, à l’audit et à la protection des données.",https://deloitte.com/in,,,,,,,,,,,,https://www.communecter.org/upload/communecter/organizations/6a19654279e0304b6b5aac05/faviconV2.png,https://www.communecter.org/upload/communecter/organizations/6a19654279e0304b6b5aac05/medium/faviconV2.png,https://www.communecter.org/upload/communecter/organizations/6a19654279e0304b6b5aac05/thumb/profil-resized.png,https://www.communecter.org/#@deloitteIndiaCyber,1780049218,1780049218
6a1fbbc53e008321fb4ca875,Deloitte Kenya,deloitteKenya,Entreprises (produits/solutions et services),Entreprises(produits/solutions et services),LocalBusiness,,,,,,Cabinet de conseil/audit avec offres cyber risk et tests d'intrusion.,https://www2.deloitte.com/ke/en.html,,,"Nairobi, Kenya",Nairobi,,KE,Kenya,Kenya,-1.3015643,36.8128437,,https://www.communecter.org/upload/communecter/organizations/6a1fbbc53e008321fb4ca875/faviconV2.png,https://www.communecter.org/upload/communecter/organizations/6a1fbbc53e008321fb4ca875/medium/faviconV2.png,https://www.communecter.org/upload/communecter/organizations/6a1fbbc53e008321fb4ca875/thumb/profil-resized.png,https://www.communecter.org/#@deloitteKenya,1780464581,1780464582
69810263edaa0d45cf7426eb,Dhiraagu,dhiraagu,Entreprises (produits/solutions et services),Entreprises(produits/solutions et services) | Sécurité Cloud | Sécurité Réseau | Incident Responder,NGO,"Sécurité Cloud,Sécurité Réseau | Sécurité Cloud | Sécurité Réseau | Incident Responder",Incident Responder,,,,,https://www.dhiraagu.com.mv/,,+960 332 2802,"Dhiraagu Head Office, Ameenee Magu, P.O. Box 2082, 20403 Male',",Malé,,MV,Maldives,Maldives,4.172522558612617,73.50207030773164,Entreprises(produits/solutions et services) | Sécurité Cloud | Sécurité Réseau | Incident Responder,https://www.communecter.org/upload/communecter/organizations/69810263edaa0d45cf7426eb/pastedimage.png,https://www.communecter.org/upload/communecter/organizations/69810263edaa0d45cf7426eb/medium/pastedimage.png,https://www.communecter.org/upload/communecter/organizations/69810263edaa0d45cf7426eb/thumb/pastedimage.png,https://www.communecter.org/#@dhiraagu,1770062782,1770062782
6a19786b45933d78c471379a,Dhiraagu Business - Cyber Security,dhiraaguBusinessCyberSecurity,Entreprises (produits/solutions et services),Entreprises(produits/solutions et services),LocalBusiness,,,,,,"Offre business de cybersécurité et services managés de Dhiraagu, principal opérateur télécoms et fournisseur de services numériques aux Maldives.",https://www.dhiraagu.com.mv/business/products-solutions/cyber-security/managed-security,,,,Malé,,MV,Maldives,Maldives,4.1779879,73.5107387,,https://www.communecter.org/upload/communecter/organizations/6a19786b45933d78c471379a/faviconV2.png,https://www.communecter.org/upload/communecter/organizations/6a19786b45933d78c471379a/medium/faviconV2.png,https://www.communecter.org/upload/communecter/organizations/6a19786b45933d78c471379a/thumb/profil-resized.png,https://www.communecter.org/#@dhiraaguBusinessCyberSecurity,1780054123,1780054123
6a19659a79e0304b6b5aac37,DigiFortex Technologies,digifortexTechnologies,Entreprises (produits/solutions et services),Entreprises(produits/solutions et services),,,,,,,"Organisation intervenant dans l’écosystème indien de cybersécurité : services, conseil, formation, innovation ou appui à la sécurité numérique.",https://digifortex.com,,,,,,,,,,,,https://www.communecter.org/upload/communecter/organizations/6a19659a79e0304b6b5aac37/faviconV2.png,https://www.communecter.org/upload/communecter/organizations/6a19659a79e0304b6b5aac37/medium/faviconV2.png,https://www.communecter.org/upload/communecter/organizations/6a19659a79e0304b6b5aac37/thumb/profil-resized.png,https://www.communecter.org/#@digifortexTechnologies,1780049306,1780049306
6a19255bbb600b6cbf5777b7,Digital Realty - Maputo Data Center,digitalRealtyMaputoDataCenter,Entreprises (produits/solutions et services),Entreprises(produits/solutions et services),LocalBusiness,,,,,,,https://www.digitalrealty.com/data-centers/emea/maputo,,,,Maputo,,MZ,Mozambique,Mozambique,-25.9662130,32.5674500,,,,,https://www.communecter.org/#@digitalRealtyMaputoDataCenter,1780032859,1780033463
6a1fbbb93e008321fb4ca870,Dimension Data / NTT DATA Kenya,dimensionDataNttDataKenya,Entreprises (produits/solutions et services),Entreprises(produits/solutions et services),LocalBusiness,,,,,,Intégrateur et prestataire de services IT/cyber pour entreprises.,https://services.global.ntt/,,,"Nairobi, Kenya",Nairobi,,KE,Kenya,Kenya,-1.3015643,36.8128437,,https://www.communecter.org/upload/communecter/organizations/6a1fbbb93e008321fb4ca870/faviconV2.png,https://www.communecter.org/upload/communecter/organizations/6a1fbbb93e008321fb4ca870/medium/faviconV2.png,https://www.communecter.org/upload/communecter/organizations/6a1fbbb93e008321fb4ca870/thumb/profil-resized.png,https://www.communecter.org/#@dimensionDataNttDataKenya,1780464569,1780464569
6a17f582854a0c26c50d3932,DNS Technologies Ltd,dnsTechnologiesLtd,Entreprises (produits/solutions et services),Entreprises(produits/solutions et services),LocalBusiness,,,,,,Fournisseur IT mauricien proposant cybersécurité et services managés.,https://dnstechnologies.mu,info@dnstechnologies.mu,,,,,,,,,,,,,,https://www.communecter.org/#@dnsTechnologiesLtd,1779955074,1779955074
6a1978b54a20e6669b2e8041,DOAV STORE,doavStore,Entreprises (produits/solutions et services),Entreprises(produits/solutions et services),LocalBusiness,,,,,,"Plateforme et prestataire audiovisuel/technologique lié à Keiretsu, couvrant gestion d’équipements, automatisation de bâtiments, sécurité et systèmes connectés.",https://www.doav.store/,,,,Malé,,MV,Maldives,Maldives,4.1779879,73.5107387,,https://www.communecter.org/upload/communecter/organizations/6a1978b54a20e6669b2e8041/faviconV2.png,https://www.communecter.org/upload/communecter/organizations/6a1978b54a20e6669b2e8041/medium/faviconV2.png,https://www.communecter.org/upload/communecter/organizations/6a1978b54a20e6669b2e8041/thumb/profil-resized.png,https://www.communecter.org/#@doavStore,1780054197,1780054198
6a192432e929ac136a19cad3,Dotcom,dotcom,Entreprises (produits/solutions et services),Entreprises(produits/solutions et services),LocalBusiness,,,,,,,https://dotcom.co.mz/solucoes-de-seguranca/,info@dotcom.co.mz,,"Av. 24 de Julho, 1217, R/C. Esq.",Maputo,,MZ,Mozambique,Mozambique,-25.9662130,32.5674500,,,,,https://www.communecter.org/#@dotcom,1780032562,1780033446
6a1964485bf1852ddd799968,Dr CBS Cyber Security Services,drCbsCyberSecurityServices,Entreprises (produits/solutions et services),Entreprises(produits/solutions et services),,,,,,,"Organisation intervenant dans l’écosystème indien de cybersécurité : services, conseil, formation, innovation ou appui à la sécurité numérique.",https://drcbscybersecurity.com,,,,,,,,,,,,https://www.communecter.org/upload/communecter/organizations/6a1964485bf1852ddd799968/faviconV2.png,https://www.communecter.org/upload/communecter/organizations/6a1964485bf1852ddd799968/medium/faviconV2.png,https://www.communecter.org/upload/communecter/organizations/6a1964485bf1852ddd799968/thumb/profil-resized.png,https://www.communecter.org/#@drCbsCyberSecurityServices,1780048968,1780048968
6a1924bd47e2b6462263e298,DSSI,dssi,Entreprises (produits/solutions et services),Entreprises(produits/solutions et services),LocalBusiness,,,,,,,https://dssi.co.mz/sophos/,,,,Maputo,,MZ,Mozambique,Mozambique,-25.9662130,32.5674500,,,,,https://www.communecter.org/#@dssi,1780032701,1780033455
6a1fbc940a84015a02076c41,East Africa Hi Tech Solutions,eastAfricaHiTechSolutions,Entreprises (produits/solutions et services),Entreprises(produits/solutions et services),LocalBusiness,,,,,,Acteur référencé dans l'écosystème cyber kenyan.,,,,Kenya,Nairobi,,KE,Kenya,Kenya,-1.3122180,36.8068773,,https://www.communecter.org/upload/communecter/organizations/6a1fbc940a84015a02076c41/faviconV2.png,https://www.communecter.org/upload/communecter/organizations/6a1fbc940a84015a02076c41/medium/faviconV2.png,https://www.communecter.org/upload/communecter/organizations/6a1fbc940a84015a02076c41/thumb/profil-resized.png,https://www.communecter.org/#@eastAfricaHiTechSolutions,1780464788,1780464788
697a118d0c47ca348d5cd983,East Africa Recovery Experts,eastAfricaRecoveryExperts,Entreprises (produits/solutions et services),Entreprises(produits/solutions et services),LocalBusiness,Sécurité Cloud | Sécurité des postes | Sécurité des Postes et Mobiles | Sécurité Opérationnelle et Gouvernance (SOC) | Cybersécurité Offensive (Pentest),Incident Responder,,,,Acteur référencé dans l'écosystème cyber kenyan.,eastafricarecoveryexperts.tech,,+254 716 079 961,Kenya,Nairobi,,KE,Kenya,Kenya,-1.3122180,36.8068773,Entreprises(produits/solutions et services) | Réseaux/cluster | Sécurité des postes | Sécurité des Postes et Mobiles | Sécurité Opérationnelle et Gouvernance (SOC) | Cybersécurité Offensive (Pentest) | Sécurité Cloud | Incident Responder,https://www.communecter.org/upload/communecter/organizations/697a118d0c47ca348d5cd983/faviconV2.png,https://www.communecter.org/upload/communecter/organizations/697a118d0c47ca348d5cd983/medium/faviconV2.png,https://www.communecter.org/upload/communecter/organizations/697a118d0c47ca348d5cd983/thumb/profil-resized.png,https://www.communecter.org/#@eastAfricaRecoveryExperts,1769607725,1780464785
6979cb50e9bd6200a64b0506,Eden Conseil & DND Agency,edenConseilAmpDndAgency,Entreprises (produits/solutions et services),Entreprises(produits/solutions et services),NGO,,,,,,,www.eden-conseil.com,fabrice.vandomel@eden-conseil.com,06 92 65 55 08,3 Chemin cours de l'usine Bois Rouge,SAINT-ANDRE,97440,RE,La Réunion,Réunion,-20.95985300,55.65394500,Entreprises(produits/solutions et services),https://www.communecter.org/upload/communecter/organizations/6979cb50e9bd6200a64b0506/DNDA-LA-REUNION.jpeg,https://www.communecter.org/upload/communecter/organizations/6979cb50e9bd6200a64b0506/medium/DNDA-LA-REUNION.jpeg,https://www.communecter.org/upload/communecter/organizations/6979cb50e9bd6200a64b0506/thumb/profil-resized.png,https://www.communecter.org/#@edenConseilAmpDndAgency,1769589584,1769589584
697cc998d7617706b85c157e,EGUARDIAN,eguardian,Entreprises (produits/solutions et services),Entreprises(produits/solutions et services),LocalBusiness,Sécurité Réseau | Sécurité Cloud,Auditeur de sécurité,,,,,https://eguardian.com/,hello@eguardian.com,+94 1 1739 4300 | +94 117 394 300,"16th Floor, Access Tower II, Union Place, Colombo 00200, Sri Lanka",Colombo,,LK,Sri Lanka,Sri Lanka,6.9388614,79.8542005,Réseaux/cluster | Sécurité Réseau | Sécurité Cloud | Entreprises(produits/solutions et services),https://www.communecter.org/upload/communecter/organizations/697cc998d7617706b85c157e/Mask-group.png,https://www.communecter.org/upload/communecter/organizations/697cc998d7617706b85c157e/medium/Mask-group.png,https://www.communecter.org/upload/communecter/organizations/697cc998d7617706b85c157e/thumb/profil-resized.png,https://www.communecter.org/#@eguardian,1769786073,1779954768
6a17f56e854a0c26c50d391f,ElysiumSecurity,elysiumsecurity,Entreprises (produits/solutions et services),Entreprises(produits/solutions et services),LocalBusiness,,,,,,Boutique cybersécurité opérant à Maurice et en Europe.,https://www.elysiumsecurity.com,contact@elysiumsecurity.com,,,Port-Louis,,MU,Maurice,Mauritius,-20.1637281,57.5045331,,https://www.communecter.org/upload/communecter/organizations/6a17f56e854a0c26c50d391f/logo.jpg,https://www.communecter.org/upload/communecter/organizations/6a17f56e854a0c26c50d391f/medium/logo.jpg,https://www.communecter.org/upload/communecter/organizations/6a17f56e854a0c26c50d391f/thumb/profil-resized.png,https://www.communecter.org/#@elysiumsecurity,1779955054,1779955055
697c92c6987132196740b471,Empire Cybersecurity,empireCybersecurity,Entreprises (produits/solutions et services),Entreprises(produits/solutions et services),LocalBusiness,Cybersécurité Offensive (Pentest),Consultant GRC | Auditeur de sécurité | Analyste SOC | Pentester | Red Teame,,,,,https://empire-cybersecurity.com/,info@empire-cybersecurity.com,+258 21 087-355,Av. Kim Il Sung N520 R/C,Maputo,,MZ,Mozambique,Mozambique,-25.9662130,32.5674500,Entreprises(produits/solutions et services) | Cybersécurité Offensive (Pentest),https://www.communecter.org/upload/communecter/organizations/697c92c6987132196740b471/pastedimage.png,https://www.communecter.org/upload/communecter/organizations/697c92c6987132196740b471/medium/pastedimage.png,https://www.communecter.org/upload/communecter/organizations/697c92c6987132196740b471/thumb/pastedimage.png,https://www.communecter.org/#@empireCybersecurity,1769771827,1780033439
6a1fbc7da36b8712222db0e1,Enovise,enovise,Entreprises (produits/solutions et services),Entreprises(produits/solutions et services),LocalBusiness,,,,,,Acteur référencé comme prestataire cybersécurité au Kenya.,,,,Kenya,Nairobi,,KE,Kenya,Kenya,-1.3122180,36.8068773,,https://www.communecter.org/upload/communecter/organizations/6a1fbc7da36b8712222db0e1/faviconV2.png,https://www.communecter.org/upload/communecter/organizations/6a1fbc7da36b8712222db0e1/medium/faviconV2.png,https://www.communecter.org/upload/communecter/organizations/6a1fbc7da36b8712222db0e1/thumb/profil-resized.png,https://www.communecter.org/#@enovise,1780464765,1780464766
6a19651979e0304b6b5aabe8,ESDS Software Solution,esdsSoftwareSolution,Entreprises (produits/solutions et services),Entreprises(produits/solutions et services),,,,,,,"Opérateur de centres de données et services cloud intégrant sécurité, disponibilité, conformité et continuité d’activité pour les entreprises.",https://esds.co.in,,,,,,,,,,,,https://www.communecter.org/upload/communecter/organizations/6a19651979e0304b6b5aabe8/faviconV2.png,https://www.communecter.org/upload/communecter/organizations/6a19651979e0304b6b5aabe8/medium/faviconV2.png,https://www.communecter.org/upload/communecter/organizations/6a19651979e0304b6b5aabe8/thumb/profil-resized.png,https://www.communecter.org/#@esdsSoftwareSolution,1780049177,1780049177
697f6f79140bab300b7fbed3,eSec Forte Technologies,esecForteTechnologies,Entreprises (produits/solutions et services),Entreprises(produits/solutions et services),NGO,Sécurité Opérationnelle et Gouvernance (SOC) | Cybersécurité Offensive (Pentest),Analyste Threat Intelligence | Analyste Forensic,,,,"Prestataire ou éditeur de cybersécurité intervenant sur audit, gouvernance, conformité, gestion des vulnérabilités et protection des systèmes.",https://esecforte.com,,,"A-23, Sector 63, Noida 201301, Uttar Pradesh, India",Noida,,IN,Inde,India,28.5706333,77.3272147,Entreprises(produits/solutions et services) | Cybersécurité Offensive (Pentest) | Sécurité Opérationnelle et Gouvernance (SOC),https://www.communecter.org/upload/communecter/organizations/697f6f79140bab300b7fbed3/faviconV2.png,https://www.communecter.org/upload/communecter/organizations/697f6f79140bab300b7fbed3/medium/faviconV2.png,https://www.communecter.org/upload/communecter/organizations/697f6f79140bab300b7fbed3/thumb/profil-resized.png,https://www.communecter.org/#@esecForteTechnologies,1769959365,1780048899
697cb2415b426e398f6b6645,Eureka Technology,eurekaTechnology,Entreprises (produits/solutions et services),Entreprises(produits/solutions et services) | Sécurité Opérationnelle et Gouvernance (SOC) | Sécurité des Applications | Sécurité Cloud,NGO,Sécurité Cloud | Sécurité Opérationnelle et Gouvernance (SOC) | Sécurité des Applications,Incident Responder,,,,,https://www.eurekamsp.com/,,+94 76 176 2777,Mireka Tower,Colombo,,LK,Sri Lanka,Sri Lanka,6.8831206,79.8678300,Entreprises(produits/solutions et services) | Sécurité Opérationnelle et Gouvernance (SOC) | Sécurité des Applications | Sécurité Cloud,https://www.communecter.org/upload/communecter/organizations/697cb2415b426e398f6b6645/eureka.png,https://www.communecter.org/upload/communecter/organizations/697cb2415b426e398f6b6645/medium/eureka.png,https://www.communecter.org/upload/communecter/organizations/697cb2415b426e398f6b6645/thumb/eureka.png,https://www.communecter.org/#@eurekaTechnology,1769780367,1769780367
6a19635633a0b60fa1680534,Eventus Security,eventusSecurity,Entreprises (produits/solutions et services),Entreprises(produits/solutions et services),,,,,,,"Entreprise de cybersécurité proposant surveillance des menaces, détection, réponse, sécurité réseau ou services de sécurité managée.",https://eventussecurity.com,,,"Eventus Security, Unit 611, 6th Floor, Reliable Tech Park, Airoli, Navi Mumbai 400708, Maharashtra, India",Navi Mumbai,,IN,Inde,India,19.0308262,73.0198537,,https://www.communecter.org/upload/communecter/organizations/6a19635633a0b60fa1680534/faviconV2.png,https://www.communecter.org/upload/communecter/organizations/6a19635633a0b60fa1680534/medium/faviconV2.png,https://www.communecter.org/upload/communecter/organizations/6a19635633a0b60fa1680534/thumb/profil-resized.png,https://www.communecter.org/#@eventusSecurity,1780048726,1780048726
6979cb52e9bd6200a64b050b,EXA SI,exaSi,Entreprises (produits/solutions et services),Entreprises(produits/solutions et services),NGO,,,,,,,www.exa.re/audit-conseil-si,thomas.leong-she@exaco.fr,06 92 22 22 08,4 Rue Monseigneur Mondon,SAINT-DENIS,97400,RE,La Réunion,Réunion,-20.8929335,55.4604201,Entreprises(produits/solutions et services),https://www.communecter.org/upload/communecter/organizations/6979cb52e9bd6200a64b050b/exa-si.png,https://www.communecter.org/upload/communecter/organizations/6979cb52e9bd6200a64b050b/medium/exa-si.png,https://www.communecter.org/upload/communecter/organizations/6979cb52e9bd6200a64b050b/thumb/profil-resized.png,https://www.communecter.org/#@exaSi,1769589586,1769589586
697b27c9e0442b0a79163292,Exclusive Networks,exclusiveNetworks,Entreprises (produits/solutions et services),Entreprises(produits/solutions et services),NGO,Solutions cyber,Architecte sécurité,,,,,,contact@exclusive-networks.com,+230 434 1872,203B,Moka,,MU,Maurice,Mauritius,-20.2218738,57.5027500,Entreprises(produits/solutions et services),https://www.communecter.org/upload/communecter/organizations/697b27c9e0442b0a79163292/Exclusive-Networks.jpg,https://www.communecter.org/upload/communecter/organizations/697b27c9e0442b0a79163292/medium/Exclusive-Networks.jpg,https://www.communecter.org/upload/communecter/organizations/697b27c9e0442b0a79163292/thumb/profil-resized.png,https://www.communecter.org/#@exclusiveNetworks,1769678793,1769763021
6979cb53e9bd6200a64b0510,EXODATA CYBERDEFENSE,exodataCyberdefense,Entreprises (produits/solutions et services),Entreprises(produits/solutions et services),NGO,,,,,,,www.exodata.fr,sales-oi@exodata.fr,02 62 97 79 55,"4 Rue Emile Hugot, Immeuble Darwin, Parc Technord",SAINTE-CLOTILDE,97490,RE,La Réunion,Réunion,-20.9058198,55.5008482,Entreprises(produits/solutions et services),https://www.communecter.org/upload/communecter/organizations/6979cb53e9bd6200a64b0510/exo-data.webp,https://www.communecter.org/upload/communecter/organizations/6979cb53e9bd6200a64b0510/medium/exo-data.webp,https://www.communecter.org/upload/communecter/organizations/6979cb53e9bd6200a64b0510/thumb/profil-resized.png,https://www.communecter.org/#@exodataCyberdefense,1769589587,1769589587
6a1830e42fb8f27c4f1d9a51,EY Australia Cybersecurity,eyAustraliaCybersecurity,Entreprises (produits/solutions et services),Entreprises(produits/solutions et services),LocalBusiness,,,,,,,https://www.ey.com/en_au/services/cybersecurity,,,"200 George Street, Sydney NSW 2000, Australia",Sydney,2000,AU,Australie,Australia,-33.8698439,151.2082848,,,,,https://www.communecter.org/#@eyAustraliaCybersecurity,1779970276,1779970276
6a19653c79e0304b6b5aac00,EY India Cybersecurity,eyIndiaCybersecurity,Entreprises (produits/solutions et services),Entreprises(produits/solutions et services),,,,,,,"Cabinet de conseil offrant des prestations liées à la cybersécurité, aux risques numériques, à la conformité, à l’audit et à la protection des données.",https://ey.com/en_in,,,"Golf View Corporate Tower B, Sector 42, Sector Road, Gurugram 122002, Haryana, India",Gurugram,,IN,Inde,India,28.4646148,77.0299194,,https://www.communecter.org/upload/communecter/organizations/6a19653c79e0304b6b5aac00/faviconV2.png,https://www.communecter.org/upload/communecter/organizations/6a19653c79e0304b6b5aac00/medium/faviconV2.png,https://www.communecter.org/upload/communecter/organizations/6a19653c79e0304b6b5aac00/thumb/profil-resized.png,https://www.communecter.org/#@eyIndiaCybersecurity,1780049213,1780049213
6a1fbbec3e008321fb4ca884,EY Kenya,eyKenya,Entreprises (produits/solutions et services),Entreprises(produits/solutions et services),LocalBusiness,,,,,,"Cabinet d'audit/conseil, cybersécurité, risque IT et conformité.",https://www.ey.com/en_ke,,,"Nairobi, Kenya",Nairobi,,KE,Kenya,Kenya,-1.3015643,36.8128437,,https://www.communecter.org/upload/communecter/organizations/6a1fbbec3e008321fb4ca884/faviconV2.png,https://www.communecter.org/upload/communecter/organizations/6a1fbbec3e008321fb4ca884/medium/faviconV2.png,https://www.communecter.org/upload/communecter/organizations/6a1fbbec3e008321fb4ca884/thumb/profil-resized.png,https://www.communecter.org/#@eyKenya,1780464620,1780464620
6979cb54e9bd6200a64b0515,EYAKO,eyako,Entreprises (produits/solutions et services),Entreprises(produits/solutions et services),NGO,,,,,,,www.eyako.fr,contact@eyako.fr,06 92 16 48 62,"9 Rue des Goyaviers, Lotissement Le Bosquet",BRAS PANON,97412,RE,La Réunion,Réunion,-20.999141,55.680627,Entreprises(produits/solutions et services),https://www.communecter.org/upload/communecter/organizations/6979cb54e9bd6200a64b0515/eyako.png,https://www.communecter.org/upload/communecter/organizations/6979cb54e9bd6200a64b0515/medium/eyako.png,https://www.communecter.org/upload/communecter/organizations/6979cb54e9bd6200a64b0515/thumb/profil-resized.png,https://www.communecter.org/#@eyako,1769589588,1769589588
6a1925ed39647c4ba4563a3d,Factocert Mozambique - ISO 27001,factocertMozambiqueIso27001,Entreprises (produits/solutions et services),Entreprises(produits/solutions et services),LocalBusiness,,,,,,,https://factocert.com/mozambique/iso-27001-certification-in-mozambique/,contact@factocert.com,,,Maputo,,MZ,Mozambique,Mozambique,-25.9662130,32.5674500,,,,,https://www.communecter.org/#@factocertMozambiqueIso27001,1780033005,1780033469
697ca90be921c26692330783,Factosecure,factosecure,Entreprises (produits/solutions et services),Entreprises(produits/solutions et services) | Sécurité Cloud | Sécurité des Applications | Sécurité Réseau,NGO,Sécurité Réseau | Sécurité Cloud | Sécurité des Applications,Incident Responder,,,,,https://factosecure.com/,,+919606818156,560098,Bangalore,,IN,Inde,India,12.9147147,77.5159128,Entreprises(produits/solutions et services) | Sécurité Cloud | Sécurité des Applications | Sécurité Réseau,https://www.communecter.org/upload/communecter/organizations/697ca90be921c26692330783/pastedimage.png,https://www.communecter.org/upload/communecter/organizations/697ca90be921c26692330783/medium/pastedimage.png,https://www.communecter.org/upload/communecter/organizations/697ca90be921c26692330783/thumb/pastedimage.png,https://www.communecter.org/#@factosecure,1769777619,1769777620
697a076c28cfbb16143f4f3a,Fanan Limited,fananLimited,Entreprises (produits/solutions et services),Entreprises(produits/solutions et services),LocalBusiness,Sécurité Opérationnelle et Gouvernance (SOC),,,,,"Prestataire privé de tests d'intrusion, audits et services de cybersécurité managés.",https://fanansolutions.com/,info@fanansolutions.com,,"Nairobi, Kenya",Nairobi,,KE,Kenya,Kenya,-1.3015643,36.8128437,Entreprises(produits/solutions et services) | Réseaux/cluster,https://www.communecter.org/upload/communecter/organizations/697a076c28cfbb16143f4f3a/1780464478_faviconV2.png,https://www.communecter.org/upload/communecter/organizations/697a076c28cfbb16143f4f3a/medium/1780464478_faviconV2.png,https://www.communecter.org/upload/communecter/organizations/697a076c28cfbb16143f4f3a/thumb/profil-resized.png,https://www.communecter.org/#@fananLimited,1769605041,1780464478
6a17f41e93f0f5556a028a56,Fentons Information Technology,fentonsInformationTechnology,Entreprises (produits/solutions et services),Entreprises(produits/solutions et services),LocalBusiness,,,,,,,https://fentonsit.lk/,,,"JFI Tower III, 11th Floor, 75, Piyadasa Sirisena Mawatha, Colombo 10, Sri Lanka.",Colombo,,LK,Sri Lanka,Sri Lanka,6.9388614,79.8542005,,https://www.communecter.org/upload/communecter/organizations/6a17f41e93f0f5556a028a56/logo.png,https://www.communecter.org/upload/communecter/organizations/6a17f41e93f0f5556a028a56/medium/logo.png,https://www.communecter.org/upload/communecter/organizations/6a17f41e93f0f5556a028a56/thumb/profil-resized.png,https://www.communecter.org/#@fentonsInformationTechnology,1779954718,1779954721
6a1831dfcfd5c632b763e2ff,FifthDomain,fifthdomain,Entreprises (produits/solutions et services),Entreprises(produits/solutions et services),LocalBusiness,,,,,,,https://www.fifthdomain.com.au/,,,"FifthDomain, Canberra ACT, Australia",Canberra,,AU,Australie,Australia,-35.2975906,149.1012676,,,,,https://www.communecter.org/#@fifthdomain,1779970527,1779970527
697cd82ac70aab23160e7664,Firewall.lk,firewalllk,Entreprises (produits/solutions et services),Entreprises(produits/solutions et services) | Sécurité Réseau | Sécurité des postes,NGO,Sécurité Réseau | Sécurité des postes,Auditeur de sécurité,,,,,https://firewall.lk/,,+94 11 2868687,Pita Kotte,Colombo,,LK,Sri Lanka,Sri Lanka,6.8832315,79.9018403,Entreprises(produits/solutions et services) | Sécurité Réseau | Sécurité des postes,https://www.communecter.org/upload/communecter/organizations/697cd82ac70aab23160e7664/pastedimage.png,https://www.communecter.org/upload/communecter/organizations/697cd82ac70aab23160e7664/medium/pastedimage.png,https://www.communecter.org/upload/communecter/organizations/697cd82ac70aab23160e7664/thumb/pastedimage.png,https://www.communecter.org/#@firewalllk,1769789561,1769789561
6a045057a2636632df0f581c,Flashnet Technologies,flashnetTechnologies,Entreprises (produits/solutions et services),Entreprises(produits/solutions et services),LocalBusiness,Sécurité Opérationnelle et Gouvernance (SOC),,,,,,https://flashnet.co.tz/cybersecurity/,,,"5th Floor, Garden Avenue Tower (PPF Towers), Ohio Street,",Dar es-Salam,,TZ,Tanzanie,Tanzania,-6.8160837,39.2803583,,https://www.communecter.org/upload/communecter/organizations/6a045057a2636632df0f581c/Flashnet-Logo-ISO-01.png,https://www.communecter.org/upload/communecter/organizations/6a045057a2636632df0f581c/medium/Flashnet-Logo-ISO-01.png,https://www.communecter.org/upload/communecter/organizations/6a045057a2636632df0f581c/thumb/profil-resized.png,https://www.communecter.org/#@flashnetTechnologies,1778667607,1780035545
6a17f45193f0f5556a028a7c,Flix11,flix11,Entreprises (produits/solutions et services),Entreprises(produits/solutions et services),LocalBusiness,,,,,,,https://flix11.com/,,,"Battaramulla, Sri Lanka",Colombo,,LK,Sri Lanka,Sri Lanka,6.9388614,79.8542005,,,,,https://www.communecter.org/#@flix11,1779954769,1779954769
6a19788d4a20e6669b2e8023,Focus Computers Maldives,focusComputersMaldives,Entreprises (produits/solutions et services),Entreprises(produits/solutions et services),LocalBusiness,,,,,,"Fournisseur maldivien de solutions et services IT : cloud, automatisation, cybersécurité, conseil, services managés et distribution technologique.",https://www.focuscomp.com/,,,,Malé,,MV,Maldives,Maldives,4.1779879,73.5107387,,https://www.communecter.org/upload/communecter/organizations/6a19788d4a20e6669b2e8023/faviconV2.png,https://www.communecter.org/upload/communecter/organizations/6a19788d4a20e6669b2e8023/medium/faviconV2.png,https://www.communecter.org/upload/communecter/organizations/6a19788d4a20e6669b2e8023/thumb/profil-resized.png,https://www.communecter.org/#@focusComputersMaldives,1780054157,1780054158
697c912c987132196740b455,Fort Knox Cyber Security,fortKnoxCyberSecurity,Entreprises (produits/solutions et services),Entreprises(produits/solutions et services) | Sécurité Réseau | Sécurité Cloud,NGO,Sécurité Réseau | Sécurité Cloud,,,,,,cybersecuritycompany.africa,,,Montecasino Blvd,Sandton,,ZA,Afrique du Sud,Afrique du Sud,-26.0246557,28.0114045,Entreprises(produits/solutions et services) | Sécurité Réseau | Sécurité Cloud,https://www.communecter.org/upload/communecter/organizations/697c912c987132196740b455/pastedimage.png,https://www.communecter.org/upload/communecter/organizations/697c912c987132196740b455/medium/pastedimage.png,https://www.communecter.org/upload/communecter/organizations/697c912c987132196740b455/thumb/pastedimage.png,https://www.communecter.org/#@fortKnoxCyberSecurity,1769771488,1769771488
6a19888193d3e12c4c29a9d6,Fort Knox Cyber Security - Seychelles,fortKnoxCyberSecuritySeychelles,Entreprises (produits/solutions et services),Entreprises(produits/solutions et services),LocalBusiness,,,,,,Société sud-africaine de cybersécurité et cyberassurance proposant des services couvrant aussi les Seychelles.,https://fortknoxcybersecurity.africa/,,,"Block E, 4th Floor, The Pivot, 1 Montecasino Boulevard, Fourways, Sandton, 2055, South Africa",Victoria,,SC,Seychelles,Seychelles,-4.6232085,55.4523590,,https://www.communecter.org/upload/communecter/organizations/6a19888193d3e12c4c29a9d6/faviconV2.png,https://www.communecter.org/upload/communecter/organizations/6a19888193d3e12c4c29a9d6/medium/faviconV2.png,https://www.communecter.org/upload/communecter/organizations/6a19888193d3e12c4c29a9d6/thumb/profil-resized.png,https://www.communecter.org/#@fortKnoxCyberSecuritySeychelles,1780058241,1780058241
6a1925b839647c4ba4563a33,Fort Knox Cyber Security Africa - Mozambique,fortKnoxCyberSecurityAfricaMozambique,Entreprises (produits/solutions et services),Entreprises(produits/solutions et services),LocalBusiness,,,,,,,https://fortknoxcybersecurity.africa/best-cyber-security-company-mozambique/,,,,Maputo,,MZ,Mozambique,Mozambique,-25.9662130,32.5674500,,,,,https://www.communecter.org/#@fortKnoxCyberSecurityAfricaMozambique,1780032952,1780033467
6a1fd639334b8c1a301465bd,Fort Knox Cyber Security Madagascar,fortKnoxCyberSecurityMadagascar,Entreprises (produits/solutions et services),Entreprises(produits/solutions et services),LocalBusiness,,,,,,Prestataire cybersécurité régional avec page Madagascar.,https://fortknoxcybersecurity.africa/best-cyber-security-company-in-madagascar/,,,,,,,,,,,,https://www.communecter.org/upload/communecter/organizations/6a1fd639334b8c1a301465bd/fort-knox-final-email-logo-landscape.png,https://www.communecter.org/upload/communecter/organizations/6a1fd639334b8c1a301465bd/medium/fort-knox-final-email-logo-landscape.png,https://www.communecter.org/upload/communecter/organizations/6a1fd639334b8c1a301465bd/thumb/profil-resized.png,https://www.communecter.org/#@fortKnoxCyberSecurityMadagascar,1780471353,1780471355
6a183140cfd5c632b763e28c,Fortinet Australia,fortinetAustralia,Entreprises (produits/solutions et services),Entreprises(produits/solutions et services),LocalBusiness,,,,,,,https://www.fortinet.com/au,,,"Fortinet Australia, Level 10, 20 Martin Place, Sydney NSW 2000, Australia",Sydney,2000,AU,Australie,Australia,-33.8698439,151.2082848,,,,,https://www.communecter.org/#@fortinetAustralia,1779970368,1779970368
6a045a9ef9b5903c5307bce6,Fortinet Tanzania,fortinetTanzania,Entreprises (produits/solutions et services),Entreprises(produits/solutions et services),LocalBusiness,Sécurité Opérationnelle et Gouvernance (SOC),,,,,,https://fortinettanzania.co.tz/,,,"Flashnet Technologies, 5th Floor, Garden Avenue, Ohio Street, Dar es Salaam, Tanzania",Dar es-Salam,,TZ,Tanzanie,Tanzania,-6.8160837,39.2803583,,https://www.communecter.org/upload/communecter/organizations/6a045a9ef9b5903c5307bce6/faviconV2.png,https://www.communecter.org/upload/communecter/organizations/6a045a9ef9b5903c5307bce6/medium/faviconV2.png,https://www.communecter.org/upload/communecter/organizations/6a045a9ef9b5903c5307bce6/thumb/profil-resized.png,https://www.communecter.org/#@fortinetTanzania,1778670238,1780035582
6a1965ae92df61291f18182d,G.D. Apte & Co.,gdApteAmpCo,Entreprises (produits/solutions et services),Entreprises(produits/solutions et services),,,,,,,"Organisation intervenant dans l’écosystème indien de cybersécurité : services, conseil, formation, innovation ou appui à la sécurité numérique.",https://gdaca.com,,,,,,,,,,,,https://www.communecter.org/upload/communecter/organizations/6a1965ae92df61291f18182d/faviconV2.png,https://www.communecter.org/upload/communecter/organizations/6a1965ae92df61291f18182d/medium/faviconV2.png,https://www.communecter.org/upload/communecter/organizations/6a1965ae92df61291f18182d/thumb/profil-resized.png,https://www.communecter.org/#@gdApteAmpCo,1780049326,1780049327
6a19887b93d3e12c4c29a9d1,G5 Cyber Security - Seychelles,g5CyberSecuritySeychelles,Entreprises (produits/solutions et services),Entreprises(produits/solutions et services),LocalBusiness,,,,,,Prestataire de cybersécurité et de protection des données proposant un accompagnement à distance pour les organisations seychelloises.,https://g5cybersecurity.com/,,,,Victoria,,SC,Seychelles,Seychelles,-4.6232085,55.4523590,,https://www.communecter.org/upload/communecter/organizations/6a19887b93d3e12c4c29a9d1/faviconV2.png,https://www.communecter.org/upload/communecter/organizations/6a19887b93d3e12c4c29a9d1/medium/faviconV2.png,https://www.communecter.org/upload/communecter/organizations/6a19887b93d3e12c4c29a9d1/thumb/profil-resized.png,https://www.communecter.org/#@g5CyberSecuritySeychelles,1780058235,1780058235
6979f19b15ffbc323a19ace3,GOTECH SARL,gotechSarl,Entreprises (produits/solutions et services),Entreprises(produits/solutions et services),LocalBusiness,Cybersécurité | Sécurité Réseau | Protection des données | Services IT,Firewalls,,,,"Cybersécurité & solutions IT (firewall, antivirus, DLP)",https://www.gotechmu.tech/,info-mg@gotechmu.com,+261 32 11 251 65,Andranomahery,Antananarivo,,MG,Madagascar,Madagascar,-18.8839756,47.5171588,Entreprises(produits/solutions et services) | Cybersécurité | Sécurité Réseau | Protection des données | Services IT | Firewalls,https://www.communecter.org/upload/communecter/organizations/6979f19b15ffbc323a19ace3/gotechmadagascarlogo.jpeg,https://www.communecter.org/upload/communecter/organizations/6979f19b15ffbc323a19ace3/medium/gotechmadagascarlogo.jpeg,https://www.communecter.org/upload/communecter/organizations/6979f19b15ffbc323a19ace3/thumb/profil-resized.png,https://www.communecter.org/#@gotechSarl,1769602183,1770199089
6a19655a79e0304b6b5aac0f,Grant Thornton Bharat Cybersecurity,grantThorntonBharatCybersecurity,Entreprises (produits/solutions et services),Entreprises(produits/solutions et services),,,,,,,"Cabinet de conseil offrant des prestations liées à la cybersécurité, aux risques numériques, à la conformité, à l’audit et à la protection des données.",https://grantthornton.in,,,"L-41 Connaught Circus, New Delhi 110001, India",New Delhi,,IN,Inde,India,28.6138954,77.2090057,,https://www.communecter.org/upload/communecter/organizations/6a19655a79e0304b6b5aac0f/faviconV2.jpg,https://www.communecter.org/upload/communecter/organizations/6a19655a79e0304b6b5aac0f/medium/faviconV2.jpg,https://www.communecter.org/upload/communecter/organizations/6a19655a79e0304b6b5aac0f/thumb/profil-resized.png,https://www.communecter.org/#@grantThorntonBharatCybersecurity,1780049242,1780049242
6a1fbbf73e008321fb4ca889,Grant Thornton Kenya,grantThorntonKenya,Entreprises (produits/solutions et services),Entreprises(produits/solutions et services),LocalBusiness,,,,,,Cabinet d'audit/conseil pouvant intervenir sur risque IT et conformité.,https://www.grantthornton.co.ke/,,,"Nairobi, Kenya",Nairobi,,KE,Kenya,Kenya,-1.3015643,36.8128437,,https://www.communecter.org/upload/communecter/organizations/6a1fbbf73e008321fb4ca889/faviconV2.jpg,https://www.communecter.org/upload/communecter/organizations/6a1fbbf73e008321fb4ca889/medium/faviconV2.jpg,https://www.communecter.org/upload/communecter/organizations/6a1fbbf73e008321fb4ca889/thumb/profil-resized.png,https://www.communecter.org/#@grantThorntonKenya,1780464631,1780464632
6a1831b6cfd5c632b763e2e1,Gridware,gridware,Entreprises (produits/solutions et services),Entreprises(produits/solutions et services),LocalBusiness,,,,,,,https://www.gridware.com.au/,,,"Suite 6, Level 12, 189 Kent Street, Sydney NSW 2000, Australia",Sydney,2000,AU,Australie,Australia,-33.8698439,151.2082848,,,,,https://www.communecter.org/#@gridware,1779970486,1779970486
6a045ae1f9b5903c5307bcf0,Habari Node,habariNode,Entreprises (produits/solutions et services),Entreprises(produits/solutions et services),LocalBusiness,Sécurité Opérationnelle et Gouvernance (SOC),,,,,,https://habari.co.tz/,,,"13 Nyerere Road, Mahakama Street, P.O. Box 1215, Arusha, Tanzania",Arusha,,TZ,Tanzanie,Tanzania,-3.3696827,36.6880794,,https://www.communecter.org/upload/communecter/organizations/6a045ae1f9b5903c5307bcf0/faviconV2.png,https://www.communecter.org/upload/communecter/organizations/6a045ae1f9b5903c5307bcf0/medium/faviconV2.png,https://www.communecter.org/upload/communecter/organizations/6a045ae1f9b5903c5307bcf0/thumb/profil-resized.png,https://www.communecter.org/#@habariNode,1778670305,1780035585
6a1831edcfd5c632b763e30a,HackHunter,hackhunter,Entreprises (produits/solutions et services),Entreprises(produits/solutions et services),LocalBusiness,,,,,,,https://www.hackhunter.io/,,,"HackHunter, Canberra ACT, Australia",Melbourne,,AU,Australie,Australia,-37.8142454,144.9631732,,,,,https://www.communecter.org/#@hackhunter,1779970541,1779970541
6a1965b992df61291f181837,HackIT Technology and Advisory Services,hackitTechnologyAndAdvisoryServices,Entreprises (produits/solutions et services),Entreprises(produits/solutions et services),,,,,,,"Organisation intervenant dans l’écosystème indien de cybersécurité : services, conseil, formation, innovation ou appui à la sécurité numérique.",https://hackit.co.in,,,,,,,,,,,,https://www.communecter.org/upload/communecter/organizations/6a1965b992df61291f181837/faviconV2.png,https://www.communecter.org/upload/communecter/organizations/6a1965b992df61291f181837/medium/faviconV2.png,https://www.communecter.org/upload/communecter/organizations/6a1965b992df61291f181837/thumb/profil-resized.png,https://www.communecter.org/#@hackitTechnologyAndAdvisoryServices,1780049337,1780049338
6a1964d65bf1852ddd7999b8,Happiest Minds Security Services,happiestMindsSecurityServices,Entreprises (produits/solutions et services),Entreprises(produits/solutions et services),,,,,,,"Grand prestataire technologique ou télécom proposant des services numériques et des offres de cybersécurité, sécurité managée, cloud et résilience.",https://happiestminds.com,,,,,,,,,,,,https://www.communecter.org/upload/communecter/organizations/6a1964d65bf1852ddd7999b8/faviconV2.png,https://www.communecter.org/upload/communecter/organizations/6a1964d65bf1852ddd7999b8/medium/faviconV2.png,https://www.communecter.org/upload/communecter/organizations/6a1964d65bf1852ddd7999b8/thumb/profil-resized.png,https://www.communecter.org/#@happiestMindsSecurityServices,1780049110,1780049110
697b27f9e0442b0a791632c0,Harel Mallac Technologies (HMT),harelMallacTechnologiesHmt,Entreprises (produits/solutions et services),Entreprises(produits/solutions et services),NGO,Solutions cybersécurité & IT (réseau | SIEM | Sécurité endpoint),,,,,,,hmtinfo@harelmallac.com,,"1st Floor, Block A, Phoenix Central, Vacoas-Phoenix 73524",Vacoas-Phoenix,73524,MU,Maurice,Mauritius,-20.2988802,57.4927689,Entreprises(produits/solutions et services),https://www.communecter.org/upload/communecter/organizations/697b27f9e0442b0a791632c0/haral.jpeg,https://www.communecter.org/upload/communecter/organizations/697b27f9e0442b0a791632c0/medium/haral.jpeg,https://www.communecter.org/upload/communecter/organizations/697b27f9e0442b0a791632c0/thumb/profil-resized.png,https://www.communecter.org/#@harelMallacTechnologiesHmt,1769678841,1769678841
697f72722c338f6fcb05cda0,HCL Technologies – Cybersecurity,hclTechnologiesCybersecurity,Entreprises (produits/solutions et services),Entreprises(produits/solutions et services) | Sécurité Opérationnelle et Gouvernance (SOC),NGO,Sécurité Opérationnelle et Gouvernance (SOC),Analyste SOC | Analyste Threat Intelligence,,,,,https://www.hcltech.com/,,,,Noida,,IN,Inde,India,28.5706333,77.3272147,Entreprises(produits/solutions et services) | Sécurité Opérationnelle et Gouvernance (SOC),https://www.communecter.org/upload/communecter/organizations/697f72722c338f6fcb05cda0/pastedimage.png,https://www.communecter.org/upload/communecter/organizations/697f72722c338f6fcb05cda0/medium/pastedimage.png,https://www.communecter.org/upload/communecter/organizations/697f72722c338f6fcb05cda0/thumb/pastedimage.png,https://www.communecter.org/#@hclTechnologiesCybersecurity,1769960095,1769960095
6a1964a35bf1852ddd79999f,HCLTech Cybersecurity,hcltechCybersecurity,Entreprises (produits/solutions et services),Entreprises(produits/solutions et services),,,,,,,"Grand prestataire technologique ou télécom proposant des services numériques et des offres de cybersécurité, sécurité managée, cloud et résilience.",https://hcltech.com,,,"806, Siddharth, 96, Nehru Place, New Delhi 110019, India",New Delhi,,IN,Inde,India,28.6138954,77.2090057,,https://www.communecter.org/upload/communecter/organizations/6a1964a35bf1852ddd79999f/faviconV2.jpg,https://www.communecter.org/upload/communecter/organizations/6a1964a35bf1852ddd79999f/medium/faviconV2.jpg,https://www.communecter.org/upload/communecter/organizations/6a1964a35bf1852ddd79999f/thumb/profil-resized.png,https://www.communecter.org/#@hcltechCybersecurity,1780049060,1780049060
6a1964cc5bf1852ddd7999b3,Hexaware Cybersecurity,hexawareCybersecurity,Entreprises (produits/solutions et services),Entreprises(produits/solutions et services),,,,,,,"Grand prestataire technologique ou télécom proposant des services numériques et des offres de cybersécurité, sécurité managée, cloud et résilience.",https://hexaware.com,,,"152, Millennium Business Park, Sector III, A Block, TTC Industrial Area, Mahape, Navi Mumbai 400710, Maharashtra, India",Navi Mumbai,,IN,Inde,India,19.0308262,73.0198537,,https://www.communecter.org/upload/communecter/organizations/6a1964cc5bf1852ddd7999b3/faviconV2.png,https://www.communecter.org/upload/communecter/organizations/6a1964cc5bf1852ddd7999b3/medium/faviconV2.png,https://www.communecter.org/upload/communecter/organizations/6a1964cc5bf1852ddd7999b3/thumb/profil-resized.png,https://www.communecter.org/#@hexawareCybersecurity,1780049100,1780049100
6a04530156555a548318df85,Hi Tech Data Group,hiTechDataGroup,Entreprises (produits/solutions et services),Entreprises(produits/solutions et services),LocalBusiness,Sécurité Opérationnelle et Gouvernance (SOC),,,,,,https://hitechdatagroup.com/,,,,,,,,,,,,https://www.communecter.org/upload/communecter/organizations/6a04530156555a548318df85/faviconV2.jpg,https://www.communecter.org/upload/communecter/organizations/6a04530156555a548318df85/medium/faviconV2.jpg,https://www.communecter.org/upload/communecter/organizations/6a04530156555a548318df85/thumb/profil-resized.png,https://www.communecter.org/#@hiTechDataGroup,1778668289,1780035571
6a192409e929ac136a19cac8,HLB Mozambique,hlbMozambique,Entreprises (produits/solutions et services),Entreprises(produits/solutions et services),LocalBusiness,,,,,,,https://www.hlb-mz.com/services/cybersecurity/,geral@hlb-mz.com,,"Julius Nyerere Avenue nr 854, 1st Floor",Maputo,,MZ,Mozambique,Mozambique,-25.9662130,32.5674500,,,,,https://www.communecter.org/#@hlbMozambique,1780032521,1780033441
6979cb56e9bd6200a64b051f,Hodi,hodi,Entreprises (produits/solutions et services),Entreprises(produits/solutions et services),NGO,Sécurité Réseau,Ingénieur Sécurité Cloud,,,,,www.hodi.host,hello@hodi.host,02 62 80 07 50,14 Rue Pasteur,SAINT-DENIS,97400,RE,La Réunion,Réunion,-20.8793175,55.4496514,Entreprises(produits/solutions et services) | Sécurité Réseau | Ingénieur Sécurité Cloud,https://www.communecter.org/upload/communecter/organizations/6979cb56e9bd6200a64b051f/hodi.jpeg,https://www.communecter.org/upload/communecter/organizations/6979cb56e9bd6200a64b051f/medium/hodi.jpeg,https://www.communecter.org/upload/communecter/organizations/6979cb56e9bd6200a64b051f/thumb/profil-resized.png,https://www.communecter.org/#@hodi,1769589590,1770286513
6a1965c692df61291f181841,Honeywell Automation India,honeywellAutomationIndia,Entreprises (produits/solutions et services),Entreprises(produits/solutions et services),,,,,,,"Organisation intervenant dans l’écosystème indien de cybersécurité : services, conseil, formation, innovation ou appui à la sécurité numérique.",https://honeywell.com/in,,,,,,,,,,,,https://www.communecter.org/upload/communecter/organizations/6a1965c692df61291f181841/faviconV2.png,https://www.communecter.org/upload/communecter/organizations/6a1965c692df61291f181841/medium/faviconV2.png,https://www.communecter.org/upload/communecter/organizations/6a1965c692df61291f181841/thumb/profil-resized.png,https://www.communecter.org/#@honeywellAutomationIndia,1780049350,1780049351
6a1831c3cfd5c632b763e2ea,Huntsman Security,huntsmanSecurity,Entreprises (produits/solutions et services),Entreprises(produits/solutions et services),LocalBusiness,,,,,,,https://www.huntsmansecurity.com/,,,"Huntsman Security, Level 2, 350 Kent Street, Sydney NSW 2000, Australia",Sydney,2000,AU,Australie,Australia,-33.8698439,151.2082848,,,,,https://www.communecter.org/#@huntsmanSecurity,1779970499,1779970499
6a183127cfd5c632b763e279,IBM Security Australia,ibmSecurityAustralia,Entreprises (produits/solutions et services),Entreprises(produits/solutions et services),LocalBusiness,,,,,,,https://www.ibm.com/au-en/security,,,"IBM Australia, 60 City Road, Southbank VIC 3006, Australia",Southbank,,AU,Australie,Australia,-37.8253618,144.9640203,,,,,https://www.communecter.org/#@ibmSecurityAustralia,1779970343,1779970343
6a19656979e0304b6b5aac19,Ikigai Law,ikigaiLaw,Entreprises (produits/solutions et services),Entreprises(produits/solutions et services),,,,,,,"Cabinet de conseil offrant des prestations liées à la cybersécurité, aux risques numériques, à la conformité, à l’audit et à la protection des données.",https://ikigailaw.com,,,"D-47, Defence Colony, New Delhi 110024, India",New Delhi,,IN,Inde,India,28.6138954,77.2090057,,https://www.communecter.org/upload/communecter/organizations/6a19656979e0304b6b5aac19/faviconV2.png,https://www.communecter.org/upload/communecter/organizations/6a19656979e0304b6b5aac19/medium/faviconV2.png,https://www.communecter.org/upload/communecter/organizations/6a19656979e0304b6b5aac19/thumb/profil-resized.png,https://www.communecter.org/#@ikigaiLaw,1780049257,1780049257
6a1fbca40a84015a02076c46,Inceptor Kenya,inceptorKenya,Entreprises (produits/solutions et services),Entreprises(produits/solutions et services),LocalBusiness,,,,,,Acteur référencé dans l'écosystème cyber kenyan.,,,,Kenya,Nairobi,,KE,Kenya,Kenya,-1.3122180,36.8068773,,https://www.communecter.org/upload/communecter/organizations/6a1fbca40a84015a02076c46/faviconV2.jpg,https://www.communecter.org/upload/communecter/organizations/6a1fbca40a84015a02076c46/medium/faviconV2.jpg,https://www.communecter.org/upload/communecter/organizations/6a1fbca40a84015a02076c46/thumb/profil-resized.png,https://www.communecter.org/#@inceptorKenya,1780464804,1780464804
6a19633a33a0b60fa1680521,Indusface,indusface,Entreprises (produits/solutions et services),Entreprises(produits/solutions et services),,,,,,,"Prestataire ou éditeur de cybersécurité intervenant sur audit, gouvernance, conformité, gestion des vulnérabilités et protection des systèmes.",https://indusface.com,,,,,,,,,,,,https://www.communecter.org/upload/communecter/organizations/6a19633a33a0b60fa1680521/faviconV2.png,https://www.communecter.org/upload/communecter/organizations/6a19633a33a0b60fa1680521/medium/faviconV2.png,https://www.communecter.org/upload/communecter/organizations/6a19633a33a0b60fa1680521/thumb/profil-resized.png,https://www.communecter.org/#@indusface,1780048698,1780048698
6979cb57e9bd6200a64b0524,Infodom (INFRE),infodomInfre,Entreprises (produits/solutions et services),Entreprises(produits/solutions et services),NGO,Sécurité Réseau | Sécurité des postes,Ingénieur Sécurité Cloud,,,,,www.infodom.com,anais.hugot@infodom.com,06 92 00 99 39,"2 Rue Albert Lougnon, N9 Ateliers Grand Canal",SAINTE-CLOTILDE,97490,RE,La Réunion,Réunion,-20.9042654,55.4988688,Entreprises(produits/solutions et services) | Sécurité Réseau | Sécurité des postes | Ingénieur Sécurité Cloud,https://www.communecter.org/upload/communecter/organizations/6979cb57e9bd6200a64b0524/infodom.jpeg,https://www.communecter.org/upload/communecter/organizations/6979cb57e9bd6200a64b0524/medium/infodom.jpeg,https://www.communecter.org/upload/communecter/organizations/6979cb57e9bd6200a64b0524/thumb/profil-resized.png,https://www.communecter.org/#@infodomInfre,1769589591,1770286100
697cc7127c08a3136b6f8fd7,Informatics Int.,informaticsInt,Entreprises (produits/solutions et services),Entreprises(produits/solutions et services) | Sécurité Opérationnelle et Gouvernance (SOC),NGO,Sécurité Opérationnelle et Gouvernance (SOC),Analyste SOC,,,,,https://www.informaticsint.com/,,+94 11 532 2900,35 Edward,Colombo,,LK,Sri Lanka,Sri Lanka,6.8988872,79.8805002,Entreprises(produits/solutions et services) | Sécurité Opérationnelle et Gouvernance (SOC),https://www.communecter.org/upload/communecter/organizations/697cc7127c08a3136b6f8fd7/pastedimage.png,https://www.communecter.org/upload/communecter/organizations/697cc7127c08a3136b6f8fd7/medium/pastedimage.png,https://www.communecter.org/upload/communecter/organizations/697cc7127c08a3136b6f8fd7/thumb/pastedimage.png,https://www.communecter.org/#@informaticsInt,1769785329,1769785330
6a045077a2636632df0f5821,INFOSEC (T) LIMITED,infosecTLimited1,Entreprises (produits/solutions et services),Entreprises(produits/solutions et services),LocalBusiness,Sécurité Opérationnelle et Gouvernance (SOC),,,,,,https://www.infosec.co.tz/,,,"Derm Complex, Kijitonyama",Dar es-Salam,,TZ,Tanzanie,Tanzania,-6.7764973,39.2447108,,https://www.communecter.org/upload/communecter/organizations/6a045077a2636632df0f5821/logo-w-h.png,https://www.communecter.org/upload/communecter/organizations/6a045077a2636632df0f5821/medium/logo-w-h.png,https://www.communecter.org/upload/communecter/organizations/6a045077a2636632df0f5821/thumb/profil-resized.png,https://www.communecter.org/#@infosecTLimited1,1778667639,1780035548
697c82262776727620051c67,Infosec (T) Limited,infosecTLimited,Entreprises (produits/solutions et services),Entreprises(produits/solutions et services) | Sécurité Réseau,NGO,Sécurité Réseau,Auditeur de sécurité | Architecte Sécurité,,,,,https://www.infosec.co.tz/,info@infosec.co.tz,+255673240533,New Bagamoyo,Dar es-Salam,,TZ,Tanzanie,Tanzanie,-6.7772437,39.2705013,Entreprises(produits/solutions et services) | Sécurité Réseau,https://www.communecter.org/upload/communecter/organizations/697c82262776727620051c67/pastedimage.png,https://www.communecter.org/upload/communecter/organizations/697c82262776727620051c67/medium/pastedimage.png,https://www.communecter.org/upload/communecter/organizations/697c82262776727620051c67/thumb/pastedimage.png,https://www.communecter.org/#@infosecTLimited,1769767580,1769767580
6a1964925bf1852ddd799995,Infosys Cybersecurity,infosysCybersecurity,Entreprises (produits/solutions et services),Entreprises(produits/solutions et services),,,,,,,"Grand prestataire technologique ou télécom proposant des services numériques et des offres de cybersécurité, sécurité managée, cloud et résilience.",https://infosys.com,,,,,,,,,,,,https://www.communecter.org/upload/communecter/organizations/6a1964925bf1852ddd799995/faviconV2.png,https://www.communecter.org/upload/communecter/organizations/6a1964925bf1852ddd799995/medium/faviconV2.png,https://www.communecter.org/upload/communecter/organizations/6a1964925bf1852ddd799995/thumb/profil-resized.png,https://www.communecter.org/#@infosysCybersecurity,1780049042,1780049042
697f71e82c338f6fcb05cd9b,Infosys – Cybersecurity Services,infosysCybersecurityServices,Entreprises (produits/solutions et services),Entreprises(produits/solutions et services) | Sécurité Cloud,NGO,Sécurité Cloud,Architecte Sécurité,,,,,https://www.infosys.com/,,,Hosur Road,Bangalore,,IN,Inde,Inde,12.9258553,77.6170186,Entreprises(produits/solutions et services) | Sécurité Cloud,https://www.communecter.org/upload/communecter/organizations/697f71e82c338f6fcb05cd9b/pastedimage.png,https://www.communecter.org/upload/communecter/organizations/697f71e82c338f6fcb05cd9b/medium/pastedimage.png,https://www.communecter.org/upload/communecter/organizations/697f71e82c338f6fcb05cd9b/thumb/pastedimage.png,https://www.communecter.org/#@infosysCybersecurityServices,1769960028,1769960028
6a17f5a0854a0c26c50d394c,InfraWorks Consulting Ltd,infraworksConsultingLtd,Entreprises (produits/solutions et services),Entreprises(produits/solutions et services),NGO,Assurance Qualité Logicielle (QA) | Tests Logiciels | Automatisation des Tests | Tests de Performance | Cybersécurité | Gouvernance | Risques et Conformité (GRC) | Audit Informatique | Audit de Cybersécurité | Infrastructures Informatiques | Administration Systèmes et Réseaux | Cloud Computing | Microsoft 365 | Azure | DevOps | Transformation Digitale | Services Managés (Managed Services) | Support Informatique | Continuité d'Activité et Reprise après Sinistre (BCP/DR) | Gestion des Identités et des Accès (IAM) | Centre de Services IT (ITSM) | Gouvernance IT | Formation IT,Assurance Qualité Logicielle (QA) | Tests Fonctionnels et Tests d’Intégration | Automatisation des Tests (Selenium | Playwright) | Tests de Performance et de Charge (JMeter) | Tests API et Validation de Données | Gouvernance Qualité et Centre d’Excellence QA (TCoE) | Cybersécurité et Audit de Sécurité | Audit Informatique et Conformité | Microsoft 365 et Modern Workplace | Microsoft Intune et Gestion des Terminaux | Administration Systèmes Windows et Active Directory | Réseaux et Infrastructures Informatiques | Cloud Microsoft Azure | Services Managés (Managed Services) | Support et Maintenance IT | ERP | CRM et Applications Métier | Transformation Digitale | Gestion de Projets IT | IT Service Management (ITSM) | Continuité d’Activité et Reprise après Sinistre (BCP/DR),"QA & Tests Logiciels, Cybersécurité, Audit Informatique, Microsoft 365, Azure, Infrastructures IT, Réseaux, Services Managés, Support IT, et Transformation Digitale.","InfraWorks Consulting s’appuie sur un réseau de consultants et d’experts spécialisés en infrastructure IT, Microsoft 365, cloud, cybersécurité, audit informatique et assurance qualité logicielle (QA), permettant de mobiliser rapidement les compétences adaptées aux besoins des clients.",,Société IT mauricienne référencée sur TechBehemoths/Clutch pour cybersecurity et managed services.,https://www.infraworksconsulting.com,contact@infraworksconsulting.com,+230 57611371,"Vacoas-Phoenix, Mauritius",Vacoas-Phoenix,,MU,Maurice,Mauritius,-20.2988802,57.4927689,Assurance Qualité Logicielle (QA) | Tests Fonctionnels et Tests d’Intégration | Automatisation des Tests (Selenium | Playwright) | Tests de Performance et de Charge (JMeter) | Tests API et Validation de Données | Gouvernance Qualité et Centre d’Excellence QA (TCoE) | Cybersécurité et Audit de Sécurité | Audit Informatique et Conformité | Microsoft 365 et Modern Workplace | Microsoft Intune et Gestion des Terminaux | Administration Systèmes Windows et Active Directory | Réseaux et Infrastructures Informatiques | Cloud Microsoft Azure | Services Managés (Managed Services) | Support et Maintenance IT | ERP | CRM et Applications Métier | Transformation Digitale | Gestion de Projets IT | IT Service Management (ITSM) | Continuité d’Activité et Reprise après Sinistre (BCP/DR),https://www.communecter.org/upload/communecter/organizations/6a3d559333a24a6a5d4a6d9f/logo.jpg,https://www.communecter.org/upload/communecter/organizations/6a3d559333a24a6a5d4a6d9f/medium/logo.jpg,https://www.communecter.org/upload/communecter/organizations/6a3d559333a24a6a5d4a6d9f/thumb/logo.jpg,https://www.communecter.org/#@infraworksConsultingLtd,1779955104,1782405362
6a17f5a8854a0c26c50d3952,Initiative Tech Solutions - ITS Ltd,initiativeTechSolutionsItsLtd,Entreprises (produits/solutions et services),Entreprises(produits/solutions et services),LocalBusiness,,,,,,Société régionale IT avec implantation à Maurice et services cybersécurité.,https://itsltd.online,,,"The Cubicle, 3rd Floor, 35-37 Royal Road, Phoenix 73652, Mauritius",Vacoas-Phoenix,,MU,Maurice,Mauritius,-20.2988802,57.4927689,,,,,https://www.communecter.org/#@initiativeTechSolutionsItsLtd,1779955112,1779955112
697f706b140bab300b7fbee5,Innefu Labs,innefuLabs,Entreprises (produits/solutions et services),Entreprises(produits/solutions et services),NGO,Sécurité Opérationnelle et Gouvernance (SOC),Analyste Threat Intelligence | Analyste Forensic,,,,"Entreprise de cybersécurité proposant surveillance des menaces, détection, réponse, sécurité réseau ou services de sécurité managée.",https://innefu.com,,,"C-4, Sector 58, Noida 201301, Uttar Pradesh, India",Noida,,IN,Inde,India,28.5706333,77.3272147,Entreprises(produits/solutions et services) | Sécurité Opérationnelle et Gouvernance (SOC),https://www.communecter.org/upload/communecter/organizations/697f706b140bab300b7fbee5/faviconV2.png,https://www.communecter.org/upload/communecter/organizations/697f706b140bab300b7fbee5/medium/faviconV2.png,https://www.communecter.org/upload/communecter/organizations/697f706b140bab300b7fbee5/thumb/profil-resized.png,https://www.communecter.org/#@innefuLabs,1769959605,1780048782
6a1924a947e2b6462263e292,Innovate IT,innovateIt,Entreprises (produits/solutions et services),Entreprises(produits/solutions et services),LocalBusiness,,,,,,,https://innovateit.co.mz/it-services/,sales@innovateit.co.mz,,"Av. Tomas Nduda n.º 906, Polana",Maputo,,MZ,Mozambique,Mozambique,-25.9662130,32.5674500,,,,,https://www.communecter.org/#@innovateIt,1780032681,1780033454
6a17f463bd8bbf38e60d5705,Inova Engineering,inovaEngineering,Entreprises (produits/solutions et services),Entreprises(produits/solutions et services),LocalBusiness,,,,,,,https://www.inovaeng.lk/,,,,,,,,,,,,https://www.communecter.org/upload/communecter/organizations/6a17f463bd8bbf38e60d5705/inlog1.png,https://www.communecter.org/upload/communecter/organizations/6a17f463bd8bbf38e60d5705/medium/inlog1.png,https://www.communecter.org/upload/communecter/organizations/6a17f463bd8bbf38e60d5705/thumb/profil-resized.png,https://www.communecter.org/#@inovaEngineering,1779954787,1779954789
6a18320c236a7a5de429835f,Insicon Cyber,insiconCyber,Entreprises (produits/solutions et services),Entreprises(produits/solutions et services),LocalBusiness,,,,,,,https://insicon.com.au/,,,,,,,,,,,,,,,https://www.communecter.org/#@insiconCyber,1779970572,1779970572
6a1964dd5bf1852ddd7999bd,Inspira Enterprise,inspiraEnterprise,Entreprises (produits/solutions et services),Entreprises(produits/solutions et services),,,,,,,"Grand prestataire technologique ou télécom proposant des services numériques et des offres de cybersécurité, sécurité managée, cloud et résilience.",https://inspiraenterprise.com,,,"A-61, MIDC Marol, Andheri East, Mumbai 400093, Maharashtra, India",Mumbai,,IN,Inde,India,19.0549990,72.8692035,,https://www.communecter.org/upload/communecter/organizations/6a1964dd5bf1852ddd7999bd/faviconV2.png,https://www.communecter.org/upload/communecter/organizations/6a1964dd5bf1852ddd7999bd/medium/faviconV2.png,https://www.communecter.org/upload/communecter/organizations/6a1964dd5bf1852ddd7999bd/thumb/profil-resized.png,https://www.communecter.org/#@inspiraEnterprise,1780049117,1780049117
6a1965ec92df61291f18185a,Intelliroot Technologies,intellirootTechnologies,Entreprises (produits/solutions et services),Entreprises(produits/solutions et services),,,,,,,"Organisation intervenant dans l’écosystème indien de cybersécurité : services, conseil, formation, innovation ou appui à la sécurité numérique.",https://intelliroot.com,,,"702, Silicon Tower, Off C. G. Road, Ahmedabad 380006, Gujarat, India",Ahmedabad,3800XX,IN,Inde,India,23.0216238,72.5797068,,https://www.communecter.org/upload/communecter/organizations/6a1965ec92df61291f18185a/faviconV2.png,https://www.communecter.org/upload/communecter/organizations/6a1965ec92df61291f18185a/medium/faviconV2.png,https://www.communecter.org/upload/communecter/organizations/6a1965ec92df61291f18185a/thumb/profil-resized.png,https://www.communecter.org/#@intellirootTechnologies,1780049388,1780049388
6a19886793d3e12c4c29a9c2,Intelvision Seychelles,intelvisionSeychelles,Entreprises (produits/solutions et services),Entreprises(produits/solutions et services),LocalBusiness,,,,,,"Opérateur seychellois de télévision, Internet et télécommunications proposant des services résidentiels et entreprises.",https://intelvision.sc/,,,"Providence Industrial Estate, Providence, Mahé, Seychelles",Victoria,,SC,Seychelles,Seychelles,-4.6232085,55.4523590,,https://www.communecter.org/upload/communecter/organizations/6a19886793d3e12c4c29a9c2/faviconV2.png,https://www.communecter.org/upload/communecter/organizations/6a19886793d3e12c4c29a9c2/medium/faviconV2.png,https://www.communecter.org/upload/communecter/organizations/6a19886793d3e12c4c29a9c2/thumb/profil-resized.png,https://www.communecter.org/#@intelvisionSeychelles,1780058215,1780058215
6979cb58e9bd6200a64b0529,iP FiX,ipFix,Entreprises (produits/solutions et services),Entreprises(produits/solutions et services),NGO,Sécurité des postes,Architecte Sécurité,,,,,www.ipfix.re,commercial@ipfix.re,02 62 57 15 33,4 Rue Jean Robert,LA POSSESSION,97419,RE,La Réunion,Réunion,-20.9598357,55.3256550,Entreprises(produits/solutions et services) | Sécurité des postes | Architecte Sécurité,https://www.communecter.org/upload/communecter/organizations/6979cb58e9bd6200a64b0529/ipfix.jpeg,https://www.communecter.org/upload/communecter/organizations/6979cb58e9bd6200a64b0529/medium/ipfix.jpeg,https://www.communecter.org/upload/communecter/organizations/6979cb58e9bd6200a64b0529/thumb/profil-resized.png,https://www.communecter.org/#@ipFix,1769589592,1770285893
6a19733bcf4fb9517452b0cc,IQ.,,Entreprises (produits/solutions et services),Entreprises(produits/solutions et services),LocalBusiness,,,,,,"Fournisseur maldivien de cybersécurité d’entreprise : détection des menaces, réponse aux incidents, audit, forensique et intégrations de sécurité.",https://iqdot.io/,,,,Malé,,MV,Maldives,Maldives,4.1779879,73.5107387,,https://www.communecter.org/upload/communecter/organizations/6a19733bcf4fb9517452b0cc/faviconV2.png,https://www.communecter.org/upload/communecter/organizations/6a19733bcf4fb9517452b0cc/medium/faviconV2.png,https://www.communecter.org/upload/communecter/organizations/6a19733bcf4fb9517452b0cc/thumb/profil-resized.png,,1780052795,1780054098
6a1963fa33a0b60fa1680587,ISECURION,isecurion,Entreprises (produits/solutions et services),Entreprises(produits/solutions et services),,,,,,,"Prestataire ou éditeur de cybersécurité intervenant sur audit, gouvernance, conformité, gestion des vulnérabilités et protection des systèmes.",https://isecurion.com,,,,,,,,,,,,https://www.communecter.org/upload/communecter/organizations/6a1963fa33a0b60fa1680587/faviconV2.png,https://www.communecter.org/upload/communecter/organizations/6a1963fa33a0b60fa1680587/medium/faviconV2.png,https://www.communecter.org/upload/communecter/organizations/6a1963fa33a0b60fa1680587/thumb/profil-resized.png,https://www.communecter.org/#@isecurion,1780048890,1780048891
6a1fd5b32fc1725be9307ec9,ITET,itet,Entreprises (produits/solutions et services),Entreprises(produits/solutions et services),LocalBusiness,,,,,,"Prestataire sécurité IT, réseau et télécoms référencé à Madagascar.",https://www.mc3madagascar.com/nos-partenaires.html,itet@itetcompany.com,,"Lot II I 102 E Ter Alarobia Amboniloha, Antananarivo, Madagascar",Antananarivo,,MG,Madagascar,Madagasikara,-18.9100122,47.5255809,,https://www.communecter.org/upload/communecter/organizations/6a1fd5b32fc1725be9307ec9/logo.jpg,https://www.communecter.org/upload/communecter/organizations/6a1fd5b32fc1725be9307ec9/medium/logo.jpg,https://www.communecter.org/upload/communecter/organizations/6a1fd5b32fc1725be9307ec9/thumb/profil-resized.png,https://www.communecter.org/#@itet,1780471219,1780471219
6a192501509ece6ff27a446c,ITS - Assistência Técnica,itsAssistenciaTecnica,Entreprises (produits/solutions et services),Entreprises(produits/solutions et services),LocalBusiness,,,,,,,https://its.co.mz/assistencia-tecnica.html,,,,Maputo,,MZ,Mozambique,Mozambique,-25.9662130,32.5674500,,,,,https://www.communecter.org/#@itsAssistenciaTecnica,1780032769,1780033458
6a1fd5c42fc1725be9307ecf,ITSOLVZ Madagascar,itsolvzMadagascar,Entreprises (produits/solutions et services),Entreprises(produits/solutions et services),LocalBusiness,,,,,,Société IT malgache référencée dans un réseau de partenaires.,https://www.mc3madagascar.com/nos-partenaires.html,,,"B 1er étage, Ambodivona Centre commercial Tana Waterfront, Antananarivo, Madagascar",Antananarivo,,MG,Madagascar,Madagasikara,-18.9100122,47.5255809,,https://www.communecter.org/upload/communecter/organizations/6a1fd5c42fc1725be9307ecf/i.jpg,https://www.communecter.org/upload/communecter/organizations/6a1fd5c42fc1725be9307ecf/medium/i.jpg,https://www.communecter.org/upload/communecter/organizations/6a1fd5c42fc1725be9307ecf/thumb/profil-resized.png,https://www.communecter.org/#@itsolvzMadagascar,1780471236,1780471237
6a1964f25bf1852ddd7999cc,Jio Platforms,jioPlatforms,Entreprises (produits/solutions et services),Entreprises(produits/solutions et services),,,,,,,"Grand prestataire technologique ou télécom proposant des services numériques et des offres de cybersécurité, sécurité managée, cloud et résilience.",https://jio.com,,,"9th Floor, Maker Chambers IV, 222 Nariman Point, Mumbai 400021, Maharashtra, India",Mumbai,,IN,Inde,India,19.0549990,72.8692035,,https://www.communecter.org/upload/communecter/organizations/6a1964f25bf1852ddd7999cc/faviconV2.png,https://www.communecter.org/upload/communecter/organizations/6a1964f25bf1852ddd7999cc/medium/faviconV2.png,https://www.communecter.org/upload/communecter/organizations/6a1964f25bf1852ddd7999cc/thumb/profil-resized.png,https://www.communecter.org/#@jioPlatforms,1780049138,1780049138
6a19881f93d3e12c4c29a997,JiTS,jits,Entreprises (produits/solutions et services),Entreprises(produits/solutions et services),LocalBusiness,,,,,,"Prestataire local d’assistance informatique, services réseau, hébergement, support technique et maintenance pour entreprises.",https://www.jits.sc/,,,"Victoria, Mahé, Seychelles",Victoria,,SC,Seychelles,Seychelles,-4.6232085,55.4523590,,https://www.communecter.org/upload/communecter/organizations/6a19881f93d3e12c4c29a997/faviconV2.png,https://www.communecter.org/upload/communecter/organizations/6a19881f93d3e12c4c29a997/medium/faviconV2.png,https://www.communecter.org/upload/communecter/organizations/6a19881f93d3e12c4c29a997/thumb/profil-resized.png,https://www.communecter.org/#@jits,1780058143,1780058143
6a1fbc47a36b8712222db0d2,Johan Consults,johanConsults,Entreprises (produits/solutions et services),Entreprises(produits/solutions et services),LocalBusiness,,,,,,Prestataire cybersécurité et formation.,https://johanconsults.com/,,,Kenya,Nairobi,,KE,Kenya,Kenya,-1.3122180,36.8068773,,https://www.communecter.org/upload/communecter/organizations/6a1fbc47a36b8712222db0d2/faviconV2.png,https://www.communecter.org/upload/communecter/organizations/6a1fbc47a36b8712222db0d2/medium/faviconV2.png,https://www.communecter.org/upload/communecter/organizations/6a1fbc47a36b8712222db0d2/thumb/profil-resized.png,https://www.communecter.org/#@johanConsults,1780464711,1780464712
6a19636f33a0b60fa168053e,K7 Computing,k7Computing,Entreprises (produits/solutions et services),Entreprises(produits/solutions et services),,,,,,,"Éditeur indien de solutions de sécurité informatique, antivirus, protection des terminaux, sécurité d’entreprise et réponse aux menaces.",https://k7computing.com,,,"No. 1, 2nd & 3rd Floor, First Main Road, United India Colony, Kodambakkam, Chennai 600024, Tamil Nadu, India",Chennai,,IN,Inde,India,13.0836939,80.2701860,,https://www.communecter.org/upload/communecter/organizations/6a19636f33a0b60fa168053e/faviconV2.png,https://www.communecter.org/upload/communecter/organizations/6a19636f33a0b60fa168053e/medium/faviconV2.png,https://www.communecter.org/upload/communecter/organizations/6a19636f33a0b60fa168053e/thumb/profil-resized.png,https://www.communecter.org/#@k7Computing,1780048751,1780048752
6979cb40e9bd6200a64b04c0,Kanops (ABM INNOV),kanopsAbmInnov,Entreprises (produits/solutions et services),Entreprises(produits/solutions et services),NGO,,,,,,,kanops.io/offre/cybersecurite,brian@kanops.io,06 92 35 82 92,12 Rue Jean Thévenin,LA PLAINE DES PALMISTES,97431,RE,La Réunion,Réunion,-21.13397900,55.62955700,Entreprises(produits/solutions et services),https://www.communecter.org/upload/communecter/organizations/6979cb40e9bd6200a64b04c0/kanops.jpeg,https://www.communecter.org/upload/communecter/organizations/6979cb40e9bd6200a64b04c0/medium/kanops.jpeg,https://www.communecter.org/upload/communecter/organizations/6979cb40e9bd6200a64b04c0/thumb/profil-resized.png,https://www.communecter.org/#@kanopsAbmInnov,1769589568,1769589568
6a1831cccfd5c632b763e2f1,Kasada,kasada,Entreprises (produits/solutions et services),Entreprises(produits/solutions et services),LocalBusiness,,,,,,,https://www.kasada.io/,,,"Kasada, Level 2, 50 Holt Street, Surry Hills NSW 2010, Australia",Sydney,2000,AU,Australie,Australia,-33.8698439,151.2082848,,,,,https://www.communecter.org/#@kasada,1779970508,1779970508
6a1831facfd5c632b763e312,KMTech,kmtech,Entreprises (produits/solutions et services),Entreprises(produits/solutions et services),LocalBusiness,,,,,,,https://kmtech.com.au/,,,"KMTech, Canberra ACT, Australia",Canberra,,AU,Australie,Australia,-35.2975906,149.1012676,,,,,https://www.communecter.org/#@kmtech,1779970554,1779970554
6a19657079e0304b6b5aac1e,Koan Advisory Group,koanAdvisoryGroup,Entreprises (produits/solutions et services),Entreprises(produits/solutions et services),,,,,,,"Cabinet de conseil offrant des prestations liées à la cybersécurité, aux risques numériques, à la conformité, à l’audit et à la protection des données.",https://koanadvisory.com,,,"D-11, Hauz Khas, New Delhi 110016, India",New Delhi,,IN,Inde,India,28.6138954,77.2090057,,https://www.communecter.org/upload/communecter/organizations/6a19657079e0304b6b5aac1e/faviconV2.png,https://www.communecter.org/upload/communecter/organizations/6a19657079e0304b6b5aac1e/medium/faviconV2.png,https://www.communecter.org/upload/communecter/organizations/6a19657079e0304b6b5aac1e/thumb/profil-resized.png,https://www.communecter.org/#@koanAdvisoryGroup,1780049264,1780049265
6979cb59e9bd6200a64b052e,Kodetis,kodetis,Entreprises (produits/solutions et services),Entreprises(produits/solutions et services),NGO,Sécurité des Applications | Sécurité Cloud,Développeur Sécurisé (DevSecOps),,,,,http://kodetis.com,contact@kodetis.com,06 92 42 12 46,10 Chemin Cassenti,SAINT-JOSEPH,97480,RE,La Réunion,Réunion,-21.3485561,55.6583635,Cloud | Code | Security | Sécurité des Applications | Sécurité Cloud | Développeur Sécurisé (DevSecOps),https://www.communecter.org/upload/communecter/organizations/6979cb59e9bd6200a64b052e/kodetis.png,https://www.communecter.org/upload/communecter/organizations/6979cb59e9bd6200a64b052e/medium/kodetis.png,https://www.communecter.org/upload/communecter/organizations/6979cb59e9bd6200a64b052e/thumb/profil-resized.png,https://www.communecter.org/#@kodetis,1769589593,1770196184
6a19884193d3e12c4c29a9b0,Kokonet Limited,kokonetLimited,Entreprises (produits/solutions et services),Entreprises(produits/solutions et services),LocalBusiness,,,,,,Fournisseur historique de services Internet et registrar local associé au domaine .sc et aux services de connectivité.,https://www.seychelles.sc/,,,"P.O. Box 205, Pirates Arms Arcade, Independence Avenue, Victoria, Mahé, Seychelles",Victoria,,SC,Seychelles,Seychelles,-4.6232085,55.4523590,,https://www.communecter.org/upload/communecter/organizations/6a19884193d3e12c4c29a9b0/faviconV2.png,https://www.communecter.org/upload/communecter/organizations/6a19884193d3e12c4c29a9b0/medium/faviconV2.png,https://www.communecter.org/upload/communecter/organizations/6a19884193d3e12c4c29a9b0/thumb/profil-resized.png,https://www.communecter.org/#@kokonetLimited,1780058177,1780058177
6a1830d42fb8f27c4f1d9a4c,KPMG Australia Cyber Security,kpmgAustraliaCyberSecurity,Entreprises (produits/solutions et services),Entreprises(produits/solutions et services),LocalBusiness,,,,,,,https://kpmg.com/au/en/home/services/advisory/risk-consulting/technology-risk-cyber-security.html,,,"Tower Three, International Towers Sydney, 300 Barangaroo Avenue, Sydney NSW 2000, Australia",Sydney,2000,AU,Australie,Australia,-33.8698439,151.2082848,,,,,https://www.communecter.org/#@kpmgAustraliaCyberSecurity,1779970260,1779970260
6a1fbbdd3e008321fb4ca87f,KPMG East Africa / KPMG Kenya,kpmgEastAfricaKpmgKenya,Entreprises (produits/solutions et services),Entreprises(produits/solutions et services),LocalBusiness,,,,,,Cabinet d'audit/conseil avec capacités en sécurité de l'information et risque technologique.,https://kpmg.com/ke/en.html,,,"Nairobi, Kenya",Nairobi,,KE,Kenya,Kenya,-1.3015643,36.8128437,,https://www.communecter.org/upload/communecter/organizations/6a1fbbdd3e008321fb4ca87f/faviconV2.png,https://www.communecter.org/upload/communecter/organizations/6a1fbbdd3e008321fb4ca87f/medium/faviconV2.png,https://www.communecter.org/upload/communecter/organizations/6a1fbbdd3e008321fb4ca87f/thumb/profil-resized.png,https://www.communecter.org/#@kpmgEastAfricaKpmgKenya,1780464605,1780464606
6a19653579e0304b6b5aabfb,KPMG India Cybersecurity,kpmgIndiaCybersecurity,Entreprises (produits/solutions et services),Entreprises(produits/solutions et services),,,,,,,"Cabinet de conseil offrant des prestations liées à la cybersécurité, aux risques numériques, à la conformité, à l’audit et à la protection des données.",https://kpmg.com/in,,,"Building No. 10, 8th Floor, Tower B, DLF Cyber City, Phase II, Gurugram 122002, Haryana, India",Gurugram,,IN,Inde,India,28.4646148,77.0299194,,https://www.communecter.org/upload/communecter/organizations/6a19653579e0304b6b5aabfb/faviconV2.png,https://www.communecter.org/upload/communecter/organizations/6a19653579e0304b6b5aabfb/medium/faviconV2.png,https://www.communecter.org/upload/communecter/organizations/6a19653579e0304b6b5aabfb/thumb/profil-resized.png,https://www.communecter.org/#@kpmgIndiaCybersecurity,1780049205,1780049205
6a19634233a0b60fa1680526,Kratikal,kratikal,Entreprises (produits/solutions et services),Entreprises(produits/solutions et services),,,,,,,"Prestataire ou éditeur de cybersécurité intervenant sur audit, gouvernance, conformité, gestion des vulnérabilités et protection des systèmes.",https://kratikal.com,,,"B-70, Sector 67, Noida 201301, Uttar Pradesh, India",Noida,,IN,Inde,India,28.5706333,77.3272147,,https://www.communecter.org/upload/communecter/organizations/6a19634233a0b60fa1680526/faviconV2.png,https://www.communecter.org/upload/communecter/organizations/6a19634233a0b60fa1680526/medium/faviconV2.png,https://www.communecter.org/upload/communecter/organizations/6a19634233a0b60fa1680526/thumb/profil-resized.png,https://www.communecter.org/#@kratikal,1780048706,1780048706
6a18318fcfd5c632b763e2c4,Leidos Australia Cyber,leidosAustraliaCyber,Entreprises (produits/solutions et services),Entreprises(produits/solutions et services),LocalBusiness,,,,,,,https://www.leidos.com/company/global/australia,,,"Leidos Australia, 12 Moore Street, Canberra ACT 2601, Australia",Canberra,,AU,Australie,Australia,-35.2975906,149.1012676,,,,,https://www.communecter.org/#@leidosAustraliaCyber,1779970447,1779970447
6a1978a24a20e6669b2e8032,Link Serve Pvt Ltd,linkServePvtLtd,Entreprises (produits/solutions et services),Entreprises(produits/solutions et services),LocalBusiness,,,,,,Prestataire de solutions IT et services numériques ; présence comme sponsor/acteur local dans l’écosystème technologique maldivien.,https://linkserve.mv/,,,,Malé,,MV,Maldives,Maldives,4.1779879,73.5107387,,https://www.communecter.org/upload/communecter/organizations/6a1978a24a20e6669b2e8032/faviconV2.png,https://www.communecter.org/upload/communecter/organizations/6a1978a24a20e6669b2e8032/medium/faviconV2.png,https://www.communecter.org/upload/communecter/organizations/6a1978a24a20e6669b2e8032/thumb/profil-resized.png,https://www.communecter.org/#@linkServePvtLtd,1780054178,1780054179
6a1fbb8a3e008321fb4ca85b,Liquid Intelligent Technologies Kenya / Liquid C2,liquidIntelligentTechnologiesKenyaLiquidC2,Entreprises (produits/solutions et services),Entreprises(produits/solutions et services),LocalBusiness,,,,,,Opérateur et fournisseur cloud/télécom pan-africain avec offres cyber et partenariat SOC au Kenya.,https://liquid.tech/,,,"Nairobi, Kenya",Nairobi,,KE,Kenya,Kenya,-1.3015643,36.8128437,,https://www.communecter.org/upload/communecter/organizations/6a1fbb8a3e008321fb4ca85b/faviconV2.png,https://www.communecter.org/upload/communecter/organizations/6a1fbb8a3e008321fb4ca85b/medium/faviconV2.png,https://www.communecter.org/upload/communecter/organizations/6a1fbb8a3e008321fb4ca85b/thumb/profil-resized.png,https://www.communecter.org/#@liquidIntelligentTechnologiesKenyaLiquidC2,1780464522,1780464523
6a045abef9b5903c5307bceb,Liquid Intelligent Technologies Tanzania,liquidIntelligentTechnologiesTanzania,Entreprises (produits/solutions et services),Entreprises(produits/solutions et services),LocalBusiness,Sécurité Opérationnelle et Gouvernance (SOC),,,,,,https://liquid.tech/,,,"Liquid Intelligent Technologies Tanzania, 8th & 9th Floor, IT Plaza Building, Ohio Street/Garden Avenue, P.O. Box 6458, Dar es Salaam, Tanzania",Dar es-Salam,,TZ,Tanzanie,Tanzania,-6.8160837,39.2803583,,https://www.communecter.org/upload/communecter/organizations/6a045abef9b5903c5307bceb/faviconV2.png,https://www.communecter.org/upload/communecter/organizations/6a045abef9b5903c5307bceb/medium/faviconV2.png,https://www.communecter.org/upload/communecter/organizations/6a045abef9b5903c5307bceb/thumb/profil-resized.png,https://www.communecter.org/#@liquidIntelligentTechnologiesTanzania,1778670270,1780035583
6a18319ccfd5c632b763e2cf,Lockheed Martin Australia Cyber,lockheedMartinAustraliaCyber,Entreprises (produits/solutions et services),Entreprises(produits/solutions et services),LocalBusiness,,,,,,,https://www.lockheedmartin.com/en-au/index.html,,,"Lockheed Martin Australia, 8 Brisbane Avenue, Barton ACT 2600, Australia",Barton,,AU,Australie,Australia,-35.3072631,149.1404986,,,,,https://www.communecter.org/#@lockheedMartinAustraliaCyber,1779970460,1779970460
6a1988887dd31c460b1386f8,LRQA Cyber Security Services,lrqaCyberSecurityServices,Entreprises (produits/solutions et services),Entreprises(produits/solutions et services),LocalBusiness,,,,,,"Groupe international de gestion des risques proposant des services de cybersécurité, assurance, réponse à incident et conformité.",https://www.lrqa.com/en/cyber-security-services/,,,,Victoria,,SC,Seychelles,Seychelles,-4.6232085,55.4523590,,https://www.communecter.org/upload/communecter/organizations/6a1988887dd31c460b1386f8/faviconV2.png,https://www.communecter.org/upload/communecter/organizations/6a1988887dd31c460b1386f8/medium/faviconV2.png,https://www.communecter.org/upload/communecter/organizations/6a1988887dd31c460b1386f8/thumb/profil-resized.png,https://www.communecter.org/#@lrqaCyberSecurityServices,1780058248,1780058248
6a1964b25bf1852ddd7999a9,LTIMindtree Cybersecurity,ltimindtreeCybersecurity,Entreprises (produits/solutions et services),Entreprises(produits/solutions et services),,,,,,,"Grand prestataire technologique ou télécom proposant des services numériques et des offres de cybersécurité, sécurité managée, cloud et résilience.",https://ltimindtree.com,,,"L&T House, N. M. Marg, Ballard Estate, Mumbai 400001, Maharashtra, India",Mumbai,,IN,Inde,India,19.0549990,72.8692035,,https://www.communecter.org/upload/communecter/organizations/6a1964b25bf1852ddd7999a9/faviconV2.png,https://www.communecter.org/upload/communecter/organizations/6a1964b25bf1852ddd7999a9/medium/faviconV2.png,https://www.communecter.org/upload/communecter/organizations/6a1964b25bf1852ddd7999a9/thumb/profil-resized.png,https://www.communecter.org/#@ltimindtreeCybersecurity,1780049074,1780049074
6a192447e929ac136a19cad9,Lógica Tecnologia e Serviços,logicaTecnologiaEServicos,Entreprises (produits/solutions et services),Entreprises(produits/solutions et services),LocalBusiness,,,,,,,https://tecnologia.logica.co.mz/,,,,Maputo,,MZ,Mozambique,Mozambique,-25.9662130,32.5674500,,,,,https://www.communecter.org/#@logicaTecnologiaEServicos,1780032583,1780033447
6a1831166579ed55701fc4a7,Macquarie Cloud Services Cyber Security,macquarieCloudServicesCyberSecurity,Entreprises (produits/solutions et services),Entreprises(produits/solutions et services),LocalBusiness,,,,,,,https://macquariecloudservices.com/,,,"Macquarie Cloud Services, 2 Market Street, Sydney NSW 2000, Australia",Sydney,2000,AU,Australie,Australia,-33.8698439,151.2082848,,,,,https://www.communecter.org/#@macquarieCloudServicesCyberSecurity,1779970326,1779970326
6a18310f6579ed55701fc4a3,Macquarie Government Cyber Security,macquarieGovernmentCyberSecurity,Entreprises (produits/solutions et services),Entreprises(produits/solutions et services),LocalBusiness,,,,,,,https://macquariegovernment.com/,,,"Macquarie Government, 2 Market Street, Sydney NSW 2000, Australia",Sydney,2000,AU,Australie,Australia,-33.8698439,151.2082848,,,,,https://www.communecter.org/#@macquarieGovernmentCyberSecurity,1779970319,1779970319
6a1fd5d02fc1725be9307ed4,MADAGASCAR INTERNET,madagascarInternet,Entreprises (produits/solutions et services),Entreprises(produits/solutions et services),LocalBusiness,,,,,,Fournisseur internet/hébergement avec rubrique cybersécurité.,https://www.madagascar-internet.mg/cs/ ; https://www.madagascar-internet.mg/cs/index.php?language=english&rp=%2Fknowledgebase%2Ftag%2Fdns-secondaire,,,,,,,,,,,,https://www.communecter.org/upload/communecter/organizations/6a1fd5d02fc1725be9307ed4/logo2.png,https://www.communecter.org/upload/communecter/organizations/6a1fd5d02fc1725be9307ed4/medium/logo2.png,https://www.communecter.org/upload/communecter/organizations/6a1fd5d02fc1725be9307ed4/thumb/profil-resized.png,https://www.communecter.org/#@madagascarInternet,1780471248,1780471249
697c8d8c5bbb29535d41c274,Magilatech Company Ltd,magilatechCompanyLtd,Entreprises (produits/solutions et services),Entreprises(produits/solutions et services) | Sécurité Réseau | Sécurité des Applications,NGO,Sécurité Réseau | Sécurité des Applications,Architecte Sécurité | Développeur Sécurisé (DevSecOps),,,,,https://www.magilatech.co.tz/,info@magilatech.co.tz,+255 769 555 555,"14th Floor Noble Center Victoria, Makumbusho",Dar es-Salam,,TZ,Tanzanie,Tanzanie,-6.7895460,39.2526664,Entreprises(produits/solutions et services) | Sécurité Réseau | Sécurité des Applications,https://www.communecter.org/upload/communecter/organizations/697c8d8c5bbb29535d41c274/pastedimage.png,https://www.communecter.org/upload/communecter/organizations/697c8d8c5bbb29535d41c274/medium/pastedimage.png,https://www.communecter.org/upload/communecter/organizations/697c8d8c5bbb29535d41c274/thumb/pastedimage.png,https://www.communecter.org/#@magilatechCompanyLtd,1769770495,1769770495
6a1831f3cfd5c632b763e30e,MailGuard,mailguard,Entreprises (produits/solutions et services),Entreprises(produits/solutions et services),LocalBusiness,,,,,,,https://www.mailguard.com.au/,,,"MailGuard, 68 Clarke Street, South Melbourne VIC 3205, Australia",Melbourne,,AU,Australie,Australia,-37.8142454,144.9631732,,,,,https://www.communecter.org/#@mailguard,1779970547,1779970547
697c8b8e139b0e5e4c2c24c7,Maverick Creative Solutions,maverickCreativeSolutions,Entreprises (produits/solutions et services),Entreprises(produits/solutions et services),LocalBusiness,Sécurité Opérationnelle et Gouvernance (SOC),Développeur Sécurisé (DevSecOps),,,,,,info@maverickcreativesolutions.com,+385 095 507 1738,Ally Sykes Road Mbezi Beach,Dar es-Salam,,TZ,Tanzanie,Tanzanie,-6.7185457,39.2336673,Entreprises(produits/solutions et services) | Sécurité Réseau,https://www.communecter.org/upload/communecter/organizations/697c8b8e139b0e5e4c2c24c7/pastedimage.png,https://www.communecter.org/upload/communecter/organizations/697c8b8e139b0e5e4c2c24c7/medium/pastedimage.png,https://www.communecter.org/upload/communecter/organizations/697c8b8e139b0e5e4c2c24c7/thumb/pastedimage.png,https://www.communecter.org/#@maverickCreativeSolutions,1769770114,1780035601
6a19260339647c4ba4563a43,Maxicert Mozambique,maxicertMozambique,Entreprises (produits/solutions et services),Entreprises(produits/solutions et services),LocalBusiness,,,,,,,https://maxicert.com/iso-certification-mozambique/,,,,Maputo,,MZ,Mozambique,Mozambique,-25.9662130,32.5674500,,,,,https://www.communecter.org/#@maxicertMozambique,1780033027,1780033470
6979fd2e53f1f67c1c3f751c,MaxIT Cybersecurity,maxitCybersecurity,Entreprises (produits/solutions et services),Entreprises(produits/solutions et services),LocalBusiness,,,,,,services SOC/MDR & tests de pénétration,https://maxitcyber.co.za/,paul@maxit.co.za,+27 82 570 4678,,Sandton,,ZA,Afrique du Sud,Nanzfeih,-26.1045525,28.0545147,CyberSecurity,https://www.communecter.org/upload/communecter/organizations/6979fd2e53f1f67c1c3f751c/pastedimage.png,https://www.communecter.org/upload/communecter/organizations/6979fd2e53f1f67c1c3f751c/medium/pastedimage.png,https://www.communecter.org/upload/communecter/organizations/6979fd2e53f1f67c1c3f751c/thumb/profil-resized.png,https://www.communecter.org/#@maxitCybersecurity,1769602556,1769602556
697b27cbe0442b0a7916329b,MCEM IT Mauritius,mcemItMauritius,Entreprises (produits/solutions et services),Entreprises(produits/solutions et services),NGO,"Réseau, Cloud",Ingénieur sécurité,,,,,,contact@mcem-it.mu,,,,,,,,,,Entreprises(produits/solutions et services),https://www.communecter.org/upload/communecter/organizations/697b27cbe0442b0a7916329b/MCEM.png,https://www.communecter.org/upload/communecter/organizations/697b27cbe0442b0a7916329b/medium/MCEM.png,https://www.communecter.org/upload/communecter/organizations/697b27cbe0442b0a7916329b/thumb/profil-resized.png,https://www.communecter.org/#@mcemItMauritius,1769678795,1769763654
6979cb5ae9bd6200a64b0533,Mdn conseils,mdnConseils,Entreprises (produits/solutions et services),Entreprises(produits/solutions et services),NGO,Audit/Conseil et Conformité,Consultant GRC,,,,,,sosdpo@mdnconseils.re,06 92 53 74 07,8 Cité de la Plaine,SAINT-PIERRE,97410,RE,La Réunion,Réunion,-21.30901000,55.48942200,Entreprises(produits/solutions et services) | Audit/Conseil et Conformité | Consultant GRC,https://www.communecter.org/upload/communecter/organizations/6979cb5ae9bd6200a64b0533/MDN.jpg,https://www.communecter.org/upload/communecter/organizations/6979cb5ae9bd6200a64b0533/medium/MDN.jpg,https://www.communecter.org/upload/communecter/organizations/6979cb5ae9bd6200a64b0533/thumb/profil-resized.png,https://www.communecter.org/#@mdnConseils,1769589594,1770286272
6979cb55e9bd6200a64b051a,MDSI,mdsi,Entreprises (produits/solutions et services),Entreprises(produits/solutions et services),NGO,,,,,,,www.mdsi.re,securite@groupemdsi.re,02 62 42 74 90,38 Rue Claude Chappe,LE PORT,97420,RE,La Réunion,Réunion,-20.9480048,55.3208070,Entreprises(produits/solutions et services),https://www.communecter.org/upload/communecter/organizations/6979cb55e9bd6200a64b051a/mdsi.png,https://www.communecter.org/upload/communecter/organizations/6979cb55e9bd6200a64b051a/medium/mdsi.png,https://www.communecter.org/upload/communecter/organizations/6979cb55e9bd6200a64b051a/thumb/profil-resized.png,https://www.communecter.org/#@mdsi,1769589589,1769589589
6a1978bc4a20e6669b2e8046,Megachip Electronics Pvt Ltd,megachipElectronicsPvtLtd,Entreprises (produits/solutions et services),Entreprises(produits/solutions et services),LocalBusiness,,,,,,"Fournisseur de solutions ICT, matériels et services informatiques ; partenaire de marques technologiques et services aux entreprises.",https://www.megachipcomputers.com/,,,,Malé,,MV,Maldives,Maldives,4.1779879,73.5107387,,https://www.communecter.org/upload/communecter/organizations/6a1978bc4a20e6669b2e8046/faviconV2.png,https://www.communecter.org/upload/communecter/organizations/6a1978bc4a20e6669b2e8046/medium/faviconV2.png,https://www.communecter.org/upload/communecter/organizations/6a1978bc4a20e6669b2e8046/thumb/profil-resized.png,https://www.communecter.org/#@megachipElectronicsPvtLtd,1780054204,1780054204
6a18312ccfd5c632b763e27e,Microsoft Australia Security,microsoftAustraliaSecurity,Entreprises (produits/solutions et services),Entreprises(produits/solutions et services),LocalBusiness,,,,,,,https://www.microsoft.com/en-au/security,,,,,,,,,,,,,,,https://www.communecter.org/#@microsoftAustraliaSecurity,1779970348,1779970349
6a1965a079e0304b6b5aac3c,MitKat Advisory Services,mitkatAdvisoryServices,Entreprises (produits/solutions et services),Entreprises(produits/solutions et services),,,,,,,"Cabinet de conseil offrant des prestations liées à la cybersécurité, aux risques numériques, à la conformité, à l’audit et à la protection des données.",https://mitkatadvisory.com,,,"4th Floor, Commerz II, International Business Park, Oberoi Garden City, Goregaon East, Mumbai 400063, Maharashtra, India",Mumbai,,IN,Inde,India,19.0549990,72.8692035,,https://www.communecter.org/upload/communecter/organizations/6a1965a079e0304b6b5aac3c/faviconV2.png,https://www.communecter.org/upload/communecter/organizations/6a1965a079e0304b6b5aac3c/medium/faviconV2.png,https://www.communecter.org/upload/communecter/organizations/6a1965a079e0304b6b5aac3c/thumb/profil-resized.png,https://www.communecter.org/#@mitkatAdvisoryServices,1780049312,1780049313
6a1925d239647c4ba4563a38,MMC Global - Cyber Services Maputo,mmcGlobalCyberServicesMaputo,Entreprises (produits/solutions et services),Entreprises(produits/solutions et services),LocalBusiness,,,,,,,https://mmcgbl.com/cyber/soc-as-a-service-maputo/,,,,Maputo,,MZ,Mozambique,Mozambique,-25.9662130,32.5674500,,,,,https://www.communecter.org/#@mmcGlobalCyberServicesMaputo,1780032978,1780033468
6a17f55f01c23906f63a19fc,Mobius Consulting Mauritius,mobiusConsultingMauritius,Entreprises (produits/solutions et services),Entreprises(produits/solutions et services),LocalBusiness,,,,,,Cabinet de conseil digital risk/cybersecurity.,https://mobiusconsulting.mu,info@mobiusconsulting.mu,,,,,,,,,,,https://www.communecter.org/upload/communecter/organizations/6a17f55f01c23906f63a19fc/Mobius-2019-Logo-CMYK-Colour-300x113.png,https://www.communecter.org/upload/communecter/organizations/6a17f55f01c23906f63a19fc/medium/Mobius-2019-Logo-CMYK-Colour-300x113.png,https://www.communecter.org/upload/communecter/organizations/6a17f55f01c23906f63a19fc/thumb/profil-resized.png,https://www.communecter.org/#@mobiusConsultingMauritius,1779955039,1779955040
6a192544bb600b6cbf5777b2,Movitel,movitel,Entreprises (produits/solutions et services),Entreprises(produits/solutions et services),LocalBusiness,,,,,,,https://movitel.co.mz/,,,,Maputo,,MZ,Mozambique,Mozambique,-25.9662130,32.5674500,,,,,https://www.communecter.org/#@movitel,1780032836,1780033462
697c974d85020f04447f16d1,mozCIBER,mozciber,Entreprises (produits/solutions et services),Entreprises(produits/solutions et services) | Cybersécurité Offensive (Pentest) | Sécurité Réseau,NGO,Sécurité Réseau | Cybersécurité Offensive (Pentest),Développeur Sécurisé (DevSecOps),,,,,,,,Moniz,Maputo,,MZ,Mozambique,Mozambique,-25.9663414,32.5960369,Entreprises(produits/solutions et services) | Cybersécurité Offensive (Pentest) | Sécurité Réseau,,,,https://www.communecter.org/#@mozciber,1769772929,1769772929
6a1964bc5bf1852ddd7999ae,Mphasis Cybersecurity,mphasisCybersecurity,Entreprises (produits/solutions et services),Entreprises(produits/solutions et services),,,,,,,"Grand prestataire technologique ou télécom proposant des services numériques et des offres de cybersécurité, sécurité managée, cloud et résilience.",https://mphasis.com,,,,,,,,,,,,https://www.communecter.org/upload/communecter/organizations/6a1964bc5bf1852ddd7999ae/faviconV2.png,https://www.communecter.org/upload/communecter/organizations/6a1964bc5bf1852ddd7999ae/medium/faviconV2.png,https://www.communecter.org/upload/communecter/organizations/6a1964bc5bf1852ddd7999ae/thumb/profil-resized.png,https://www.communecter.org/#@mphasisCybersecurity,1780049084,1780049084
6a19248c47e2b6462263e28d,MultiSolutions Mozambique,multisolutionsMozambique,Entreprises (produits/solutions et services),Entreprises(produits/solutions et services),LocalBusiness,,,,,,,https://multisolutions.co.mz/,,,,Maputo,,MZ,Mozambique,Mozambique,-25.9662130,32.5674500,,,,,https://www.communecter.org/#@multisolutionsMozambique,1780032652,1780033451
6979cb5be9bd6200a64b0538,MY DATA SOLUTION (MDS France),myDataSolutionMdsFrance,Entreprises (produits/solutions et services),Entreprises(produits/solutions et services),NGO,Sécurité Opérationnelle et Gouvernance (SOC),Consultant GRC | RSSI (CISO),,,,,http://www.mydatasolution.fr,eroyer@mydatasolution.fr,06 92 53 82 17,"62 Rue Adrien Lagourgue, LE CARE",LE PITON SAINT-LEU,97424,RE,La Réunion,Réunion,-21.2188213,55.3118744,CyberSecurity | Cloud,https://www.communecter.org/upload/communecter/organizations/6979cb5be9bd6200a64b0538/mydata.jpg,https://www.communecter.org/upload/communecter/organizations/6979cb5be9bd6200a64b0538/medium/mydata.jpg,https://www.communecter.org/upload/communecter/organizations/6979cb5be9bd6200a64b0538/thumb/profil-resized.png,https://www.communecter.org/#@myDataSolutionMdsFrance,1769589595,1770197595
697cc55d8f8d832ce04628e2,N*able,nable,Entreprises (produits/solutions et services),Entreprises(produits/solutions et services) | Sécurité Réseau | Sécurité des Applications,NGO,Sécurité Réseau | Sécurité des Applications,,,,,,https://www.n-able.biz/,,+94 114 625 005,36 Sir Razik Fareed Mawatha,Colombo,,LK,Sri Lanka,Sri Lanka,6.9351912,79.8454870,Entreprises(produits/solutions et services) | Sécurité Réseau | Sécurité des Applications,https://www.communecter.org/upload/communecter/organizations/697cc55d8f8d832ce04628e2/pastedimage.png,https://www.communecter.org/upload/communecter/organizations/697cc55d8f8d832ce04628e2/medium/pastedimage.png,https://www.communecter.org/upload/communecter/organizations/697cc55d8f8d832ce04628e2/thumb/pastedimage.png,https://www.communecter.org/#@nable,1769784886,1769784887
6a19656179e0304b6b5aac14,Nangia Andersen India,nangiaAndersenIndia,Entreprises (produits/solutions et services),Entreprises(produits/solutions et services),,,,,,,"Cabinet de conseil offrant des prestations liées à la cybersécurité, aux risques numériques, à la conformité, à l’audit et à la protection des données.",https://nangia-andersen.com,,,"B-27, Soami Nagar, New Delhi 110017, India",New Delhi,,IN,Inde,India,28.6138954,77.2090057,,https://www.communecter.org/upload/communecter/organizations/6a19656179e0304b6b5aac14/faviconV2.png,https://www.communecter.org/upload/communecter/organizations/6a19656179e0304b6b5aac14/medium/faviconV2.png,https://www.communecter.org/upload/communecter/organizations/6a19656179e0304b6b5aac14/thumb/profil-resized.png,https://www.communecter.org/#@nangiaAndersenIndia,1780049249,1780049250
6a045a88f9b5903c5307bce1,NASHA Technologies,nashaTechnologies,Entreprises (produits/solutions et services),Entreprises(produits/solutions et services),LocalBusiness,Sécurité Opérationnelle et Gouvernance (SOC),,,,,,https://nashatech.co.tz/,,,"Dar es Salaam, Tanzania",Dar es-Salam,,TZ,Tanzanie,Tanzania,-6.8160837,39.2803583,,https://www.communecter.org/upload/communecter/organizations/6a045a88f9b5903c5307bce1/faviconV2.png,https://www.communecter.org/upload/communecter/organizations/6a045a88f9b5903c5307bce1/medium/faviconV2.png,https://www.communecter.org/upload/communecter/organizations/6a045a88f9b5903c5307bce1/thumb/profil-resized.png,https://www.communecter.org/#@nashaTechnologies,1778670216,1780035580
6a17f4106a6d737289777f5a,NCINGA,ncinga,Entreprises (produits/solutions et services),Entreprises(produits/solutions et services),LocalBusiness,,,,,,,https://www.ncinga.net/,,,"Level 19-A Parkland Building, 33 Park Street,, Colombo 02, Basnahira palata, 00200, LK",Colombo,,LK,Sri Lanka,Sri Lanka,6.9388614,79.8542005,,,,,https://www.communecter.org/#@ncinga,1779954704,1779954705
6a1978ee4a20e6669b2e8064,NCSA Trainings & Workshops,ncsaTrainingsAmpWorkshops,Entreprises (produits/solutions et services),Entreprises(produits/solutions et services),LocalBusiness,,,,,,Programme de formations et ateliers de la NCSA visant à renforcer les capacités cybersécurité dans les secteurs publics et privés.,https://hub.ncsa.gov.mv/trainings,,,,Malé,,MV,Maldives,Maldives,4.1779879,73.5107387,,https://www.communecter.org/upload/communecter/organizations/6a1978ee4a20e6669b2e8064/faviconV2.png,https://www.communecter.org/upload/communecter/organizations/6a1978ee4a20e6669b2e8064/medium/faviconV2.png,https://www.communecter.org/upload/communecter/organizations/6a1978ee4a20e6669b2e8064/thumb/profil-resized.png,https://www.communecter.org/#@ncsaTrainingsAmpWorkshops,1780054254,1780054255
6a1923ede929ac136a19cac0,nDimensões Digitais Ltd,ndimensoesDigitaisLtd,Entreprises (produits/solutions et services),Entreprises(produits/solutions et services),LocalBusiness,,,,,,,https://www.ndd.co.mz/,info@ndd.co.mz,,,Maputo,,MZ,Mozambique,Mozambique,-25.9662130,32.5674500,,,,,https://www.communecter.org/#@ndimensoesDigitaisLtd,1780032493,1780033436
6a19641b33a0b60fa168059e,Net Square Solutions,netSquareSolutions,Entreprises (produits/solutions et services),Entreprises(produits/solutions et services),,,,,,,"Société spécialisée en sécurité offensive, tests d’intrusion, audits applicatifs, recherche de vulnérabilités et formation technique.",https://net-square.com,,,"403, Siddharth Complex, R. C. Dutt Road, Alkapuri, Vadodara 390007, Gujarat, India",Vadodara,390001,IN,Inde,India,22.2973142,73.1942567,,https://www.communecter.org/upload/communecter/organizations/6a19641b33a0b60fa168059e/faviconV2.png,https://www.communecter.org/upload/communecter/organizations/6a19641b33a0b60fa168059e/medium/faviconV2.png,https://www.communecter.org/upload/communecter/organizations/6a19641b33a0b60fa168059e/thumb/profil-resized.png,https://www.communecter.org/#@netSquareSolutions,1780048923,1780048924
6a19652879e0304b6b5aabf2,Netmagic / NTT India,netmagicNttIndia,Entreprises (produits/solutions et services),Entreprises(produits/solutions et services),,,,,,,"Grand prestataire technologique ou télécom proposant des services numériques et des offres de cybersécurité, sécurité managée, cloud et résilience.",https://netmagicsolutions.com,,,"Light Hall 'C' Wing, Hiranandani Business Park, Saki Vihar Road, Chandivali, Mumbai 400072, Maharashtra, India",Mumbai,,IN,Inde,India,19.0549990,72.8692035,,https://www.communecter.org/upload/communecter/organizations/6a19652879e0304b6b5aabf2/faviconV2.png,https://www.communecter.org/upload/communecter/organizations/6a19652879e0304b6b5aabf2/medium/faviconV2.png,https://www.communecter.org/upload/communecter/organizations/6a19652879e0304b6b5aabf2/thumb/profil-resized.png,https://www.communecter.org/#@netmagicNttIndia,1780049192,1780049193
6a1fd59c334b8c1a301465a6,NextHope Madagascar,nexthopeMadagascar,Entreprises (produits/solutions et services),Entreprises(produits/solutions et services),LocalBusiness,,,,,,Partenaire local de solutions Fortinet à Madagascar.,https://blog.nexthope.net/2025/05/05/cybersecurite-autonome-fortinet-fortiai/ ; https://blog.nexthope.net/2025/04/09/cybersecurite-pme-fortinet/,,,,,,,,,,,,https://www.communecter.org/upload/communecter/organizations/6a1fd59c334b8c1a301465a6/Nexthope-Logotype-2-white403x02.png,https://www.communecter.org/upload/communecter/organizations/6a1fd59c334b8c1a301465a6/medium/Nexthope-Logotype-2-white403x02.png,https://www.communecter.org/upload/communecter/organizations/6a1fd59c334b8c1a301465a6/thumb/profil-resized.png,https://www.communecter.org/#@nexthopeMadagascar,1780471196,1780471197
6a183195cfd5c632b763e2c9,Northrop Grumman Australia Cyber,northropGrummanAustraliaCyber,Entreprises (produits/solutions et services),Entreprises(produits/solutions et services),LocalBusiness,,,,,,,https://www.northropgrumman.com/who-we-are/global-presence/northrop-grumman-in-australia,,,,,,,,,,,,,,,https://www.communecter.org/#@northropGrummanAustraliaCyber,1779970453,1779970453
6a18311ecfd5c632b763e273,NTT Australia Cybersecurity,nttAustraliaCybersecurity,Entreprises (produits/solutions et services),Entreprises(produits/solutions et services),LocalBusiness,,,,,,,https://services.global.ntt/en-au/services-and-products/cybersecurity,,,"NTT Australia, 201 Pacific Highway, St Leonards NSW 2065, Australia",St Leonards,,AU,Australie,Australia,-33.8225666,151.1923402,,,,,https://www.communecter.org/#@nttAustraliaCybersecurity,1779970334,1779970335
6a19650e79e0304b6b5aabe3,NTT Global Data Centers India,nttGlobalDataCentersIndia,Entreprises (produits/solutions et services),Entreprises(produits/solutions et services),,,,,,,"Grand prestataire technologique ou télécom proposant des services numériques et des offres de cybersécurité, sécurité managée, cloud et résilience.",https://global.ntt,,,"Light Hall 'C' Wing, Hiranandani Business Park, Saki Vihar Road, Chandivali, Mumbai 400072, Maharashtra, India",Mumbai,,IN,Inde,India,19.0549990,72.8692035,,https://www.communecter.org/upload/communecter/organizations/6a19650e79e0304b6b5aabe3/faviconV2.png,https://www.communecter.org/upload/communecter/organizations/6a19650e79e0304b6b5aabe3/medium/faviconV2.png,https://www.communecter.org/upload/communecter/organizations/6a19650e79e0304b6b5aabe3/thumb/profil-resized.png,https://www.communecter.org/#@nttGlobalDataCentersIndia,1780049166,1780049166
6979cb5ce9bd6200a64b053d,NXO Océan Indien,nxoOceanIndien,Entreprises (produits/solutions et services),Entreprises(produits/solutions et services),NGO,Sécurité Réseau | Sécurité Opérationnelle et Gouvernance (SOC),Architecte Sécurité,,,,,www.nxo.eu/qui-sommes-nous/nos-filiales/nxo-ocean-indien,gen-commerce-oi@nxo.eu,02 62 90 70 70,"16 Rue Albert Lougnon, Parc Technord",SAINTE-CLOTILDE,97490,RE,La Réunion,Réunion,-20.9047795,55.499345,Entreprises(produits/solutions et services) | Sécurité Réseau | Sécurité Opérationnelle et Gouvernance (SOC) | Architecte Sécurité,https://www.communecter.org/upload/communecter/organizations/6979cb5ce9bd6200a64b053d/629f004979000055a0e55b34.jpg,https://www.communecter.org/upload/communecter/organizations/6979cb5ce9bd6200a64b053d/medium/629f004979000055a0e55b34.jpg,https://www.communecter.org/upload/communecter/organizations/6979cb5ce9bd6200a64b053d/thumb/profil-resized.png,https://www.communecter.org/#@nxoOceanIndien,1769589596,1770285741
6979cb5ee9bd6200a64b0542,OCII (OCEAN INDIEN INFORMATIQUE),ociiOceanIndienInformatique,Entreprises (produits/solutions et services),Entreprises(produits/solutions et services),NGO,Sécurité Réseau,Auditeur de sécurité,,,,,ocii.fr,cyber@ocii.fr,02 62 94 43 43,175 Allée des Topazes,SAINT-DENIS,97400,RE,La Réunion,Réunion,-20.932970819248858,55.44686716695345,Entreprises(produits/solutions et services) | Sécurité Réseau | Auditeur de sécurité,https://www.communecter.org/upload/communecter/organizations/6979cb5ee9bd6200a64b0542/OCII500x379.png,https://www.communecter.org/upload/communecter/organizations/6979cb5ee9bd6200a64b0542/medium/OCII500x379.png,https://www.communecter.org/upload/communecter/organizations/6979cb5ee9bd6200a64b0542/thumb/profil-resized.png,https://www.communecter.org/#@ociiOceanIndienInformatique,1769589598,1770284890
6a17f479bd8bbf38e60d5715,OneCyber Valley,onecyberValley,Entreprises (produits/solutions et services),Entreprises(produits/solutions et services),LocalBusiness,,,,,,,https://www.onecybervalley.com/,,,,,,,,,,,,https://www.communecter.org/upload/communecter/organizations/6a17f479bd8bbf38e60d5715/Picture201-1.png,https://www.communecter.org/upload/communecter/organizations/6a17f479bd8bbf38e60d5715/medium/Picture201-1.png,https://www.communecter.org/upload/communecter/organizations/6a17f479bd8bbf38e60d5715/thumb/profil-resized.png,https://www.communecter.org/#@onecyberValley,1779954809,1779954810
697ca4429591ca2d064338b2,OnPoint Tech Services,onpointTechServices,Entreprises (produits/solutions et services),Entreprises(produits/solutions et services),LocalBusiness,Cybersécurité Offensive (Pentest),Pentester,,,,"Prestataire de services informatiques, formation et support, incluant des offres de cybersécurité en partenariat avec ANA Cyber.",https://www.onpointtechservices.sc/,,+2482888833,"Abis Centre, Providence, P.O. Box 314, Mahé, Seychelles",Victoria,,SC,Seychelles,Seychelles,-4.6232085,55.4523590,Entreprises(produits/solutions et services) | Cybersécurité Offensive (Pentest),https://www.communecter.org/upload/communecter/organizations/697ca4429591ca2d064338b2/faviconV2.png,https://www.communecter.org/upload/communecter/organizations/697ca4429591ca2d064338b2/medium/faviconV2.png,https://www.communecter.org/upload/communecter/organizations/697ca4429591ca2d064338b2/thumb/profil-resized.png,https://www.communecter.org/#@onpointTechServices,1769776257,1780058135
69810692009ca56fba445f8a,Ooredoo,ooredoo,Entreprises (produits/solutions et services),Entreprises(produits/solutions et services) | Sécurité des postes | Sécurité Cloud | Sécurité Réseau,NGO,Sécurité des postes | Sécurité Cloud | Sécurité Réseau,,,,,,https://business.ooredoo.mv/,,+9609613221,"H. Sunleet, Boduthakurufaanu Magu",Malé,,MV,Maldives,Maldives,4.1737222,73.5095621,Entreprises(produits/solutions et services) | Sécurité des postes | Sécurité Cloud | Sécurité Réseau,https://www.communecter.org/upload/communecter/organizations/69810692009ca56fba445f8a/pastedimage.png,https://www.communecter.org/upload/communecter/organizations/69810692009ca56fba445f8a/medium/pastedimage.png,https://www.communecter.org/upload/communecter/organizations/69810692009ca56fba445f8a/thumb/pastedimage.png,https://www.communecter.org/#@ooredoo,1770063746,1770063746
6a19787645933d78c471379f,Ooredoo Maldives Business - Cyber Security,ooredooMaldivesBusinessCyberSecurity,Entreprises (produits/solutions et services),Entreprises(produits/solutions et services),LocalBusiness,,,,,,Offre de cybersécurité pour entreprises d’Ooredoo Maldives : services de sécurité managée et accompagnement des organisations.,https://business.ooredoo.mv/product/cyber-security,,,,,,,,,,,,https://www.communecter.org/upload/communecter/organizations/6a19787645933d78c471379f/faviconV2.png,https://www.communecter.org/upload/communecter/organizations/6a19787645933d78c471379f/medium/faviconV2.png,https://www.communecter.org/upload/communecter/organizations/6a19787645933d78c471379f/thumb/profil-resized.png,https://www.communecter.org/#@ooredooMaldivesBusinessCyberSecurity,1780054134,1780054134
6979cb5fe9bd6200a64b0547,Optimiz,optimiz,Entreprises (produits/solutions et services),Entreprises(produits/solutions et services),NGO,Audit/Conseil et Conformité,Auditeur de sécurité,,,,,www.optimiz.co,edih@optimiz.co,06 93 05 24 34,45 Rue Alexis de Villeneuve,SAINT-DENIS,97400,RE,La Réunion,Réunion,-20.8765066,55.4521884,Entreprises(produits/solutions et services) | Audit/Conseil et Conformité | Auditeur de sécurité,https://www.communecter.org/upload/communecter/organizations/6979cb5fe9bd6200a64b0547/optimiz.png,https://www.communecter.org/upload/communecter/organizations/6979cb5fe9bd6200a64b0547/medium/optimiz.png,https://www.communecter.org/upload/communecter/organizations/6979cb5fe9bd6200a64b0547/thumb/profil-resized.png,https://www.communecter.org/#@optimiz,1769589599,1770285377
6a1831006579ed55701fc49a,Optus Business Cyber Security,optusBusinessCyberSecurity,Entreprises (produits/solutions et services),Entreprises(produits/solutions et services),LocalBusiness,,,,,,,https://www.optus.com.au/business/solutions/cyber-security,,,,,,,,,,,,,,,https://www.communecter.org/#@optusBusinessCyberSecurity,1779970304,1779970305
6a1fbc263e008321fb4ca898,ORACO Kenya,oracoKenya,Entreprises (produits/solutions et services),Entreprises(produits/solutions et services),LocalBusiness,,,,,,Prestataire kenyan en audit de systèmes et sensibilisation cybersécurité.,https://oraco.co.ke/cyber-security/,,,Kenya,Nairobi,,KE,Kenya,Kenya,-1.3122180,36.8068773,,https://www.communecter.org/upload/communecter/organizations/6a1fbc263e008321fb4ca898/faviconV2.jpg,https://www.communecter.org/upload/communecter/organizations/6a1fbc263e008321fb4ca898/medium/faviconV2.jpg,https://www.communecter.org/upload/communecter/organizations/6a1fbc263e008321fb4ca898/thumb/profil-resized.png,https://www.communecter.org/#@oracoKenya,1780464678,1780464678
6979cb5fe9bd6200a64b054c,Orange Cyberdefense France,orangeCyberdefenseFrance,Entreprises (produits/solutions et services),Entreprises(produits/solutions et services),NGO,Sécurité Réseau | Sécurité Cloud | Sécurité Opérationnelle et Gouvernance (SOC),Analyste SOC | Incident Responder,,,,,www.orangecyberdefense.com/fr/solutions/conseil-audit,boris.niess@orange.com,06 43 12 07 15,2 Rue Marcel Pagnol,SAINT-DENIS,97400,RE,La Réunion,Réunion,-20.8880493,55.4648679,Entreprises(produits/solutions et services) | Sécurité Réseau | Sécurité Cloud | Sécurité Opérationnelle et Gouvernance (SOC) | Analyste SOC | Incident Responder,https://www.communecter.org/upload/communecter/organizations/6979cb5fe9bd6200a64b054c/logo-ocd-bold.jpg,https://www.communecter.org/upload/communecter/organizations/6979cb5fe9bd6200a64b054c/medium/logo-ocd-bold.jpg,https://www.communecter.org/upload/communecter/organizations/6979cb5fe9bd6200a64b054c/thumb/profil-resized.png,https://www.communecter.org/#@orangeCyberdefenseFrance,1769589599,1770285093
6a17f593854a0c26c50d3941,Orange Cyberdefense Mauritius,orangeCyberdefenseMauritius,Entreprises (produits/solutions et services),Entreprises(produits/solutions et services),LocalBusiness,,,,,,Branche cybersécurité d’Orange présente à Maurice via Orange Business/Cyberdefense.,https://www.orangecyberdefense.com,info@orangecyberdefense.com,,,,,,,,,,,,,,https://www.communecter.org/#@orangeCyberdefenseMauritius,1779955091,1779955091
6a1fd5f22fc1725be9307ede,Orange Madagascar / Orange Business,orangeMadagascarOrangeBusiness,Entreprises (produits/solutions et services),Entreprises(produits/solutions et services),LocalBusiness,,,,,,Opérateur et intégrateur business avec offre cybersécurité.,https://orange.jobs/fr/fr/orange-business/madagascar ; https://fr.linkedin.com/posts/orange-madagascar_orange-samsung-transformationdigitale-activity-7346066724779110401-XKri ; https://www.orange-business.com/fr/enjeux/securisez-entreprise,,,,,,,,,,,,https://www.communecter.org/upload/communecter/organizations/6a1fd5f22fc1725be9307ede/OrangeBusinesslogo28202329.png,https://www.communecter.org/upload/communecter/organizations/6a1fd5f22fc1725be9307ede/medium/OrangeBusinesslogo28202329.png,https://www.communecter.org/upload/communecter/organizations/6a1fd5f22fc1725be9307ede/thumb/profil-resized.png,https://www.communecter.org/#@orangeMadagascarOrangeBusiness,1780471282,1780471282
6a19785945933d78c471378b,OXIQA Pvt Ltd,oxiqaPvtLtd,Entreprises (produits/solutions et services),Entreprises(produits/solutions et services),LocalBusiness,,,,,,"Fournisseur maldivien de cybersécurité et de développement logiciel, spécialisé en transformation numérique, solutions de sécurité et services agiles.",https://oxiqa.com/,,,,Malé,,MV,Maldives,Maldives,4.1779879,73.5107387,,https://www.communecter.org/upload/communecter/organizations/6a19785945933d78c471378b/faviconV2.png,https://www.communecter.org/upload/communecter/organizations/6a19785945933d78c471378b/medium/faviconV2.png,https://www.communecter.org/upload/communecter/organizations/6a19785945933d78c471378b/thumb/profil-resized.png,https://www.communecter.org/#@oxiqaPvtLtd,1780054105,1780054105
6a045a87f9b5903c5307bcd6,P17 Security,p17Security,Entreprises (produits/solutions et services),Entreprises(produits/solutions et services),LocalBusiness,Sécurité Opérationnelle et Gouvernance (SOC),,,,,,https://p17security.co.tz/,,,"Kinondoni, Dar es Salaam, Tanzania",Dar es-Salam,,TZ,Tanzanie,Tanzania,-6.8160837,39.2803583,,https://www.communecter.org/upload/communecter/organizations/6a045a87f9b5903c5307bcd6/faviconV2.png,https://www.communecter.org/upload/communecter/organizations/6a045a87f9b5903c5307bcd6/medium/faviconV2.png,https://www.communecter.org/upload/communecter/organizations/6a045a87f9b5903c5307bcd6/thumb/profil-resized.png,https://www.communecter.org/#@p17Security,1778670215,1780035579
6a1978af4a20e6669b2e803c,Pacific Technologies Pvt Ltd,pacificTechnologiesPvtLtd,Entreprises (produits/solutions et services),Entreprises(produits/solutions et services),LocalBusiness,,,,,,"Intégrateur de systèmes et fournisseur de solutions ICT/ELV pour hôtels, resorts et entreprises : déploiement, maintenance et sécurité technologique.",https://pacifictechnologies.mv/,,,,Malé,,MV,Maldives,Maldives,4.1779879,73.5107387,,https://www.communecter.org/upload/communecter/organizations/6a1978af4a20e6669b2e803c/faviconV2.png,https://www.communecter.org/upload/communecter/organizations/6a1978af4a20e6669b2e803c/medium/faviconV2.png,https://www.communecter.org/upload/communecter/organizations/6a1978af4a20e6669b2e803c/thumb/profil-resized.png,https://www.communecter.org/#@pacificTechnologiesPvtLtd,1780054191,1780054191
6a19662acc64c54013236fab,Paladion Networks / Atos,paladionNetworksAtos,Entreprises (produits/solutions et services),Entreprises(produits/solutions et services),,,,,,,"Ancien acteur indien de services de cybersécurité intégré à Atos, spécialisé en sécurité managée, détection et réponse aux incidents.",https://atos.net,,,"c/o Atos India, Embassy Tech Village, Outer Ring Road, Devarabeesanahalli, Bengaluru 560103, Karnataka, India",Bangalore,,IN,Inde,India,12.9767936,77.5900820,,https://www.communecter.org/upload/communecter/organizations/6a19662acc64c54013236fab/faviconV2.png,https://www.communecter.org/upload/communecter/organizations/6a19662acc64c54013236fab/medium/faviconV2.png,https://www.communecter.org/upload/communecter/organizations/6a19662acc64c54013236fab/thumb/profil-resized.png,https://www.communecter.org/#@paladionNetworksAtos,1780049450,1780049450
6a183139cfd5c632b763e287,Palo Alto Networks Australia,paloAltoNetworksAustralia,Entreprises (produits/solutions et services),Entreprises(produits/solutions et services),LocalBusiness,,,,,,,https://www.paloaltonetworks.com.au/,,,,,,,,,,,,,,,https://www.communecter.org/#@paloAltoNetworksAustralia,1779970361,1779970361
697c99e78b82f94bfe3a925b,PaloSec Cyber Security,palosecCyberSecurity,Entreprises (produits/solutions et services),Entreprises(produits/solutions et services) | Sécurité Réseau | Sécurité des postes | Sécurité des Applications | Sécurité de l'IdO (IoT) | Sécurité Opérationnelle et Gouvernance (SOC) | Cryptographie/Cryptologie | Cybersécurité Offensive (Pentest) | Audit/Conseil et Conformité,NGO,Sécurité Réseau | Sécurité des postes | Sécurité des Applications | Sécurité de l'IdO (IoT) | Cryptographie/Cryptologie | Cybersécurité Offensive (Pentest) | Audit/Conseil et Conformité | Sécurité Opérationnelle et Gouvernance (SOC),Auditeur de sécurité | Pentester | Développeur Sécurisé (DevSecOps) | Cryptologue,,,,,https://www.palosec.com/,,,,Maputo,,MZ,Mozambique,Mozambique,-25.9662130,32.5674500,Entreprises(produits/solutions et services) | Sécurité Réseau | Sécurité des postes | Sécurité des Applications | Sécurité de l'IdO (IoT) | Sécurité Opérationnelle et Gouvernance (SOC) | Cryptographie/Cryptologie | Cybersécurité Offensive (Pentest) | Audit/Conseil et Conformité,https://www.communecter.org/upload/communecter/organizations/697c99e78b82f94bfe3a925b/pastedimage.png,https://www.communecter.org/upload/communecter/organizations/697c99e78b82f94bfe3a925b/medium/pastedimage.png,https://www.communecter.org/upload/communecter/organizations/697c99e78b82f94bfe3a925b/thumb/pastedimage.png,https://www.communecter.org/#@palosecCyberSecurity,1769773796,1769773796
6a19640533a0b60fa168058f,Panacea Infosec,panaceaInfosec,Entreprises (produits/solutions et services),Entreprises(produits/solutions et services),,,,,,,"Prestataire ou éditeur de cybersécurité intervenant sur audit, gouvernance, conformité, gestion des vulnérabilités et protection des systèmes.",https://panaceainfosec.com,,,"A-26, Sector 63, Noida 201301, Uttar Pradesh, India",Noida,,IN,Inde,India,28.5706333,77.3272147,,https://www.communecter.org/upload/communecter/organizations/6a19640533a0b60fa168058f/faviconV2.png,https://www.communecter.org/upload/communecter/organizations/6a19640533a0b60fa168058f/medium/faviconV2.png,https://www.communecter.org/upload/communecter/organizations/6a19640533a0b60fa168058f/thumb/profil-resized.png,https://www.communecter.org/#@panaceaInfosec,1780048901,1780048902
6a1830b2cfd5c632b763e266,ParaFlare,paraflare,Entreprises (produits/solutions et services),Entreprises(produits/solutions et services),LocalBusiness,,,,,,,https://www.deloitte.com/au/en/about/press-room/paraflare-deloitte-unite-to-advance-australian-cyber-security-010224.html,,,"Foveaux Street, Surry Hills NSW 2010, Australia",Sydney,2000,AU,Australie,Australia,-33.8698439,151.2082848,,,,,https://www.communecter.org/#@paraflare,1779970226,1779970226
6a19786545933d78c4713795,Parallel Security Solutions,parallelSecuritySolutions,Entreprises (produits/solutions et services),Entreprises(produits/solutions et services),LocalBusiness,,,,,,"Prestataire maldivien de sécurité de l’information aidant les organisations à évaluer les menaces, identifier les vulnérabilités et protéger leurs systèmes.",https://parallel.solutions/,,,,Malé,,MV,Maldives,Maldives,4.1779879,73.5107387,,https://www.communecter.org/upload/communecter/organizations/6a19786545933d78c4713795/faviconV2.png,https://www.communecter.org/upload/communecter/organizations/6a19786545933d78c4713795/medium/faviconV2.png,https://www.communecter.org/upload/communecter/organizations/6a19786545933d78c4713795/thumb/profil-resized.png,https://www.communecter.org/#@parallelSecuritySolutions,1780054117,1780054117
6a1831d3cfd5c632b763e2f6,Penten,penten,Entreprises (produits/solutions et services),Entreprises(produits/solutions et services),LocalBusiness,,,,,,,https://www.penten.com/,,,"Penten, 216 Northbourne Avenue, Braddon ACT 2612, Australia",Canberra,,AU,Australie,Australia,-35.2975906,149.1012676,,,,,https://www.communecter.org/#@penten,1779970515,1779970515
6a1978964a20e6669b2e8028,PiNetworks,pinetworks,Entreprises (produits/solutions et services),Entreprises(produits/solutions et services),LocalBusiness,,,,,,Partenaire Microsoft et fournisseur de solutions technologiques et cybersécurité pour entreprises aux Maldives.,https://www.pinetworks.net/,,,,Malé,,MV,Maldives,Maldives,4.1779879,73.5107387,,https://www.communecter.org/upload/communecter/organizations/6a1978964a20e6669b2e8028/faviconV2.png,https://www.communecter.org/upload/communecter/organizations/6a1978964a20e6669b2e8028/medium/faviconV2.png,https://www.communecter.org/upload/communecter/organizations/6a1978964a20e6669b2e8028/thumb/profil-resized.png,https://www.communecter.org/#@pinetworks,1780054166,1780054167
697ce1f9c70aab23160e76cc,PragICTS,pragicts,Entreprises (produits/solutions et services),Entreprises(produits/solutions et services) | Sécurité Cloud | Sécurité Réseau,NGO,Sécurité Réseau | Sécurité Cloud,Auditeur de sécurité,,,,,https://cybersecops.pragicts.com/,,+94 76 606 970,Sri Jayawardenepura Kotte 10100,Colombo,,LK,Sri Lanka,Sri Lanka,6.8889549,79.9018619,Entreprises(produits/solutions et services) | Sécurité Cloud | Sécurité Réseau,https://www.communecter.org/upload/communecter/organizations/697ce1f9c70aab23160e76cc/pastedimage.png,https://www.communecter.org/upload/communecter/organizations/697ce1f9c70aab23160e76cc/medium/pastedimage.png,https://www.communecter.org/upload/communecter/organizations/697ce1f9c70aab23160e76cc/thumb/pastedimage.png,https://www.communecter.org/#@pragicts,1769792150,1769792151
6979cb61e9bd6200a64b0551,PragmaTIC (ESNOI),pragmaticEsnoi,Entreprises (produits/solutions et services),Entreprises(produits/solutions et services),NGO,Audit/Conseil et Conformité | Sécurité Réseau,Auditeur de sécurité,,,,,www.pragma-tic.org,contact@pragma-tic.org,02 62 86 78 47,5 Avenue des artisans,SAINT-LEU,97436,RE,La Réunion,Réunion,-21.1423797,55.2794727,Audit/Conseil et Conformité | Auditeur de sécurité | Entreprises(produits/solutions et services) | Sécurité Réseau,https://www.communecter.org/upload/communecter/organizations/6979cb61e9bd6200a64b0551/PragmaTIC.webp,https://www.communecter.org/upload/communecter/organizations/6979cb61e9bd6200a64b0551/medium/PragmaTIC.webp,https://www.communecter.org/upload/communecter/organizations/6979cb61e9bd6200a64b0551/thumb/profil-resized.png,https://www.communecter.org/#@pragmaticEsnoi,1769589601,1779100723
6a18316bcfd5c632b763e2a8,Proofpoint Australia,proofpointAustralia,Entreprises (produits/solutions et services),Entreprises(produits/solutions et services),LocalBusiness,,,,,,,https://www.proofpoint.com/au,,,"Proofpoint Australia, Level 10, 171 Sussex Street, Sydney NSW 2000, Australia",Sydney,2000,AU,Australie,Australia,-33.8698439,151.2082848,,,,,https://www.communecter.org/#@proofpointAustralia,1779970411,1779970411
6a1830ca2fb8f27c4f1d9a47,PwC Australia Cybersecurity and Digital Trust,pwcAustraliaCybersecurityAndDigitalTrust,Entreprises (produits/solutions et services),Entreprises(produits/solutions et services),LocalBusiness,,,,,,,https://www.pwc.com.au/cybersecurity-digital-trust.html,,,"One International Towers Sydney, Watermans Quay, Barangaroo NSW 2000, Australia",Barangaroo,,AU,Australie,Australia,-33.8614084,151.2016877,,,,,https://www.communecter.org/#@pwcAustraliaCybersecurityAndDigitalTrust,1779970250,1779970250
6a19654f79e0304b6b5aac0a,PwC India Cybersecurity,pwcIndiaCybersecurity,Entreprises (produits/solutions et services),Entreprises(produits/solutions et services),,,,,,,"Cabinet de conseil offrant des prestations liées à la cybersécurité, aux risques numériques, à la conformité, à l’audit et à la protection des données.",https://pwc.in,,,"Building 8, Tower B, DLF Cyber City, Gurugram 122002, Haryana, India",Gurugram,,IN,Inde,India,28.4646148,77.0299194,,https://www.communecter.org/upload/communecter/organizations/6a19654f79e0304b6b5aac0a/faviconV2.png,https://www.communecter.org/upload/communecter/organizations/6a19654f79e0304b6b5aac0a/medium/faviconV2.png,https://www.communecter.org/upload/communecter/organizations/6a19654f79e0304b6b5aac0a/thumb/profil-resized.png,https://www.communecter.org/#@pwcIndiaCybersecurity,1780049231,1780049232
6a1fbbd13e008321fb4ca87a,PwC Kenya,pwcKenya,Entreprises (produits/solutions et services),Entreprises(produits/solutions et services),LocalBusiness,,,,,,"Cabinet d'audit/conseil, acteur de la gouvernance, risques, conformité et cybersécurité.",https://www.pwc.com/ke/en.html,,,"Nairobi, Kenya",Nairobi,,KE,Kenya,Kenya,-1.3015643,36.8128437,,https://www.communecter.org/upload/communecter/organizations/6a1fbbd13e008321fb4ca87a/faviconV2.png,https://www.communecter.org/upload/communecter/organizations/6a1fbbd13e008321fb4ca87a/medium/faviconV2.png,https://www.communecter.org/upload/communecter/organizations/6a1fbbd13e008321fb4ca87a/thumb/profil-resized.png,https://www.communecter.org/#@pwcKenya,1780464593,1780464593
697f71652c338f6fcb05cd8d,QNu Labs,qnuLabs,Entreprises (produits/solutions et services),Entreprises(produits/solutions et services) | Cryptographie/Cryptologie | Cybersécurité Offensive (Pentest) | Sécurité Opérationnelle et Gouvernance (SOC),NGO,Sécurité Opérationnelle et Gouvernance (SOC) | Cryptographie/Cryptologie | Cybersécurité Offensive (Pentest),Consultant GRC | Analyste SOC,,,,,https://www.qnulabs.com/,,,,Bangalore,,IN,Inde,India,12.9767936,77.5900820,Entreprises(produits/solutions et services) | Cryptographie/Cryptologie | Cybersécurité Offensive (Pentest) | Sécurité Opérationnelle et Gouvernance (SOC),https://www.communecter.org/upload/communecter/organizations/697f71652c338f6fcb05cd8d/pastedimage.png,https://www.communecter.org/upload/communecter/organizations/697f71652c338f6fcb05cd8d/medium/pastedimage.png,https://www.communecter.org/upload/communecter/organizations/697f71652c338f6fcb05cd8d/thumb/pastedimage.png,https://www.communecter.org/#@qnuLabs,1769959904,1769959905
6a1964605bf1852ddd799977,QOS Technology,qosTechnology,Entreprises (produits/solutions et services),Entreprises(produits/solutions et services),,,,,,,"Organisation intervenant dans l’écosystème indien de cybersécurité : services, conseil, formation, innovation ou appui à la sécurité numérique.",https://qostechnology.in,,,,,,,,,,,,https://www.communecter.org/upload/communecter/organizations/6a1964605bf1852ddd799977/faviconV2.png,https://www.communecter.org/upload/communecter/organizations/6a1964605bf1852ddd799977/medium/faviconV2.png,https://www.communecter.org/upload/communecter/organizations/6a1964605bf1852ddd799977/thumb/profil-resized.png,https://www.communecter.org/#@qosTechnology,1780048992,1780048992
6a1964225bf1852ddd799954,QRC Assurance and Solutions,qrcAssuranceAndSolutions,Entreprises (produits/solutions et services),Entreprises(produits/solutions et services),,,,,,,"Prestataire ou éditeur de cybersécurité intervenant sur audit, gouvernance, conformité, gestion des vulnérabilités et protection des systèmes.",https://qrcsolutionz.com,,,"503, 5th Floor, Satra Plaza, Plot No. 19 & 20, Sector 19D, Vashi, Navi Mumbai 400703, Maharashtra, India",Navi Mumbai,,IN,Inde,India,19.0308262,73.0198537,,https://www.communecter.org/upload/communecter/organizations/6a1964225bf1852ddd799954/faviconV2.png,https://www.communecter.org/upload/communecter/organizations/6a1964225bf1852ddd799954/medium/faviconV2.png,https://www.communecter.org/upload/communecter/organizations/6a1964225bf1852ddd799954/thumb/profil-resized.png,https://www.communecter.org/#@qrcAssuranceAndSolutions,1780048930,1780048930
6a1962f2cc64c54013236f8b,Quick Heal Technologies,quickHealTechnologies,Entreprises (produits/solutions et services),Entreprises(produits/solutions et services),,,,,,,"Éditeur indien de solutions de sécurité informatique, antivirus, protection des terminaux, sécurité d’entreprise et réponse aux menaces.",https://quickheal.co.in,,,,,,,,,,,,https://www.communecter.org/upload/communecter/organizations/6a1962f2cc64c54013236f8b/faviconV2.jpg,https://www.communecter.org/upload/communecter/organizations/6a1962f2cc64c54013236f8b/medium/faviconV2.jpg,https://www.communecter.org/upload/communecter/organizations/6a1962f2cc64c54013236f8b/thumb/profil-resized.png,https://www.communecter.org/#@quickHealTechnologies,1780048626,1780048626
697cbf2bb9f88a038a15ed03,Quick Heal Technologies Ltd.,quickHealTechnologiesLtd,Entreprises (produits/solutions et services),Entreprises(produits/solutions et services) | Sécurité Cloud | Sécurité Réseau,NGO,Sécurité Réseau | Sécurité Cloud,Analyste SOC | Ingénieur Sécurité Cloud,,,,,https://www.quickheal.com/,,,Marathon Futurex,Mumbai,,IN,Inde,Inde,18.9946673,72.8306885,Entreprises(produits/solutions et services) | Sécurité Cloud | Sécurité Réseau,https://www.communecter.org/upload/communecter/organizations/697cbf2bb9f88a038a15ed03/pastedimage.png,https://www.communecter.org/upload/communecter/organizations/697cbf2bb9f88a038a15ed03/medium/pastedimage.png,https://www.communecter.org/upload/communecter/organizations/697cbf2bb9f88a038a15ed03/thumb/pastedimage.png,https://www.communecter.org/#@quickHealTechnologiesLtd,1769783169,1769783397
6980ee37f0a152486c309ed2,QuintessenceLabs,quintessencelabs,Entreprises (produits/solutions et services),Entreprises(produits/solutions et services) | Sécurité Réseau | Développeur Sécurisé (DevSecOps) | Ingénieur Sécurité Cloud | Cryptologue | Cryptographie/Cryptologie,NGO,Sécurité Réseau | Cryptographie/Cryptologie | Développeur Sécurisé (DevSecOps) | Ingénieur Sécurité Cloud | Cryptologue,Développeur Sécurisé (DevSecOps) | Ingénieur Sécurité Cloud | Cryptologue,,,,,https://www.quintessencelabs.com/,,+61 2 6260 4922,"Unit 11, 18 Brindabella Circuit, Brindabella Business Park, Canberra Airport, ACT 2609, AU",Brindabella,,AU,Australie,Australia,-35.3112707,149.1883790,Entreprises(produits/solutions et services) | Sécurité Réseau | Développeur Sécurisé (DevSecOps) | Ingénieur Sécurité Cloud | Cryptologue | Cryptographie/Cryptologie,https://www.communecter.org/upload/communecter/organizations/6980ee37f0a152486c309ed2/pastedimage.png,https://www.communecter.org/upload/communecter/organizations/6980ee37f0a152486c309ed2/medium/pastedimage.png,https://www.communecter.org/upload/communecter/organizations/6980ee37f0a152486c309ed2/thumb/pastedimage.png,https://www.communecter.org/#@quintessencelabs,1770057385,1770057386
6a045bfaac507d049830b2be,Radelifame Limited Company,radelifameLimitedCompany,Entreprises (produits/solutions et services),Entreprises(produits/solutions et services),LocalBusiness,Sécurité Opérationnelle et Gouvernance (SOC),,,,,,https://radelifame.co.tz/,,,"Kijitonyama, Dar es Salaam, Tanzania",Dar es-Salam,,TZ,Tanzanie,Tanzania,-6.8160837,39.2803583,,https://www.communecter.org/upload/communecter/organizations/6a045bfaac507d049830b2be/faviconV2.png,https://www.communecter.org/upload/communecter/organizations/6a045bfaac507d049830b2be/medium/faviconV2.png,https://www.communecter.org/upload/communecter/organizations/6a045bfaac507d049830b2be/thumb/profil-resized.png,https://www.communecter.org/#@radelifameLimitedCompany,1778670586,1780035602
6a19882593d3e12c4c29a99c,Rapid IT,rapidIt,Entreprises (produits/solutions et services),Entreprises(produits/solutions et services),LocalBusiness,,,,,,"Consultant informatique local proposant externalisation IT, support et optimisation d’infrastructures pour les entreprises.",https://rapid-it.koek.sc/,,,"Glacis, Mahé, Seychelles",Victoria,,SC,Seychelles,Seychelles,-4.6232085,55.4523590,,https://www.communecter.org/upload/communecter/organizations/6a19882593d3e12c4c29a99c/faviconV2.png,https://www.communecter.org/upload/communecter/organizations/6a19882593d3e12c4c29a99c/medium/faviconV2.png,https://www.communecter.org/upload/communecter/organizations/6a19882593d3e12c4c29a99c/thumb/profil-resized.png,https://www.communecter.org/#@rapidIt,1780058149,1780058149
6a183172cfd5c632b763e2ad,Rapid7 Australia,rapid7Australia,Entreprises (produits/solutions et services),Entreprises(produits/solutions et services),LocalBusiness,,,,,,,https://www.rapid7.com/,,,"Rapid7 Australia, Level 6, 341 George Street, Sydney NSW 2000, Australia",Sydney,2000,AU,Australie,Australia,-33.8698439,151.2082848,,,,,https://www.communecter.org/#@rapid7Australia,1779970418,1779970418
6a17f43193f0f5556a028a61,RedCERT,redcert,Entreprises (produits/solutions et services),Entreprises(produits/solutions et services),LocalBusiness,,,,,,,https://www.redcert.lk/,,,"No. 20B, High Level Road, Kirulapona, Colombo 06",Colombo,,LK,Sri Lanka,Sri Lanka,6.9388614,79.8542005,,https://www.communecter.org/upload/communecter/organizations/6a17f43193f0f5556a028a61/logo.png,https://www.communecter.org/upload/communecter/organizations/6a17f43193f0f5556a028a61/medium/logo.png,https://www.communecter.org/upload/communecter/organizations/6a17f43193f0f5556a028a61/thumb/profil-resized.png,https://www.communecter.org/#@redcert,1779954737,1779954738
6a1965f292df61291f18185f,RedHunt Labs,redhuntLabs,Entreprises (produits/solutions et services),Entreprises(produits/solutions et services),,,,,,,"Société spécialisée en sécurité offensive, tests d’intrusion, audits applicatifs, recherche de vulnérabilités et formation technique.",https://redhuntlabs.com,,,"H-87, Sector 63, Noida 201301, Uttar Pradesh, India",Noida,,IN,Inde,India,28.5706333,77.3272147,,https://www.communecter.org/upload/communecter/organizations/6a1965f292df61291f18185f/faviconV2.png,https://www.communecter.org/upload/communecter/organizations/6a1965f292df61291f18185f/medium/faviconV2.png,https://www.communecter.org/upload/communecter/organizations/6a1965f292df61291f18185f/thumb/profil-resized.png,https://www.communecter.org/#@redhuntLabs,1780049394,1780049394
6a1831e6cfd5c632b763e305,Retrospect Labs,retrospectLabs,Entreprises (produits/solutions et services),Entreprises(produits/solutions et services),LocalBusiness,,,,,,,https://www.retrospectlabs.com/,,,"Retrospect Labs, Sydney NSW, Australia",Sydney,2000,AU,Australie,Australia,-33.8698439,151.2082848,,,,,https://www.communecter.org/#@retrospectLabs,1779970534,1779970534
6a1fd56c334b8c1a30146592,RITEC,ritec,Entreprises (produits/solutions et services),Entreprises(produits/solutions et services),LocalBusiness,,,,,,Prestataire IT/cloud/cybersécurité implanté à Madagascar.,https://www.ritec.mg/,,,,Antananarivo,,MG,Madagascar,Madagasikara,-18.9100122,47.5255809,,,,,https://www.communecter.org/#@ritec,1780471148,1780471148
6979cb63e9bd6200a64b055b,RLCom (RESEAU LOGICIEL COMMUNICATION),rlcomReseauLogicielCommunication,Entreprises (produits/solutions et services),Entreprises(produits/solutions et services),NGO,Sécurité Réseau,Ingénieur Sécurité Cloud,,,,,https://rlcom.re/,sophie@rlcom.re,06 92 11 63 76,"114 Ter Rue Joseph Hubert, Local 5",SAINT-GILLES LES HAUTS,97435,RE,La Réunion,Réunion,-21.0511484,55.2672746,Entreprises(produits/solutions et services) | Sécurité Réseau | Ingénieur Sécurité Cloud,https://www.communecter.org/upload/communecter/organizations/6979cb63e9bd6200a64b055b/rlcom.jpeg,https://www.communecter.org/upload/communecter/organizations/6979cb63e9bd6200a64b055b/medium/rlcom.jpeg,https://www.communecter.org/upload/communecter/organizations/6979cb63e9bd6200a64b055b/thumb/profil-resized.png,https://www.communecter.org/#@rlcomReseauLogicielCommunication,1769589603,1770201206
6a19643d5bf1852ddd799963,RNR Consulting,rnrConsulting,Entreprises (produits/solutions et services),Entreprises(produits/solutions et services),,,,,,,"Organisation intervenant dans l’écosystème indien de cybersécurité : services, conseil, formation, innovation ou appui à la sécurité numérique.",https://rnrconsulting.in,,,"Bengaluru, Karnataka, India — adresse postale publique complète non identifiée",Bangalore,,IN,Inde,India,12.9767936,77.5900820,,https://www.communecter.org/upload/communecter/organizations/6a19643d5bf1852ddd799963/faviconV2.png,https://www.communecter.org/upload/communecter/organizations/6a19643d5bf1852ddd799963/medium/faviconV2.png,https://www.communecter.org/upload/communecter/organizations/6a19643d5bf1852ddd799963/thumb/profil-resized.png,https://www.communecter.org/#@rnrConsulting,1780048957,1780048957
6a17f54901c23906f63a19ea,Rogers Capital Technology,rogersCapitalTechnology,Entreprises (produits/solutions et services),Entreprises(produits/solutions et services),LocalBusiness,,,,,,Branche technologie de Rogers Capital avec services cybersécurité et SOC.,https://technology.rogerscapital.mu/services/cyber-security-advisory-services/,,,"Rogers Capital House, 5 President John Kennedy Street, Port-Louis, Mauritius",Port-Louis,,MU,Maurice,Mauritius,-20.1637281,57.5045331,,https://www.communecter.org/upload/communecter/organizations/6a17f54901c23906f63a19ea/Logo-white.png,https://www.communecter.org/upload/communecter/organizations/6a17f54901c23906f63a19ea/medium/Logo-white.png,https://www.communecter.org/upload/communecter/organizations/6a17f54901c23906f63a19ea/thumb/profil-resized.png,https://www.communecter.org/#@rogersCapitalTechnology,1779955017,1779955018
6a1978a94a20e6669b2e8037,Roseware Corporation Pvt Ltd,rosewareCorporationPvtLtd,Entreprises (produits/solutions et services),Entreprises(produits/solutions et services),LocalBusiness,,,,,,"Fournisseur IT spécialisé en infrastructure, produits, services, réseaux, sécurité, stockage, conseil, installation et maintenance.",https://www.rosewarecorp.com/,,,,Malé,,MV,Maldives,Maldives,4.1779879,73.5107387,,https://www.communecter.org/upload/communecter/organizations/6a1978a94a20e6669b2e8037/faviconV2.png,https://www.communecter.org/upload/communecter/organizations/6a1978a94a20e6669b2e8037/medium/faviconV2.png,https://www.communecter.org/upload/communecter/organizations/6a1978a94a20e6669b2e8037/thumb/profil-resized.png,https://www.communecter.org/#@rosewareCorporationPvtLtd,1780054185,1780054185
6a1fbb963e008321fb4ca860,Safaricom PLC,safaricomPlc,Entreprises (produits/solutions et services),Entreprises(produits/solutions et services),LocalBusiness,,,,,,Opérateur télécom majeur ; acteur d'infrastructure critique avec centre/activité de cybersécurité.,https://www.safaricom.co.ke/,cybersecurity@safaricom.co.ke,,"Nairobi, Kenya",Nairobi,,KE,Kenya,Kenya,-1.3015643,36.8128437,,https://www.communecter.org/upload/communecter/organizations/6a1fbb963e008321fb4ca860/faviconV2.png,https://www.communecter.org/upload/communecter/organizations/6a1fbb963e008321fb4ca860/medium/faviconV2.png,https://www.communecter.org/upload/communecter/organizations/6a1fbb963e008321fb4ca860/thumb/profil-resized.png,https://www.communecter.org/#@safaricomPlc,1780464534,1780464534
6a19633033a0b60fa168051c,SAFE Security,safeSecurity,Entreprises (produits/solutions et services),Entreprises(produits/solutions et services),,,,,,,"Prestataire ou éditeur de cybersécurité intervenant sur audit, gouvernance, conformité, gestion des vulnérabilités et protection des systèmes.",https://safe.security,,,,,,,,,,,,https://www.communecter.org/upload/communecter/organizations/6a19633033a0b60fa168051c/faviconV2.png,https://www.communecter.org/upload/communecter/organizations/6a19633033a0b60fa168051c/medium/faviconV2.png,https://www.communecter.org/upload/communecter/organizations/6a19633033a0b60fa168051c/thumb/profil-resized.png,https://www.communecter.org/#@safeSecurity,1780048688,1780048688
6a1964745bf1852ddd799981,Saint Fox Consultancy,saintFoxConsultancy,Entreprises (produits/solutions et services),Entreprises(produits/solutions et services),,,,,,,"Organisation intervenant dans l’écosystème indien de cybersécurité : services, conseil, formation, innovation ou appui à la sécurité numérique.",https://saintfox.com,,,,,,,,,,,,https://www.communecter.org/upload/communecter/organizations/6a1964745bf1852ddd799981/faviconV2.png,https://www.communecter.org/upload/communecter/organizations/6a1964745bf1852ddd799981/medium/faviconV2.png,https://www.communecter.org/upload/communecter/organizations/6a1964745bf1852ddd799981/thumb/profil-resized.png,https://www.communecter.org/#@saintFoxConsultancy,1780049012,1780049012
6a1963bd33a0b60fa1680569,Scrut Automation,scrutAutomation,Entreprises (produits/solutions et services),Entreprises(produits/solutions et services),,,,,,,Plateforme de conformité et gestion des contrôles de sécurité aidant les entreprises à préparer audits et certifications.,https://scrut.io,,,,,,,,,,,,https://www.communecter.org/upload/communecter/organizations/6a1963bd33a0b60fa1680569/faviconV2.png,https://www.communecter.org/upload/communecter/organizations/6a1963bd33a0b60fa1680569/medium/faviconV2.png,https://www.communecter.org/upload/communecter/organizations/6a1963bd33a0b60fa1680569/thumb/profil-resized.png,https://www.communecter.org/#@scrutAutomation,1780048829,1780048829
6a17f40b6a6d737289777f55,Scybers,scybers,Entreprises (produits/solutions et services),Entreprises(produits/solutions et services),LocalBusiness,,,,,,,https://scybers.com/,,579-406-6198,"Level 21, Maga One Building, No 200 Nawala Road, Narahenpita, Colombo 00500",Colombo,,LK,Sri Lanka,Sri Lanka,6.9388614,79.8542005,,,,,https://www.communecter.org/#@scybers,1779954699,1779954699
6a19637833a0b60fa1680543,Seclore,seclore,Entreprises (produits/solutions et services),Entreprises(produits/solutions et services),,,,,,,"Prestataire ou éditeur de cybersécurité intervenant sur audit, gouvernance, conformité, gestion des vulnérabilités et protection des systèmes.",https://seclore.com,,,"Excom House, 7 & 8, Saki Vihar Road, Sakinaka, Andheri East, Mumbai 400072, Maharashtra, India",Mumbai,,IN,Inde,India,19.0549990,72.8692035,,https://www.communecter.org/upload/communecter/organizations/6a19637833a0b60fa1680543/faviconV2.png,https://www.communecter.org/upload/communecter/organizations/6a19637833a0b60fa1680543/medium/faviconV2.png,https://www.communecter.org/upload/communecter/organizations/6a19637833a0b60fa1680543/thumb/profil-resized.png,https://www.communecter.org/#@seclore,1780048760,1780048760
6a192571bb600b6cbf5777bc,Secmentis - Mozambique / Maputo Cyber Security Services,vices1,Entreprises (produits/solutions et services),Entreprises(produits/solutions et services),LocalBusiness,,,,,,,https://www.secmentis.com/mozambique/maputo-cyber-security-services,,,,Maputo,,MZ,Mozambique,Mozambique,-25.9662130,32.5674500,,,,,https://www.communecter.org/#@vices1,1780032881,1780033463
6a1fd615334b8c1a301465b3,Secmentis Madagascar,secmentisMadagascar,Entreprises (produits/solutions et services),Entreprises(produits/solutions et services),LocalBusiness,,,,,,Cabinet international de cybersécurité avec page dédiée Madagascar.,https://www.secmentis.com/madagascar/,,,,,,,,,,,,https://www.communecter.org/upload/communecter/organizations/6a1fd615334b8c1a301465b3/logob.png,https://www.communecter.org/upload/communecter/organizations/6a1fd615334b8c1a301465b3/medium/logob.png,https://www.communecter.org/upload/communecter/organizations/6a1fd615334b8c1a301465b3/thumb/profil-resized.png,https://www.communecter.org/#@secmentisMadagascar,1780471317,1780471318
698192d66e9f096a4d4452d8,Secure Code Warrior,secureCodeWarrior,Entreprises (produits/solutions et services),Entreprises(produits/solutions et services),LocalBusiness,Sécurité des Applications | Sécurité Réseau | Sécurité Cloud,Développeur Sécurisé (DevSecOps) | Ingénieur Sécurité Cloud,,,,,https://www.securecodewarrior.com/,,+61 452 265 033,"Secure Code Warrior, Level 1, 175 Pitt Street, Sydney NSW 2000, Australia",Sydney,2000,AU,Australie,Australia,-33.8698439,151.2082848,Organismes de formation | Entreprises(produits/solutions et services) | Sécurité des Applications | Ingénieur Sécurité Cloud | Sécurité Réseau | Développeur Sécurisé (DevSecOps) | Sécurité Cloud,https://www.communecter.org/upload/communecter/organizations/698192d66e9f096a4d4452d8/pastedimage.png,https://www.communecter.org/upload/communecter/organizations/698192d66e9f096a4d4452d8/medium/pastedimage.png,https://www.communecter.org/upload/communecter/organizations/698192d66e9f096a4d4452d8/thumb/pastedimage.png,https://www.communecter.org/#@secureCodeWarrior,1770099726,1779970506
6a19641433a0b60fa1680599,SecureLayer7,securelayer7,Entreprises (produits/solutions et services),Entreprises(produits/solutions et services),,,,,,,"Organisation intervenant dans l’écosystème indien de cybersécurité : services, conseil, formation, innovation ou appui à la sécurité numérique.",https://securelayer7.net,,,,,,,,,,,,https://www.communecter.org/upload/communecter/organizations/6a19641433a0b60fa1680599/faviconV2.png,https://www.communecter.org/upload/communecter/organizations/6a19641433a0b60fa1680599/medium/faviconV2.png,https://www.communecter.org/upload/communecter/organizations/6a19641433a0b60fa1680599/thumb/profil-resized.png,https://www.communecter.org/#@securelayer7,1780048916,1780048917
697b27e4e0442b0a791632b4,Securelink Consulting Ltd,securelinkConsultingLtd,Entreprises (produits/solutions et services),Entreprises(produits/solutions et services),NGO,Conseil sécurité globale & cybersécurité,,,,,,,sales@secureservices.mu,,"1st floor, Khatib Building, MU, 22A Dr Eugène Laurent St, Port Louis 11405, Maurice",Port-Louis,11405,MU,Maurice,Mauritius,-20.1637281,57.5045331,Entreprises(produits/solutions et services),https://www.communecter.org/upload/communecter/organizations/697b27e4e0442b0a791632b4/Securelink-Logo.png,https://www.communecter.org/upload/communecter/organizations/697b27e4e0442b0a791632b4/medium/Securelink-Logo.png,https://www.communecter.org/upload/communecter/organizations/697b27e4e0442b0a791632b4/thumb/profil-resized.png,https://www.communecter.org/#@securelinkConsultingLtd,1769678820,1769678820
6996b0d23536e2742319bbcf,Secureworks Australia,secureworksAustralia,Entreprises (produits/solutions et services),Entreprises(produits/solutions et services) | Managed Detection & Response | Analyste SOC | Analyste Threat Intelligence | Threat Hunter,NGO,Managed Detection & Response | Analyste SOC | Analyste Threat Intelligence | Threat Hunter,Analyste SOC | Threat Hunter,,,,,https://www.sophos.com/en-us,,,NSW,Sydney,2000,AU,Australie,Australie,-33.8672662,151.2127431,Entreprises(produits/solutions et services) | Managed Detection & Response | Analyste SOC | Analyste Threat Intelligence | Threat Hunter,https://www.communecter.org/upload/communecter/organizations/6996b0d23536e2742319bbcf/pastedimage.png,https://www.communecter.org/upload/communecter/organizations/6996b0d23536e2742319bbcf/medium/pastedimage.png,https://www.communecter.org/upload/communecter/organizations/6996b0d23536e2742319bbcf/thumb/pastedimage.png,https://www.communecter.org/#@secureworksAustralia,1771483443,1771483492
6a1963e633a0b60fa168057d,SecurEyes,secureyes,Entreprises (produits/solutions et services),Entreprises(produits/solutions et services),,,,,,,"Prestataire ou éditeur de cybersécurité intervenant sur audit, gouvernance, conformité, gestion des vulnérabilités et protection des systèmes.",https://secureyes.net,,,,,,,,,,,,https://www.communecter.org/upload/communecter/organizations/6a1963e633a0b60fa168057d/faviconV2.png,https://www.communecter.org/upload/communecter/organizations/6a1963e633a0b60fa168057d/medium/faviconV2.png,https://www.communecter.org/upload/communecter/organizations/6a1963e633a0b60fa168057d/thumb/profil-resized.png,https://www.communecter.org/#@secureyes,1780048870,1780048870
6a1965da92df61291f18184b,Security Brigade,securityBrigade,Entreprises (produits/solutions et services),Entreprises(produits/solutions et services),,,,,,,"Société spécialisée en sécurité offensive, tests d’intrusion, audits applicatifs, recherche de vulnérabilités et formation technique.",https://securitybrigade.com,,,"1st Floor, Veda Factory, Andheri Kurla Road, Andheri East, Mumbai 400059, Maharashtra, India",Mumbai,,IN,Inde,India,19.0549990,72.8692035,,https://www.communecter.org/upload/communecter/organizations/6a1965da92df61291f18184b/faviconV2.png,https://www.communecter.org/upload/communecter/organizations/6a1965da92df61291f18184b/medium/faviconV2.png,https://www.communecter.org/upload/communecter/organizations/6a1965da92df61291f18184b/thumb/profil-resized.png,https://www.communecter.org/#@securityBrigade,1780049370,1780049370
6a18308fcfd5c632b763e259,Sekuro,sekuro,Entreprises (produits/solutions et services),Entreprises(produits/solutions et services),LocalBusiness,,,,,,,https://sekuro.io/,,,"Level 5, 727 George Street, Sydney NSW 2000, Australia",Sydney,2000,AU,Australie,Australia,-33.8698439,151.2082848,,,,,https://www.communecter.org/#@sekuro,1779970191,1779970192
6a1831aacfd5c632b763e2d9,Sense of Security,senseOfSecurity,Entreprises (produits/solutions et services),Entreprises(produits/solutions et services),LocalBusiness,,,,,,,https://www.senseofsecurity.com.au/,,,"Level 8, 59 Goulburn Street, Sydney NSW 2000, Australia",Sydney,2000,AU,Australie,Australia,-33.8698439,151.2082848,,,,,https://www.communecter.org/#@senseOfSecurity,1779970474,1779970474
6a17f43893f0f5556a028a66,SentryLabs,sentrylabs,Entreprises (produits/solutions et services),Entreprises(produits/solutions et services),LocalBusiness,,,,,,,https://sentrylabs.lk/,,,"60 Siripa Road, Columbo 00500,",Colombo,,LK,Sri Lanka,Sri Lanka,6.9388614,79.8542005,,https://www.communecter.org/upload/communecter/organizations/6a17f43893f0f5556a028a66/sentrylabs-for-darkbackground.png,https://www.communecter.org/upload/communecter/organizations/6a17f43893f0f5556a028a66/medium/sentrylabs-for-darkbackground.png,https://www.communecter.org/upload/communecter/organizations/6a17f43893f0f5556a028a66/thumb/profil-resized.png,https://www.communecter.org/#@sentrylabs,1779954744,1779954745
6a19630733a0b60fa168050d,Seqrite,seqrite,Entreprises (produits/solutions et services),Entreprises(produits/solutions et services),,,,,,,"Éditeur indien de solutions de sécurité informatique, antivirus, protection des terminaux, sécurité d’entreprise et réponse aux menaces.",https://seqrite.com,,,,,,,,,,,,https://www.communecter.org/upload/communecter/organizations/6a19630733a0b60fa168050d/faviconV2.png,https://www.communecter.org/upload/communecter/organizations/6a19630733a0b60fa168050d/medium/faviconV2.png,https://www.communecter.org/upload/communecter/organizations/6a19630733a0b60fa168050d/thumb/profil-resized.png,https://www.communecter.org/#@seqrite,1780048647,1780048647
6a1963b233a0b60fa1680564,Sequretek,sequretek,Entreprises (produits/solutions et services),Entreprises(produits/solutions et services),,,,,,,"Entreprise de cybersécurité proposant surveillance des menaces, détection, réponse, sécurité réseau ou services de sécurité managée.",https://sequretek.com,,,"Rupa Solitaire, A-401, Millennium Business Park, Mahape, Navi Mumbai 400710, Maharashtra, India",Navi Mumbai,,IN,Inde,India,19.0308262,73.0198537,,https://www.communecter.org/upload/communecter/organizations/6a1963b233a0b60fa1680564/faviconV2.png,https://www.communecter.org/upload/communecter/organizations/6a1963b233a0b60fa1680564/medium/faviconV2.png,https://www.communecter.org/upload/communecter/organizations/6a1963b233a0b60fa1680564/thumb/profil-resized.png,https://www.communecter.org/#@sequretek,1780048818,1780048818
6a045037a2636632df0f5817,Serensic Africa,serensicAfrica,Entreprises (produits/solutions et services),Entreprises(produits/solutions et services),LocalBusiness,Sécurité Opérationnelle et Gouvernance (SOC),,,,,,https://serensic.co.tz/,info@serensic.com,,"Soldering Road ,Mikocheni B",Dar es-Salam,,TZ,Tanzanie,Tanzania,-6.8160837,39.2803583,,https://www.communecter.org/upload/communecter/organizations/6a045037a2636632df0f5817/serensic-q-01.png,https://www.communecter.org/upload/communecter/organizations/6a045037a2636632df0f5817/medium/serensic-q-01.png,https://www.communecter.org/upload/communecter/organizations/6a045037a2636632df0f5817/thumb/profil-resized.png,https://www.communecter.org/#@serensicAfrica,1778667575,1780035541
697c8f18987132196740b426,Serensic Africa Limited,serensicAfricaLimited,Entreprises (produits/solutions et services),Entreprises(produits/solutions et services) | Cybersécurité Offensive (Pentest) | Sécurité Réseau,NGO,Sécurité Réseau | Cybersécurité Offensive (Pentest),Développeur Sécurisé (DevSecOps),,,,,https://serensic.com/,send@email.com,+1-800-222-4545,"Soldering Road ,Mikocheni B",Dar es-Salam,,TZ,Tanzanie,Tanzanie,-6.76306217538083,39.249687194824226,Entreprises(produits/solutions et services) | Cybersécurité Offensive (Pentest) | Sécurité Réseau,https://www.communecter.org/upload/communecter/organizations/697c8f18987132196740b426/pastedimage.png,https://www.communecter.org/upload/communecter/organizations/697c8f18987132196740b426/medium/pastedimage.png,https://www.communecter.org/upload/communecter/organizations/697c8f18987132196740b426/thumb/pastedimage.png,https://www.communecter.org/#@serensicAfricaLimited,1769770903,1769770903
697a0436b8f172731c383721,Serianu Limited,serianuLimited,Entreprises (produits/solutions et services),Entreprises(produits/solutions et services),LocalBusiness,,,,,,"Prestataire kenyan majeur en conseil cybersécurité, monitoring, threat intelligence et renforcement de capacités.",https://www.serianu.com/,info@serianu.com,,"14 Chalbi Drive, Lavington, Nairobi, Kenya",Nairobi,,KE,Kenya,Kenya,-1.2890006,36.8172812,Réseaux/cluster,https://www.communecter.org/upload/communecter/organizations/697a0436b8f172731c383721/faviconV2.png,https://www.communecter.org/upload/communecter/organizations/697a0436b8f172731c383721/medium/faviconV2.png,https://www.communecter.org/upload/communecter/organizations/697a0436b8f172731c383721/thumb/profil-resized.png,https://www.communecter.org/#@serianuLimited,1769604815,1780464453
6979cb64e9bd6200a64b0560,Servirun,servirun,Entreprises (produits/solutions et services),Entreprises(produits/solutions et services),NGO,Sécurité Réseau,Ingénieur Sécurité Cloud,,,,,www.servirun.com,support@servirun.com,06 93 43 24 40,6 Allée Paul Lafargue,LE PORT,97420,RE,La Réunion,Réunion,-20.93483500,55.29874400,Entreprises(produits/solutions et services) | Sécurité Réseau | Ingénieur Sécurité Cloud,https://www.communecter.org/upload/communecter/organizations/6979cb64e9bd6200a64b0560/ServirunFullLogo.png,https://www.communecter.org/upload/communecter/organizations/6979cb64e9bd6200a64b0560/medium/ServirunFullLogo.png,https://www.communecter.org/upload/communecter/organizations/6979cb64e9bd6200a64b0560/thumb/profil-resized.png,https://www.communecter.org/#@servirun,1769589604,1770283951
6a19881993d3e12c4c29a992,Seypro,seypro,Entreprises (produits/solutions et services),Entreprises(produits/solutions et services),LocalBusiness,,,,,,"Société de développement logiciel et d’automatisation IA proposant des solutions sur mesure, SEO et infrastructure numérique.",https://sey.pro/,,,"Beau Vallon, Victoria, Mahé, Seychelles",Victoria,,SC,Seychelles,Seychelles,-4.6232085,55.4523590,,https://www.communecter.org/upload/communecter/organizations/6a19881993d3e12c4c29a992/faviconV2.png,https://www.communecter.org/upload/communecter/organizations/6a19881993d3e12c4c29a992/medium/faviconV2.png,https://www.communecter.org/upload/communecter/organizations/6a19881993d3e12c4c29a992/thumb/profil-resized.png,https://www.communecter.org/#@seypro,1780058137,1780058137
6979cb65e9bd6200a64b0565,SFR (SRR),sfrSrr,Entreprises (produits/solutions et services),Entreprises(produits/solutions et services),NGO,Sécurité Réseau,Architecte Sécurité,,,,,www.sfrbusiness.re,mssp.b2b@srr.fr,02 62 77 00 77,"21 Rue Pierre Aubert, ZI du Chaudron",SAINTE-CLOTILDE,97490,RE,La Réunion,Réunion,-20.8911812,55.4949509,Entreprises(produits/solutions et services) | Sécurité Réseau | Architecte Sécurité,https://www.communecter.org/upload/communecter/organizations/6979cb65e9bd6200a64b0565/sfr.png,https://www.communecter.org/upload/communecter/organizations/6979cb65e9bd6200a64b0565/medium/sfr.png,https://www.communecter.org/upload/communecter/organizations/6979cb65e9bd6200a64b0565/thumb/profil-resized.png,https://www.communecter.org/#@sfrSrr,1769589605,1770283311
6a17f59a854a0c26c50d3947,SGS Mauritius / Brightsight by SGS,sgsMauritiusBrightsightBySgs,Entreprises (produits/solutions et services),Entreprises(produits/solutions et services),LocalBusiness,,,,,,"Acteur international de test, inspection et certification proposant des services cybersécurité à Maurice.",https://www.sgs.com/en-mu/industry/cybersecurity-and-technology,,,,Port-Louis,,MU,Maurice,Mauritius,-20.1637281,57.5045331,,,,,https://www.communecter.org/#@sgsMauritiusBrightsightBySgs,1779955098,1779955098
6a192419e929ac136a19cace,SGS Mozambique / Brightsight by SGS,sgsMozambiqueBrightsightBySgs,Entreprises (produits/solutions et services),Entreprises(produits/solutions et services),LocalBusiness,,,,,,,https://www.sgs.com/en-mz/industry/cybersecurity-and-technology/cybersecurity-services,,,"Av. Namaacha, km 1.5, nr 8274",Maputo,,MZ,Mozambique,Mozambique,-25.9662130,32.5674500,,,,,https://www.communecter.org/#@sgsMozambiqueBrightsightBySgs,1780032537,1780033443
6a045b03f9b5903c5307bcf5,SGS Tanzania / Brightsight by SGS,sgsTanzaniaBrightsightBySgs,Entreprises (produits/solutions et services),Entreprises(produits/solutions et services),LocalBusiness,Sécurité Opérationnelle et Gouvernance (SOC),,,,,,https://www.sgs.com/en-tz/,,,"SGS Tanzania, O'FIVE Plaza, Plot 1046, Haile Selassie Road, P.O. Box 2249, Msasani Peninsula, Dar es Salaam, Tanzania",Dar es-Salam,,TZ,Tanzanie,Tanzania,-6.8160837,39.2803583,,https://www.communecter.org/upload/communecter/organizations/6a045b03f9b5903c5307bcf5/faviconV2.png,https://www.communecter.org/upload/communecter/organizations/6a045b03f9b5903c5307bcf5/medium/faviconV2.png,https://www.communecter.org/upload/communecter/organizations/6a045b03f9b5903c5307bcf5/thumb/profil-resized.png,https://www.communecter.org/#@sgsTanzaniaBrightsightBySgs,1778670339,1780035587
6a1831afcfd5c632b763e2dd,Shearwater Solutions,shearwaterSolutions,Entreprises (produits/solutions et services),Entreprises(produits/solutions et services),LocalBusiness,,,,,,,https://www.shearwater.com.au/,,,,,,,,,,,,,,,https://www.communecter.org/#@shearwaterSolutions,1779970479,1779970479
6979fa08f908e04deb328304,SiberSec Managed Security Services,sibersecManagedSecurityServices,Entreprises (produits/solutions et services),Entreprises(produits/solutions et services),LocalBusiness,,,,,,solutions cybersécurité,https://sibersec.co.za/#,,,,Benoni,,ZA,Afrique du Sud,Nanzfeih,-26.19818830345864,28.31065177917481,CyberSecurity,https://www.communecter.org/upload/communecter/organizations/6979fa08f908e04deb328304/pastedimage.png,https://www.communecter.org/upload/communecter/organizations/6979fa08f908e04deb328304/medium/pastedimage.png,https://www.communecter.org/upload/communecter/organizations/6979fa08f908e04deb328304/thumb/profil-resized.png,https://www.communecter.org/#@sibersecManagedSecurityServices,1769602301,1769602301
6a1964e35bf1852ddd7999c2,Sify Technologies,sifyTechnologies,Entreprises (produits/solutions et services),Entreprises(produits/solutions et services),,,,,,,"Grand prestataire technologique ou télécom proposant des services numériques et des offres de cybersécurité, sécurité managée, cloud et résilience.",https://sifytechnologies.com,,,"2nd Floor, Tidel Park, No. 4 Rajiv Gandhi Salai, Taramani, Chennai 600113, Tamil Nadu, India",Chennai,,IN,Inde,India,13.0836939,80.2701860,,https://www.communecter.org/upload/communecter/organizations/6a1964e35bf1852ddd7999c2/faviconV2.jpg,https://www.communecter.org/upload/communecter/organizations/6a1964e35bf1852ddd7999c2/medium/faviconV2.jpg,https://www.communecter.org/upload/communecter/organizations/6a1964e35bf1852ddd7999c2/thumb/profil-resized.png,https://www.communecter.org/#@sifyTechnologies,1780049123,1780049124
6a0450d766ce880a8c52c29e,Sihebs Technologies Co. Ltd,sihebsTechnologiesCoLtd,Entreprises (produits/solutions et services),Entreprises(produits/solutions et services),LocalBusiness,Sécurité Opérationnelle et Gouvernance (SOC),,,,,,https://www.sihebs.co.tz/,,,"Victoria House, 5th Floor, Dar es Salaam, Tanzania",Dar es-Salam,,TZ,Tanzanie,Tanzania,-6.8160837,39.2803583,,https://www.communecter.org/upload/communecter/organizations/6a0450d766ce880a8c52c29e/faviconV2.jpg,https://www.communecter.org/upload/communecter/organizations/6a0450d766ce880a8c52c29e/medium/faviconV2.jpg,https://www.communecter.org/upload/communecter/organizations/6a0450d766ce880a8c52c29e/thumb/profil-resized.png,https://www.communecter.org/#@sihebsTechnologiesCoLtd,1778667735,1780035562
6a045096a2636632df0f5826,Simba Cyber Secure,simbaCyberSecure,Entreprises (produits/solutions et services),Entreprises(produits/solutions et services),LocalBusiness,Sécurité Opérationnelle et Gouvernance (SOC),,,,,,https://simbacyber.tech/,info@simbacyber.tech,,Plot 71 siwa Road-Mikocheni industrial Area,Dar es-Salam,40451,TZ,Tanzanie,Tanzania,-6.8160837,39.2803583,,https://www.communecter.org/upload/communecter/organizations/6a045096a2636632df0f5826/logo.png,https://www.communecter.org/upload/communecter/organizations/6a045096a2636632df0f5826/medium/logo.png,https://www.communecter.org/upload/communecter/organizations/6a045096a2636632df0f5826/thumb/profil-resized.png,https://www.communecter.org/#@simbaCyberSecure,1778667670,1780035553
6a19632533a0b60fa1680517,SISA Information Security,sisaInformationSecurity,Entreprises (produits/solutions et services),Entreprises(produits/solutions et services),,,,,,,"Prestataire ou éditeur de cybersécurité intervenant sur audit, gouvernance, conformité, gestion des vulnérabilités et protection des systèmes.",https://sisainfosec.com,,,,,,,,,,,,https://www.communecter.org/upload/communecter/organizations/6a19632533a0b60fa1680517/faviconV2.png,https://www.communecter.org/upload/communecter/organizations/6a19632533a0b60fa1680517/medium/faviconV2.png,https://www.communecter.org/upload/communecter/organizations/6a19632533a0b60fa1680517/thumb/profil-resized.png,https://www.communecter.org/#@sisaInformationSecurity,1780048677,1780048677
6a1830a6cfd5c632b763e261,Slipstream Cyber,slipstreamCyber,Entreprises (produits/solutions et services),Entreprises(produits/solutions et services),LocalBusiness,,,,,,,https://www.slipstreamcyber.com/,,,,Perth,,AU,Australie,Australia,-31.9558967,115.8605784,,,,,https://www.communecter.org/#@slipstreamCyber,1779970214,1779970214
6a1fbc6ca36b8712222db0dc,Smart People Africa Limited,smartPeopleAfricaLimited,Entreprises (produits/solutions et services),Entreprises(produits/solutions et services),LocalBusiness,,,,,,Cabinet de conseil cybersécurité référencé.,,,,Kenya,Nairobi,,KE,Kenya,Kenya,-1.3122180,36.8068773,,https://www.communecter.org/upload/communecter/organizations/6a1fbc6ca36b8712222db0dc/faviconV2.png,https://www.communecter.org/upload/communecter/organizations/6a1fbc6ca36b8712222db0dc/medium/faviconV2.png,https://www.communecter.org/upload/communecter/organizations/6a1fbc6ca36b8712222db0dc/thumb/profil-resized.png,https://www.communecter.org/#@smartPeopleAfricaLimited,1780464748,1780464748
6a1965c092df61291f18183c,Softcell Technologies Global,softcellTechnologiesGlobal,Entreprises (produits/solutions et services),Entreprises(produits/solutions et services),,,,,,,"Prestataire ou éditeur de cybersécurité intervenant sur audit, gouvernance, conformité, gestion des vulnérabilités et protection des systèmes.",https://softcell.com,,,"301, Prabhadevi Industrial Estate, Veer Savarkar Marg, Prabhadevi, Mumbai 400025, Maharashtra, India",Mumbai,,IN,Inde,India,19.0549990,72.8692035,,https://www.communecter.org/upload/communecter/organizations/6a1965c092df61291f18183c/faviconV2.png,https://www.communecter.org/upload/communecter/organizations/6a1965c092df61291f18183c/medium/faviconV2.png,https://www.communecter.org/upload/communecter/organizations/6a1965c092df61291f18183c/thumb/profil-resized.png,https://www.communecter.org/#@softcellTechnologiesGlobal,1780049344,1780049344
6a17f41793f0f5556a028a51,Softlogic Information Technologies,softlogicInformationTechnologies,Entreprises (produits/solutions et services),Entreprises(produits/solutions et services),LocalBusiness,,,,,,,https://softlogicit.lk/,,,"No. 14, De Fonseka Pl, Colombo 05",Colombo,,LK,Sri Lanka,Sri Lanka,6.9388614,79.8542005,,https://www.communecter.org/upload/communecter/organizations/6a17f41793f0f5556a028a51/Softlogic-IT-logo-png20pu83i6xrf12ifvvlt25g9oa03sqn25e30b668.png,https://www.communecter.org/upload/communecter/organizations/6a17f41793f0f5556a028a51/medium/Softlogic-IT-logo-png20pu83i6xrf12ifvvlt25g9oa03sqn25e30b668.png,https://www.communecter.org/upload/communecter/organizations/6a17f41793f0f5556a028a51/thumb/profil-resized.png,https://www.communecter.org/#@softlogicInformationTechnologies,1779954711,1779954712
6979cb68e9bd6200a64b056e,SOOBIK SOLUTIONS,soobikSolutions,Entreprises (produits/solutions et services),Entreprises(produits/solutions et services),NGO,Sécurité Cloud | Sécurité des Applications,Développeur Sécurisé (DevSecOps),,,,,www.soobik.com,adama@soobik.com,06 93 81 77 98,12 Rue Alain Savary,SAINT-BENOIT,97470,RE,La Réunion,Réunion,-21.0461062,55.7225188,Entreprises(produits/solutions et services) | Sécurité Cloud | Sécurité des Applications | Développeur Sécurisé (DevSecOps),https://www.communecter.org/upload/communecter/organizations/6979cb68e9bd6200a64b056e/soobik.jpeg,https://www.communecter.org/upload/communecter/organizations/6979cb68e9bd6200a64b056e/medium/soobik.jpeg,https://www.communecter.org/upload/communecter/organizations/6979cb68e9bd6200a64b056e/thumb/profil-resized.png,https://www.communecter.org/#@soobikSolutions,1769589608,1770283666
6a18315dcfd5c632b763e29f,Sophos Australia,sophosAustralia,Entreprises (produits/solutions et services),Entreprises(produits/solutions et services),LocalBusiness,,,,,,,https://www.sophos.com/en-us,,,"Sophos Australia, Level 17, 123 Pitt Street, Sydney NSW 2000, Australia",Sydney,2000,AU,Australie,Australia,-33.8698439,151.2082848,,,,,https://www.communecter.org/#@sophosAustralia,1779970397,1779970397
697ca3de6651235f4535580e,Space 95,space95,Entreprises (produits/solutions et services),Entreprises(produits/solutions et services) | Sécurité des postes,NGO,Sécurité des postes,Analyste SOC,,,,,https://www.space95.sc/,,+2484323891,Huteau Lane,Victoria,,SC,Seychelles,Seychelles,-4.6210806,55.4527257,Entreprises(produits/solutions et services) | Sécurité des postes,https://www.communecter.org/upload/communecter/organizations/697ca3de6651235f4535580e/pastedimage.png,https://www.communecter.org/upload/communecter/organizations/697ca3de6651235f4535580e/medium/pastedimage.png,https://www.communecter.org/upload/communecter/organizations/697ca3de6651235f4535580e/thumb/pastedimage.png,https://www.communecter.org/#@space95,1769776180,1769776181
6a183178cfd5c632b763e2b2,Splunk Australia,splunkAustralia,Entreprises (produits/solutions et services),Entreprises(produits/solutions et services),LocalBusiness,,,,,,,https://www.splunk.com/en_us/about-splunk/contact-us/australia.html,,,"Splunk Australia, Level 31, 1 O'Connell Street, Sydney NSW 2000, Australia",Sydney,2000,AU,Australie,Australia,-33.8698439,151.2082848,,,,,https://www.communecter.org/#@splunkAustralia,1779970424,1779970424
6a1963c533a0b60fa168056e,Sprinto,sprinto,Entreprises (produits/solutions et services),Entreprises(produits/solutions et services),,,,,,,Plateforme de conformité et gestion des contrôles de sécurité aidant les entreprises à préparer audits et certifications.,https://sprinto.com,,,,,,,,,,,,https://www.communecter.org/upload/communecter/organizations/6a1963c533a0b60fa168056e/faviconV2.png,https://www.communecter.org/upload/communecter/organizations/6a1963c533a0b60fa168056e/medium/faviconV2.png,https://www.communecter.org/upload/communecter/organizations/6a1963c533a0b60fa168056e/thumb/profil-resized.png,https://www.communecter.org/#@sprinto,1780048837,1780048838
6a19246147e2b6462263e282,Start Technology,startTechnology,Entreprises (produits/solutions et services),Entreprises(produits/solutions et services),LocalBusiness,,,,,,,https://startechnology.co.mz/,info@startechnology.co.mz,,"Avenida Marien Ngoambi, Nº 1308, 1º Andar, Direito",Maputo,,MZ,Mozambique,Mozambique,-25.9662130,32.5674500,,,,,https://www.communecter.org/#@startTechnology,1780032609,1780033449
6a17f55101c23906f63a19f1,State Informatics Limited (SIL),stateInformaticsLimitedSil,Entreprises (produits/solutions et services),Entreprises(produits/solutions et services),LocalBusiness,,,,,,Fournisseur IT mauricien intégrant des solutions cybersécurité.,https://sil.mu,silmail@sil.mu,,,,,,,,,,,https://www.communecter.org/upload/communecter/organizations/6a17f55101c23906f63a19f1/2-sillogorevisedFinalOutlinedpng.webp,https://www.communecter.org/upload/communecter/organizations/6a17f55101c23906f63a19f1/medium/2-sillogorevisedFinalOutlinedpng.webp,https://www.communecter.org/upload/communecter/organizations/6a17f55101c23906f63a19f1/thumb/profil-resized.png,https://www.communecter.org/#@stateInformaticsLimitedSil,1779955025,1779955026
6992382e287bb306351f8861,Stellarix,stellarix,Entreprises (produits/solutions et services),Entreprises(produits/solutions et services) | Sécurité Réseau | Sécurité Cloud | Ingénieur Sécurité Cloud,NGO,Sécurité Cloud | Sécurité Réseau | Ingénieur Sécurité Cloud,Ingénieur Sécurité Cloud,,,,,https://stellar-ix.com/,,+261 38 08 00 808,Andranomena,Antananarivo,,MG,Madagascar,Madagascar,-18.8517910,47.4816106,Entreprises(produits/solutions et services) | Sécurité Réseau | Sécurité Cloud | Ingénieur Sécurité Cloud,https://www.communecter.org/upload/communecter/organizations/6992382e287bb306351f8861/pastedimage.png,https://www.communecter.org/upload/communecter/organizations/6992382e287bb306351f8861/medium/pastedimage.png,https://www.communecter.org/upload/communecter/organizations/6992382e287bb306351f8861/thumb/pastedimage.png,https://www.communecter.org/#@stellarix,1771190424,1771229911
6979cb69e9bd6200a64b0574,STOR SYSTEMES & ATHEO Ingénierie,storSystemesAmpAtheoIngenierie,Entreprises (produits/solutions et services),Entreprises(produits/solutions et services),NGO,Sécurité Réseau,Architecte Sécurité,,,,,https://www.storsystemes.com/cybersecurite,floiret@storsystemes.com,0262 41 38 52 | 02 62 41 38 52,109 Rue d'Après,SAINT-DENIS,97400,RE,La Réunion,Réunion,-20.932970819248858,55.44686716695345,Entreprises(produits/solutions et services) | Sécurité Réseau | Architecte Sécurité,https://www.communecter.org/upload/communecter/organizations/6979cb69e9bd6200a64b0574/antheo.jpeg,https://www.communecter.org/upload/communecter/organizations/6979cb69e9bd6200a64b0574/medium/antheo.jpeg,https://www.communecter.org/upload/communecter/organizations/6979cb69e9bd6200a64b0574/thumb/profil-resized.png,https://www.communecter.org/#@storSystemesAmpAtheoIngenierie,1769589609,1770200604
6a19639233a0b60fa1680555,Subex,subex,Entreprises (produits/solutions et services),Entreprises(produits/solutions et services),,,,,,,"Entreprise de cybersécurité proposant surveillance des menaces, détection, réponse, sécurité réseau ou services de sécurité managée.",https://subex.com,,,,,,,,,,,,https://www.communecter.org/upload/communecter/organizations/6a19639233a0b60fa1680555/faviconV2.png,https://www.communecter.org/upload/communecter/organizations/6a19639233a0b60fa1680555/medium/faviconV2.png,https://www.communecter.org/upload/communecter/organizations/6a19639233a0b60fa1680555/thumb/profil-resized.png,https://www.communecter.org/#@subex,1780048786,1780048786
6a17f46bbd8bbf38e60d570a,SunTrust Digital Innovations,suntrustDigitalInnovations,Entreprises (produits/solutions et services),Entreprises(produits/solutions et services),LocalBusiness,,,,,,,https://www.suntrustdigital.lk/,hello@suntrustdigital.lk,+94 777 301 7476,"No 2, Pentreve Gardens, Colombo 03, Sri Lanka",Colombo,,LK,Sri Lanka,Sri Lanka,6.9388614,79.8542005,,https://www.communecter.org/upload/communecter/organizations/6a17f46bbd8bbf38e60d570a/logo-black.png,https://www.communecter.org/upload/communecter/organizations/6a17f46bbd8bbf38e60d570a/medium/logo-black.png,https://www.communecter.org/upload/communecter/organizations/6a17f46bbd8bbf38e60d570a/thumb/profil-resized.png,https://www.communecter.org/#@suntrustDigitalInnovations,1779954795,1779954798
697b27ebe0442b0a791632ba,Super Providers,superProviders,Entreprises (produits/solutions et services),Entreprises(produits/solutions et services),LocalBusiness,Solutions & services cybersécurité (revendeur & MSP),,,,,Intégrateur sécurité réseau / MSP actif à Maurice et dans l’océan Indien.,https://www.wallix.com/partners/mauritius/super-providers/,info@superproviders.com,,,Port-Louis,,MU,Maurice,Mauritius,-20.1637281,57.5045331,Entreprises(produits/solutions et services),https://www.communecter.org/upload/communecter/organizations/697b27ebe0442b0a791632ba/initialpartner-768x210-1-300x82.png,https://www.communecter.org/upload/communecter/organizations/697b27ebe0442b0a791632ba/medium/initialpartner-768x210-1-300x82.png,https://www.communecter.org/upload/communecter/organizations/697b27ebe0442b0a791632ba/thumb/profil-resized.png,https://www.communecter.org/#@superProviders,1769678827,1779955089
6a1fbc123e008321fb4ca893,Syber Intel Consulting Ltd,syberIntelConsultingLtd,Entreprises (produits/solutions et services),Entreprises(produits/solutions et services),LocalBusiness,,,,,,Acteur référencé pour audits cybersécurité et tests d'intrusion.,,,,Kenya,Nairobi,,KE,Kenya,Kenya,-1.3122180,36.8068773,,https://www.communecter.org/upload/communecter/organizations/6a1fbc123e008321fb4ca893/faviconV2.png,https://www.communecter.org/upload/communecter/organizations/6a1fbc123e008321fb4ca893/medium/faviconV2.png,https://www.communecter.org/upload/communecter/organizations/6a1fbc123e008321fb4ca893/thumb/profil-resized.png,https://www.communecter.org/#@syberIntelConsultingLtd,1780464658,1780464659
6a17f57c854a0c26c50d392c,SYNIOPS,syniops,Entreprises (produits/solutions et services),Entreprises(produits/solutions et services),LocalBusiness,,,,,,Distributeur et organisme de formation cybersécurité.,https://www.syniops.mu,sales@syniops.mu,,"The Hybrid, La Promenade, Telfair, Mauritius",Telfair,,MU,Maurice,Mauritius,-20.2284434,57.5095060,,https://www.communecter.org/upload/communecter/organizations/6a17f57c854a0c26c50d392c/SYNIOPS20LOGO201000x100020PNG.png,https://www.communecter.org/upload/communecter/organizations/6a17f57c854a0c26c50d392c/medium/SYNIOPS20LOGO201000x100020PNG.png,https://www.communecter.org/upload/communecter/organizations/6a17f57c854a0c26c50d392c/thumb/profil-resized.png,https://www.communecter.org/#@syniops,1779955068,1779955068
6a17f487bd8bbf38e60d571f,Sysco LABS Sri Lanka,syscoLabsSriLanka,Entreprises (produits/solutions et services),Entreprises(produits/solutions et services),LocalBusiness,,,,,,,https://syscolabs.lk/,,,"55A, Srimath Anagarika Dharmapala Mawatha, Colombo 0030, Sri Lanka",Colombo,,LK,Sri Lanka,Sri Lanka,6.9388614,79.8542005,,https://www.communecter.org/upload/communecter/organizations/6a17f487bd8bbf38e60d571f/HomePageSec0101CompanyLogoc5916b493f.png,https://www.communecter.org/upload/communecter/organizations/6a17f487bd8bbf38e60d571f/medium/HomePageSec0101CompanyLogoc5916b493f.png,https://www.communecter.org/upload/communecter/organizations/6a17f487bd8bbf38e60d571f/thumb/profil-resized.png,https://www.communecter.org/#@syscoLabsSriLanka,1779954823,1779954824
6a19631633a0b60fa1680512,TAC Security,tacSecurity,Entreprises (produits/solutions et services),Entreprises(produits/solutions et services),,,,,,,"Prestataire ou éditeur de cybersécurité intervenant sur audit, gouvernance, conformité, gestion des vulnérabilités et protection des systèmes.",https://tacsecurity.com,,,,,,,,,,,,https://www.communecter.org/upload/communecter/organizations/6a19631633a0b60fa1680512/faviconV2.png,https://www.communecter.org/upload/communecter/organizations/6a19631633a0b60fa1680512/medium/faviconV2.png,https://www.communecter.org/upload/communecter/organizations/6a19631633a0b60fa1680512/thumb/profil-resized.png,https://www.communecter.org/#@tacSecurity,1780048662,1780048663
6a1fd586334b8c1a3014659c,Takalou,takalou,Entreprises (produits/solutions et services),Entreprises(produits/solutions et services),LocalBusiness,,,,,,Société de services numériques intégrant des offres cyber.,https://www.takalou.mg/en/ ; https://www.takalou.mg/en/services.php,,,"Villa Beryl, Ampotatry, Fort-Dauphin 614, Madagascar",Fort Dauphin,,MG,Madagascar,Madagasikara,-25.0290132,46.9966565,,https://www.communecter.org/upload/communecter/organizations/6a1fd586334b8c1a3014659c/logo-horizontal.png,https://www.communecter.org/upload/communecter/organizations/6a1fd586334b8c1a3014659c/medium/logo-horizontal.png,https://www.communecter.org/upload/communecter/organizations/6a1fd586334b8c1a3014659c/thumb/profil-resized.png,https://www.communecter.org/#@takalou,1780471174,1780471175
6a19661fcc64c54013236fa6,Tata Advanced Systems,tataAdvancedSystems,Entreprises (produits/solutions et services),Entreprises(produits/solutions et services),,,,,,,"Entreprise industrielle de défense et aéronautique développant des systèmes avancés, avec enjeux de cybersécurité et sécurité des systèmes critiques.",https://tataadvancedsystems.com,,,"Plot No. 1, Survey No. 64/2, Hardware Park, Raviryala Village, Maheshwaram Mandal, Hyderabad 501510, Telangana, India",Hyderabad,,IN,Inde,India,17.3605890,78.4740613,,https://www.communecter.org/upload/communecter/organizations/6a19661fcc64c54013236fa6/faviconV2.png,https://www.communecter.org/upload/communecter/organizations/6a19661fcc64c54013236fa6/medium/faviconV2.png,https://www.communecter.org/upload/communecter/organizations/6a19661fcc64c54013236fa6/thumb/profil-resized.png,https://www.communecter.org/#@tataAdvancedSystems,1780049439,1780049439
6a1964eb5bf1852ddd7999c7,Tata Communications - Cybersecurity,tataCommunicationsCybersecurity,Entreprises (produits/solutions et services),Entreprises(produits/solutions et services),,,,,,,"Grand prestataire technologique ou télécom proposant des services numériques et des offres de cybersécurité, sécurité managée, cloud et résilience.",https://tatacommunications.com,,,"Videsh Sanchar Bhavan, Mahatma Gandhi Road, Fort, Mumbai 400001, Maharashtra, India",Mumbai,,IN,Inde,India,19.0549990,72.8692035,,https://www.communecter.org/upload/communecter/organizations/6a1964eb5bf1852ddd7999c7/faviconV2.jpg,https://www.communecter.org/upload/communecter/organizations/6a1964eb5bf1852ddd7999c7/medium/faviconV2.jpg,https://www.communecter.org/upload/communecter/organizations/6a1964eb5bf1852ddd7999c7/thumb/profil-resized.png,https://www.communecter.org/#@tataCommunicationsCybersecurity,1780049131,1780049132
697cb334ab211a0f020ffadd,Tata Consultancy Services (TCS),tataConsultancyServicesTcs,Entreprises (produits/solutions et services),Entreprises(produits/solutions et services),NGO,Sécurité Réseau | Sécurité Cloud | Sécurité Opérationnelle et Gouvernance (SOC),Consultant GRC | Analyste SOC | Ingénieur Sécurité Cloud,,,,,https://www.tcs.com/,,,Nariman Point,Mumbai,,IN,Inde,India,18.9253433,72.8180282,Entreprises(produits/solutions et services) | Sécurité Opérationnelle et Gouvernance (SOC) | Sécurité Cloud | Sécurité Réseau,https://www.communecter.org/upload/communecter/organizations/697cb334ab211a0f020ffadd/pastedimage.png,https://www.communecter.org/upload/communecter/organizations/697cb334ab211a0f020ffadd/medium/pastedimage.png,https://www.communecter.org/upload/communecter/organizations/697cb334ab211a0f020ffadd/thumb/pastedimage.png,https://www.communecter.org/#@tataConsultancyServicesTcs,1769781606,1769781606
6a1964895bf1852ddd799990,Tata Consultancy Services - Cybersecurity,tataConsultancyServicesCybersecurity,Entreprises (produits/solutions et services),Entreprises(produits/solutions et services),,,,,,,"Grand prestataire technologique ou télécom proposant des services numériques et des offres de cybersécurité, sécurité managée, cloud et résilience.",https://tcs.com,,,"TCS House, Raveline Street, Fort, Mumbai 400001, Maharashtra, India",Mumbai,,IN,Inde,India,19.0549990,72.8692035,,https://www.communecter.org/upload/communecter/organizations/6a1964895bf1852ddd799990/faviconV2.png,https://www.communecter.org/upload/communecter/organizations/6a1964895bf1852ddd799990/medium/faviconV2.png,https://www.communecter.org/upload/communecter/organizations/6a1964895bf1852ddd799990/thumb/profil-resized.png,https://www.communecter.org/#@tataConsultancyServicesCybersecurity,1780049033,1780049033
6a1964ab5bf1852ddd7999a4,Tech Mahindra Cybersecurity,techMahindraCybersecurity1,Entreprises (produits/solutions et services),Entreprises(produits/solutions et services),,,,,,,"Grand prestataire technologique ou télécom proposant des services numériques et des offres de cybersécurité, sécurité managée, cloud et résilience.",https://techmahindra.com,,,"Gateway Building, Apollo Bunder, Mumbai 400001, Maharashtra, India",Mumbai,,IN,Inde,India,19.0549990,72.8692035,,https://www.communecter.org/upload/communecter/organizations/6a1964ab5bf1852ddd7999a4/faviconV2.png,https://www.communecter.org/upload/communecter/organizations/6a1964ab5bf1852ddd7999a4/medium/faviconV2.png,https://www.communecter.org/upload/communecter/organizations/6a1964ab5bf1852ddd7999a4/thumb/profil-resized.png,https://www.communecter.org/#@techMahindraCybersecurity1,1780049067,1780049068
697f72a9140bab300b7fbf05,Tech Mahindra – Cybersecurity,techMahindraCybersecurity,Entreprises (produits/solutions et services),Entreprises(produits/solutions et services) | Sécurité Opérationnelle et Gouvernance (SOC) | Cybersécurité Offensive (Pentest),NGO,Sécurité Opérationnelle et Gouvernance (SOC) | Cybersécurité Offensive (Pentest),Analyste SOC | Développeur Sécurisé (DevSecOps),,,,,https://www.techmahindra.com/,,,Pune,Mumbai,,IN,Inde,Inde,18.5537789,73.8485195,Entreprises(produits/solutions et services) | Sécurité Opérationnelle et Gouvernance (SOC) | Cybersécurité Offensive (Pentest),https://www.communecter.org/upload/communecter/organizations/697f72a9140bab300b7fbf05/pastedimage.png,https://www.communecter.org/upload/communecter/organizations/697f72a9140bab300b7fbf05/medium/pastedimage.png,https://www.communecter.org/upload/communecter/organizations/697f72a9140bab300b7fbf05/thumb/pastedimage.png,https://www.communecter.org/#@techMahindraCybersecurity,1769960193,1769960193
697a014b20d50b718164f9b6,Tech Out SARL,techOutSarl,Entreprises (produits/solutions et services),Entreprises(produits/solutions et services),LocalBusiness,Conseil & support IT | Intégration de la sécurité dans le code,Développement web/mobile,,,,ESN informatique incluant services réseau & sécurité IT,https://tech-out.com/,contact@tech-out.com,+261 34 48 503 37,Fefiloha,Antananarivo,,MG,Madagascar,Madagascar,-18.9578092,47.5371885,Entreprises(produits/solutions et services) | Conseil & support IT | Développement web/mobile | Intégration de la sécurité dans le code,https://www.communecter.org/upload/communecter/organizations/697a014b20d50b718164f9b6/pastedimage.png,https://www.communecter.org/upload/communecter/organizations/697a014b20d50b718164f9b6/medium/pastedimage.png,https://www.communecter.org/upload/communecter/organizations/697a014b20d50b718164f9b6/thumb/profil-resized.png,https://www.communecter.org/#@techOutSarl,1769603740,1770201796
697a091379dfee588963cc55,Techinnovar Limited,techinnovarLimited,Entreprises (produits/solutions et services),Entreprises(produits/solutions et services),LocalBusiness,Sécurité Réseau | Sécurité des Applications | Cybersécurité Offensive (Pentest),Consultant GRC | Auditeur de sécurité | Incident Responder,,,,"Prestataire cybersécurité basé à Nairobi, avec offre de tests d'intrusion, réponse à incident et sensibilisation.",https://www.techinnovar.com/,info@techinnovar.com,+254 771 599 172,"The RiverFront, Riverside Drive, 4th Floor, Nairobi, Kenya",Nairobi,,KE,Kenya,Kenya,-1.2890006,36.8172812,Entreprises(produits/solutions et services) | Réseaux/cluster | Cybersécurité Offensive (Pentest) | Sécurité Réseau | Sécurité des Applications | Consultant GRC | Auditeur de sécurité | Incident Responder,https://www.communecter.org/upload/communecter/organizations/697a091379dfee588963cc55/faviconV2.png,https://www.communecter.org/upload/communecter/organizations/697a091379dfee588963cc55/medium/faviconV2.png,https://www.communecter.org/upload/communecter/organizations/697a091379dfee588963cc55/thumb/profil-resized.png,https://www.communecter.org/#@techinnovarLimited,1769605580,1780464511
6a0452b156555a548318df7f,TechMento Solution,techmentoSolution,Entreprises (produits/solutions et services),Entreprises(produits/solutions et services),LocalBusiness,Sécurité Opérationnelle et Gouvernance (SOC),,,,,,https://techmento.co.tz/,info@techmento.co.tz,2557 75 66 68 00,"P.O. Box 877, Zanzibar, Tanzania",Zanzibar City,,TZ,Tanzanie,Tanzania,-6.1664908,39.2074312,,https://www.communecter.org/upload/communecter/organizations/6a0452b156555a548318df7f/faviconV2.png,https://www.communecter.org/upload/communecter/organizations/6a0452b156555a548318df7f/medium/faviconV2.png,https://www.communecter.org/upload/communecter/organizations/6a0452b156555a548318df7f/thumb/profil-resized.png,https://www.communecter.org/#@techmentoSolution,1778668209,1780035570
6a0450f866ce880a8c52c2a3,Technomak,technomak,Entreprises (produits/solutions et services),Entreprises(produits/solutions et services),LocalBusiness,Sécurité Opérationnelle et Gouvernance (SOC),,,,,,https://technomak.co.tz/,,,"Sam Nujoma Road, adjacent to Full Gospel Church, Mwenge, P.O. Box 35475, Dar es Salaam, Tanzania",Dar es-Salam,,TZ,Tanzanie,Tanzania,-6.8160837,39.2803583,,https://www.communecter.org/upload/communecter/organizations/6a0450f866ce880a8c52c2a3/faviconV2.png,https://www.communecter.org/upload/communecter/organizations/6a0450f866ce880a8c52c2a3/medium/faviconV2.png,https://www.communecter.org/upload/communecter/organizations/6a0450f866ce880a8c52c2a3/thumb/profil-resized.png,https://www.communecter.org/#@technomak,1778667768,1780035564
6a1978c74a20e6669b2e804b,Techné Pvt Ltd,technePvtLtd,Entreprises (produits/solutions et services),Entreprises(produits/solutions et services),LocalBusiness,,,,,,"Prestataire IT spécialisé en IPBX, IPTV, VOD, réseaux, LAN/WAN, VoIP, Wi-Fi, automatisation et services de cybersécurité.",https://techne.com.mv/,,,,Malé,,MV,Maldives,Maldives,4.1779879,73.5107387,,https://www.communecter.org/upload/communecter/organizations/6a1978c74a20e6669b2e804b/faviconV2.png,https://www.communecter.org/upload/communecter/organizations/6a1978c74a20e6669b2e804b/medium/faviconV2.png,https://www.communecter.org/upload/communecter/organizations/6a1978c74a20e6669b2e804b/thumb/profil-resized.png,https://www.communecter.org/#@technePvtLtd,1780054215,1780054216
6a1964685bf1852ddd79997c,Techumen Infosec,techumenInfosec,Entreprises (produits/solutions et services),Entreprises(produits/solutions et services),,,,,,,"Organisation intervenant dans l’écosystème indien de cybersécurité : services, conseil, formation, innovation ou appui à la sécurité numérique.",https://techumen.com,,,,,,,,,,,,https://www.communecter.org/upload/communecter/organizations/6a1964685bf1852ddd79997c/faviconV2.png,https://www.communecter.org/upload/communecter/organizations/6a1964685bf1852ddd79997c/medium/faviconV2.png,https://www.communecter.org/upload/communecter/organizations/6a1964685bf1852ddd79997c/thumb/profil-resized.png,https://www.communecter.org/#@techumenInfosec,1780049000,1780049001
697c91ed5bbb29535d41c2d1,Teknyx,teknyx,Entreprises (produits/solutions et services),Entreprises(produits/solutions et services) | Sécurité Réseau,NGO,Sécurité Réseau,Architecte Sécurité | Développeur Sécurisé (DevSecOps),,,,,https://teknyx.co.tz,hello@teknyx.co.tz,+255 659 651 505,Morogoro,Dar es-Salam,,TZ,Tanzanie,Tanzanie,-6.8277696,39.2638764,Entreprises(produits/solutions et services) | Sécurité Réseau,https://www.communecter.org/upload/communecter/organizations/697c91ed5bbb29535d41c2d1/pastedimage.png,https://www.communecter.org/upload/communecter/organizations/697c91ed5bbb29535d41c2d1/medium/pastedimage.png,https://www.communecter.org/upload/communecter/organizations/697c91ed5bbb29535d41c2d1/thumb/pastedimage.png,https://www.communecter.org/#@teknyx,1769771798,1769771798
6a04535656555a548318df8a,Teknyx Cybersafe,teknyxCybersafe,Entreprises (produits/solutions et services),Entreprises(produits/solutions et services),LocalBusiness,Sécurité Opérationnelle et Gouvernance (SOC),,,,,,https://teknyx.co.tz/,,,"Mbezi Ubungo, Dar es Salaam, Tanzania",Dar es-Salam,,TZ,Tanzanie,Tanzania,-6.8160837,39.2803583,,https://www.communecter.org/upload/communecter/organizations/6a04535656555a548318df8a/faviconV2.png,https://www.communecter.org/upload/communecter/organizations/6a04535656555a548318df8a/medium/faviconV2.png,https://www.communecter.org/upload/communecter/organizations/6a04535656555a548318df8a/thumb/profil-resized.png,https://www.communecter.org/#@teknyxCybersafe,1778668374,1780035572
6a17f45693f0f5556a028a81,TekSek Cyber Security,teksekCyberSecurity,Entreprises (produits/solutions et services),Entreprises(produits/solutions et services),LocalBusiness,,,,,,,https://teksek.lk/,,,"Colombo, Sri Lanka",Colombo,,LK,Sri Lanka,Sri Lanka,6.9015174,79.8626526,,https://www.communecter.org/upload/communecter/organizations/6a17f45693f0f5556a028a81/logo.png,https://www.communecter.org/upload/communecter/organizations/6a17f45693f0f5556a028a81/medium/logo.png,https://www.communecter.org/upload/communecter/organizations/6a17f45693f0f5556a028a81/thumb/profil-resized.png,https://www.communecter.org/#@teksekCyberSecurity,1779954774,1779954775
6a1fbba03e008321fb4ca866,Telkom Kenya,telkomKenya,Entreprises (produits/solutions et services),Entreprises(produits/solutions et services),LocalBusiness,,,,,,Opérateur télécom ; acteur d'infrastructure numérique concerné par la cybersécurité.,https://telkom.co.ke/,,,"Nairobi, Kenya",Nairobi,,KE,Kenya,Kenya,-1.3015643,36.8128437,,https://www.communecter.org/upload/communecter/organizations/6a1fbba03e008321fb4ca866/faviconV2.png,https://www.communecter.org/upload/communecter/organizations/6a1fbba03e008321fb4ca866/medium/faviconV2.png,https://www.communecter.org/upload/communecter/organizations/6a1fbba03e008321fb4ca866/thumb/profil-resized.png,https://www.communecter.org/#@telkomKenya,1780464544,1780464545
6996ad7c9d76e6768d21a048,Telstra (Division Security),telstraDivisionSecurity,Entreprises (produits/solutions et services),Entreprises(produits/solutions et services) | Cybersécurité Offensive (Pentest) | Sécurité Cloud | Sécurité Opérationnelle et Gouvernance (SOC) | Pentester | Consultant GRC | Analyste SOC | Analyste Forensic,NGO,Sécurité Cloud | Sécurité Opérationnelle et Gouvernance (SOC) | Cybersécurité Offensive (Pentest) | Pentester | Consultant GRC | Analyste SOC | Analyste Forensic,Pentester | Consultant GRC | Analyste SOC | Analyste Forensic,,,,,https://www.telstra.com.au/cyber-security-and-safety,,,242 Exhibition Street,Melbourne,,AU,Australie,Australie,-37.8093405,144.9700549,Entreprises(produits/solutions et services) | Cybersécurité Offensive (Pentest) | Sécurité Cloud | Sécurité Opérationnelle et Gouvernance (SOC) | Pentester | Consultant GRC | Analyste SOC | Analyste Forensic,,,,https://www.communecter.org/#@telstraDivisionSecurity,1771483282,1771487522
6a1830fa6579ed55701fc495,Telstra Purple Cyber Security,telstraPurpleCyberSecurity,Entreprises (produits/solutions et services),Entreprises(produits/solutions et services),LocalBusiness,,,,,,,https://www.telstra.com.au/business-enterprise/solutions/cyber-security,,,"Telstra Corporation Limited, 242 Exhibition Street, Melbourne VIC 3000, Australia",Melbourne,,AU,Australie,Australia,-37.8142454,144.9631732,,,,,https://www.communecter.org/#@telstraPurpleCyberSecurity,1779970298,1779970298
6a183180cfd5c632b763e2b8,Thales Australia Cyber Solutions,thalesAustraliaCyberSolutions,Entreprises (produits/solutions et services),Entreprises(produits/solutions et services),LocalBusiness,,,,,,,https://www.thalesgroup.com/en/countries/asia-pacific/australia,,,"Thales Australia, 7 Murray Rose Avenue, Sydney Olympic Park NSW 2127, Australia",Sydney Olympic Park,,AU,Australie,Australia,-33.8429030,151.0725350,,,,,https://www.communecter.org/#@thalesAustraliaCyberSolutions,1779970432,1779970432
6a183084cfd5c632b763e255,Thales Cyber Services ANZ / Tesserent,thalesCyberServicesAnzTesserent,Entreprises (produits/solutions et services),Entreprises(produits/solutions et services),LocalBusiness,,,,,,,https://tesserent.com/,,,"Level 35, 80 Collins Street, Melbourne VIC 3000, Australia",Melbourne,,AU,Australie,Australia,-37.8142454,144.9631732,,,,,https://www.communecter.org/#@thalesCyberServicesAnzTesserent,1779970180,1779970180
6a19789c4a20e6669b2e802d,The Systems Workshop Pvt Ltd,theSystemsWorkshopPvtLtd,Entreprises (produits/solutions et services),Entreprises(produits/solutions et services),LocalBusiness,,,,,,"Prestataire IT maldivien spécialisé notamment en sécurité réseau, protection des données, endpoint protection, serveurs, stockage et infrastructures.",https://www.thesysworks.com/,,,,Malé,,MV,Maldives,Maldives,4.1779879,73.5107387,,https://www.communecter.org/upload/communecter/organizations/6a19789c4a20e6669b2e802d/faviconV2.png,https://www.communecter.org/upload/communecter/organizations/6a19789c4a20e6669b2e802d/medium/faviconV2.png,https://www.communecter.org/upload/communecter/organizations/6a19789c4a20e6669b2e802d/thumb/profil-resized.png,https://www.communecter.org/#@theSystemsWorkshopPvtLtd,1780054172,1780054172
6a1965fc92df61291f18186a,Threatsys Technologies,threatsysTechnologies,Entreprises (produits/solutions et services),Entreprises(produits/solutions et services),,,,,,,"Organisation intervenant dans l’écosystème indien de cybersécurité : services, conseil, formation, innovation ou appui à la sécurité numérique.",https://threatsys.co.in,,,"Plot No. 16, Infocity, Chandrasekharpur, Bhubaneswar 751024, Odisha, India",Bhubaneswar,,IN,Inde,India,20.2602964,85.8394521,,https://www.communecter.org/upload/communecter/organizations/6a1965fc92df61291f18186a/faviconV2.png,https://www.communecter.org/upload/communecter/organizations/6a1965fc92df61291f18186a/medium/faviconV2.png,https://www.communecter.org/upload/communecter/organizations/6a1965fc92df61291f18186a/thumb/profil-resized.png,https://www.communecter.org/#@threatsysTechnologies,1780049404,1780049405
6979cb6ae9bd6200a64b0579,THYLIE CONSEIL,thylieConseil,Entreprises (produits/solutions et services),Entreprises(produits/solutions et services),NGO,Audit/Conseil et Conformité,RSSI (CISO),,,,,https://thylie-conseil.com/,contact@thylie-conseil.com,+262 6 93 64 41 41 | 06 93 64 41 41,4 Rue des taille vent,LA SALINE LES BAINS,97434,RE,La Réunion,Réunion,-21.082261,55.236928,Entreprises(produits/solutions et services) | Audit/Conseil et Conformité | RSSI (CISO),https://www.communecter.org/upload/communecter/organizations/6979cb6ae9bd6200a64b0579/LOGOBLANCPNG.png,https://www.communecter.org/upload/communecter/organizations/6979cb6ae9bd6200a64b0579/medium/LOGOBLANCPNG.png,https://www.communecter.org/upload/communecter/organizations/6979cb6ae9bd6200a64b0579/thumb/profil-resized.png,https://www.communecter.org/#@thylieConseil,1769589610,1770199947
6a19252e509ece6ff27a4476,"TMCEL - Moçambique Telecom, S.A.",tmcelMocambiqueTelecomSa,Entreprises (produits/solutions et services),Entreprises(produits/solutions et services),LocalBusiness,,,,,,,https://www.tmcel.mz/,,,"384 Belmiro Obadias Muianga Street, CP 1483",Maputo,,MZ,Mozambique,Mozambique,-25.9662130,32.5674500,,,,,https://www.communecter.org/#@tmcelMocambiqueTelecomSa,1780032814,1780033460
6a1fbc37a36b8712222db0cd,TopCertifier Kenya,topcertifierKenya,Entreprises (produits/solutions et services),Entreprises(produits/solutions et services),LocalBusiness,,,,,,Prestataire de services SOC/NOC et accompagnement certification.,https://www.iso-certification-kenya.com/soc-and-noc-service.html,,,"Nairobi, Kenya",Nairobi,,KE,Kenya,Kenya,-1.3015643,36.8128437,,https://www.communecter.org/upload/communecter/organizations/6a1fbc37a36b8712222db0cd/faviconV2.png,https://www.communecter.org/upload/communecter/organizations/6a1fbc37a36b8712222db0cd/medium/faviconV2.png,https://www.communecter.org/upload/communecter/organizations/6a1fbc37a36b8712222db0cd/thumb/profil-resized.png,https://www.communecter.org/#@topcertifierKenya,1780464695,1780464696
6a1978fb4a20e6669b2e806e,TopCertifier Maldives - SOC/NOC and Penetration Testing Services,stingServices,Entreprises (produits/solutions et services),Entreprises(produits/solutions et services),LocalBusiness,,,,,,"Cabinet de conseil en certification, conformité, SOC/NOC et tests de sécurité pour organisations opérant aux Maldives.",https://www.topcertifier.com/soc-1-certification-in-maldives,,,,Malé,,MV,Maldives,Maldives,4.1779879,73.5107387,,https://www.communecter.org/upload/communecter/organizations/6a1978fb4a20e6669b2e806e/faviconV2.png,https://www.communecter.org/upload/communecter/organizations/6a1978fb4a20e6669b2e806e/medium/faviconV2.png,https://www.communecter.org/upload/communecter/organizations/6a1978fb4a20e6669b2e806e/thumb/profil-resized.png,https://www.communecter.org/#@stingServices,1780054267,1780054267
6a183154cfd5c632b763e29a,Trend Micro Australia,trendMicroAustralia,Entreprises (produits/solutions et services),Entreprises(produits/solutions et services),LocalBusiness,,,,,,,https://www.trendmicro.com/en_au/business.html,,,,,,,,,,,,,,,https://www.communecter.org/#@trendMicroAustralia,1779970388,1779970388
6979ffe3f908e04deb328349,TRG IT Service Providers,trgItServiceProviders,Entreprises (produits/solutions et services),Entreprises(produits/solutions et services),LocalBusiness,,,,,,services IT & sécurité (incluant cybersécurité),,,087 470 0506,13,Cape Town,8001,ZA,Afrique du Sud,Afrique du Sud,-33.9306062,18.4659024,CyberSecurity,https://www.communecter.org/upload/communecter/organizations/6979ffe3f908e04deb328349/pastedimage.png,https://www.communecter.org/upload/communecter/organizations/6979ffe3f908e04deb328349/medium/pastedimage.png,https://www.communecter.org/upload/communecter/organizations/6979ffe3f908e04deb328349/thumb/profil-resized.png,https://www.communecter.org/#@trgItServiceProviders,1769603235,1769603235
6a1924d3509ece6ff27a4462,Triana Business Solutions,trianaBusinessSolutions,Entreprises (produits/solutions et services),Entreprises(produits/solutions et services),LocalBusiness,,,,,,,http://www.triana.co.mz,,,,Maputo,,MZ,Mozambique,Mozambique,-25.9662130,32.5674500,,,,,https://www.communecter.org/#@trianaBusinessSolutions,1780032723,1780033456
6a17f45ebd8bbf38e60d5700,TrustVault,trustvault,Entreprises (produits/solutions et services),Entreprises(produits/solutions et services),LocalBusiness,,,,,,,https://www.trustvault.biz/,,,"32/1, Gothami Road, Colombo 08,",Colombo,,LK,Sri Lanka,Sri Lanka,6.9388614,79.8542005,,https://www.communecter.org/upload/communecter/organizations/6a17f45ebd8bbf38e60d5700/tv-logo-header.png,https://www.communecter.org/upload/communecter/organizations/6a17f45ebd8bbf38e60d5700/medium/tv-logo-header.png,https://www.communecter.org/upload/communecter/organizations/6a17f45ebd8bbf38e60d5700/thumb/profil-resized.png,https://www.communecter.org/#@trustvault,1779954782,1779954783
6a19657579e0304b6b5aac23,TuxCentrix Consultancy,tuxcentrixConsultancy,Entreprises (produits/solutions et services),Entreprises(produits/solutions et services),,,,,,,"Organisation intervenant dans l’écosystème indien de cybersécurité : services, conseil, formation, innovation ou appui à la sécurité numérique.",https://tuxcentrix.com,,,,,,,,,,,,https://www.communecter.org/upload/communecter/organizations/6a19657579e0304b6b5aac23/faviconV2.png,https://www.communecter.org/upload/communecter/organizations/6a19657579e0304b6b5aac23/medium/faviconV2.png,https://www.communecter.org/upload/communecter/organizations/6a19657579e0304b6b5aac23/thumb/profil-resized.png,https://www.communecter.org/#@tuxcentrixConsultancy,1780049269,1780049270
6a17f54401c23906f63a19e4,Tylers,tylers,Entreprises (produits/solutions et services),Entreprises(produits/solutions et services),LocalBusiness,,,,,,"Prestataire cybersécurité, audit, services managés et formation.",https://www.tylers.mu,info@tylers.mu,,,,,,,,,,,,,,https://www.communecter.org/#@tylers,1779955012,1779955012
6a0450b866ce880a8c52c297,UBX Tanzania,ubxTanzania,Entreprises (produits/solutions et services),Entreprises(produits/solutions et services),LocalBusiness,Sécurité Opérationnelle et Gouvernance (SOC),,,,,,https://www.ubx.co.tz/,info@ubx.co.tz,,"Mikocheni B, Lucy Lameck Street, Plot 6. P.O Box 76384,",Dar es-Salam,,TZ,Tanzanie,Tanzania,-6.8160837,39.2803583,,https://www.communecter.org/upload/communecter/organizations/6a0450b866ce880a8c52c297/01logo.png,https://www.communecter.org/upload/communecter/organizations/6a0450b866ce880a8c52c297/medium/01logo.png,https://www.communecter.org/upload/communecter/organizations/6a0450b866ce880a8c52c297/thumb/profil-resized.png,https://www.communecter.org/#@ubxTanzania,1778667704,1780035558
6a1963db33a0b60fa1680578,Uniken,uniken,Entreprises (produits/solutions et services),Entreprises(produits/solutions et services),,,,,,,"Prestataire ou éditeur de cybersécurité intervenant sur audit, gouvernance, conformité, gestion des vulnérabilités et protection des systèmes.",https://uniken.com,,,,,,,,,,,,https://www.communecter.org/upload/communecter/organizations/6a1963db33a0b60fa1680578/faviconV2.png,https://www.communecter.org/upload/communecter/organizations/6a1963db33a0b60fa1680578/medium/faviconV2.png,https://www.communecter.org/upload/communecter/organizations/6a1963db33a0b60fa1680578/thumb/profil-resized.png,https://www.communecter.org/#@uniken,1780048859,1780048859
6a1964565bf1852ddd799972,Vault Infosec,vaultInfosec,Entreprises (produits/solutions et services),Entreprises(produits/solutions et services),,,,,,,"Organisation intervenant dans l’écosystème indien de cybersécurité : services, conseil, formation, innovation ou appui à la sécurité numérique.",https://vaultinfosec.com,,,"Ahmedabad, Gujarat, India — adresse postale publique complète non identifiée",Ahmedabad,3800XX,IN,Inde,India,23.0216238,72.5797068,,https://www.communecter.org/upload/communecter/organizations/6a1964565bf1852ddd799972/faviconV2.png,https://www.communecter.org/upload/communecter/organizations/6a1964565bf1852ddd799972/medium/faviconV2.png,https://www.communecter.org/upload/communecter/organizations/6a1964565bf1852ddd799972/thumb/profil-resized.png,https://www.communecter.org/#@vaultInfosec,1780048982,1780048982
6a1963a233a0b60fa168055f,Vehere,vehere,Entreprises (produits/solutions et services),Entreprises(produits/solutions et services),,,,,,,"Entreprise de cybersécurité proposant surveillance des menaces, détection, réponse, sécurité réseau ou services de sécurité managée.",https://vehere.com,,,,,,,,,,,,https://www.communecter.org/upload/communecter/organizations/6a1963a233a0b60fa168055f/faviconV2.png,https://www.communecter.org/upload/communecter/organizations/6a1963a233a0b60fa168055f/medium/faviconV2.png,https://www.communecter.org/upload/communecter/organizations/6a1963a233a0b60fa168055f/thumb/profil-resized.png,https://www.communecter.org/#@vehere,1780048802,1780048802
6a1925a2bb600b6cbf5777c6,Vigilbase Mozambique,vigilbaseMozambique,Entreprises (produits/solutions et services),Entreprises(produits/solutions et services),LocalBusiness,,,,,,,https://vigilbase.com/locations/mozambique,,,,Maputo,,MZ,Mozambique,Mozambique,-25.9662130,32.5674500,,,,,https://www.communecter.org/#@vigilbaseMozambique,1780032930,1780033465
6a1924ea509ece6ff27a4467,Virtuals Limitada,virtualsLimitada,Entreprises (produits/solutions et services),Entreprises(produits/solutions et services),LocalBusiness,,,,,,,http://www.virtuals.co.mz,,,,Maputo,,MZ,Mozambique,Mozambique,-25.9662130,32.5674500,,,,,https://www.communecter.org/#@virtualsLimitada,1780032746,1780033457
6a1831076579ed55701fc49f,Vocus Cyber Security,vocusCyberSecurity,Entreprises (produits/solutions et services),Entreprises(produits/solutions et services),LocalBusiness,,,,,,,https://www.vocus.com.au/,,,"Vocus Group, Level 10, 452 Flinders Street, Melbourne VIC 3000, Australia",Melbourne,,AU,Australie,Australia,-37.8142454,144.9631732,,,,,https://www.communecter.org/#@vocusCyberSecurity,1779970311,1779970311
6a192517509ece6ff27a4471,Vodacom Mozambique / Vodacom Business,vodacomMozambiqueVodacomBusiness,Entreprises (produits/solutions et services),Entreprises(produits/solutions et services),LocalBusiness,,,,,,,https://www.vm.co.mz/,,,,Maputo,,MZ,Mozambique,Mozambique,-25.9662130,32.5674500,,,,,https://www.communecter.org/#@vodacomMozambiqueVodacomBusiness,1780032791,1780033459
6a19883193d3e12c4c29a9a6,WebTemple,webtemple,Entreprises (produits/solutions et services),Entreprises(produits/solutions et services),LocalBusiness,,,,,,"Agence de services web et numériques spécialisée dans la conception de sites, le conseil digital, l’e-commerce et l’optimisation en ligne.",https://www.webtemple.sc/,,,"Victoria, Mahé, Seychelles",Victoria,,SC,Seychelles,Seychelles,-4.6232085,55.4523590,,https://www.communecter.org/upload/communecter/organizations/6a19883193d3e12c4c29a9a6/faviconV2.png,https://www.communecter.org/upload/communecter/organizations/6a19883193d3e12c4c29a9a6/medium/faviconV2.png,https://www.communecter.org/upload/communecter/organizations/6a19883193d3e12c4c29a9a6/thumb/profil-resized.png,https://www.communecter.org/#@webtemple,1780058161,1780058162
6a19636033a0b60fa1680539,WiJungle,wijungle,Entreprises (produits/solutions et services),Entreprises(produits/solutions et services),,,,,,,"Entreprise de cybersécurité proposant surveillance des menaces, détection, réponse, sécurité réseau ou services de sécurité managée.",https://wijungle.com,,,,,,,,,,,,https://www.communecter.org/upload/communecter/organizations/6a19636033a0b60fa1680539/faviconV2.png,https://www.communecter.org/upload/communecter/organizations/6a19636033a0b60fa1680539/medium/faviconV2.png,https://www.communecter.org/upload/communecter/organizations/6a19636033a0b60fa1680539/thumb/profil-resized.png,https://www.communecter.org/#@wijungle,1780048736,1780048736
6a19649d5bf1852ddd79999a,Wipro Cybersecurity,wiproCybersecurity,Entreprises (produits/solutions et services),Entreprises(produits/solutions et services),,,,,,,"Grand prestataire technologique ou télécom proposant des services numériques et des offres de cybersécurité, sécurité managée, cloud et résilience.",https://wipro.com,,,,,,,,,,,,https://www.communecter.org/upload/communecter/organizations/6a19649d5bf1852ddd79999a/faviconV2.png,https://www.communecter.org/upload/communecter/organizations/6a19649d5bf1852ddd79999a/medium/faviconV2.png,https://www.communecter.org/upload/communecter/organizations/6a19649d5bf1852ddd79999a/thumb/profil-resized.png,https://www.communecter.org/#@wiproCybersecurity,1780049053,1780049053
697f740795be9403ab755a76,Wipro Ltd. – Cybersecurity Services,wiproLtdCybersecurityServices,Entreprises (produits/solutions et services),Entreprises(produits/solutions et services) | Sécurité Opérationnelle et Gouvernance (SOC) | Sécurité Cloud,NGO,Sécurité Cloud | Sécurité Opérationnelle et Gouvernance (SOC),Développeur Sécurisé (DevSecOps) | Analyste SOC,,,,,https://www.wipro.com/,,,Sarjapur Road,Bangalore,,IN,Inde,Inde,12.9200403,77.6513464,Entreprises(produits/solutions et services) | Sécurité Opérationnelle et Gouvernance (SOC) | Sécurité Cloud | Développeur Sécurisé (DevSecOps) | Analyste SOC | CERT/CSIRT,https://www.communecter.org/upload/communecter/organizations/697f740795be9403ab755a76/pastedimage.png,https://www.communecter.org/upload/communecter/organizations/697f740795be9403ab755a76/medium/pastedimage.png,https://www.communecter.org/upload/communecter/organizations/697f740795be9403ab755a76/thumb/pastedimage.png,https://www.communecter.org/#@wiproLtdCybersecurityServices,1769960535,1770712389
6a17f481bd8bbf38e60d571a,WSO2,wso2,Entreprises (produits/solutions et services),Entreprises(produits/solutions et services),LocalBusiness,,,,,,,https://wso2.com/,,,"105, Bauddhaloka Mawatha, Colombo 4",Colombo,,LK,Sri Lanka,Sri Lanka,6.9388614,79.8542005,,https://www.communecter.org/upload/communecter/organizations/6a17f481bd8bbf38e60d571a/WSO2-Logo-Black.webp,https://www.communecter.org/upload/communecter/organizations/6a17f481bd8bbf38e60d571a/medium/WSO2-Logo-Black.webp,https://www.communecter.org/upload/communecter/organizations/6a17f481bd8bbf38e60d571a/thumb/profil-resized.png,https://www.communecter.org/#@wso2,1779954817,1779954817
6a17f44093f0f5556a028a6c,Xentura ONE,xenturaOne,Entreprises (produits/solutions et services),Entreprises(produits/solutions et services),LocalBusiness,,,,,,,https://xentura.lk/,info@xentura.lk,+94 76 89 89 609,"No.222, Dr. N.M. Perera Mawatha (Cotta Road), Borella, Colombo 8, Sri Lanka",Colombo,,LK,Sri Lanka,Sri Lanka,6.9388614,79.8542005,,https://www.communecter.org/upload/communecter/organizations/6a17f44093f0f5556a028a6c/30-PX.png,https://www.communecter.org/upload/communecter/organizations/6a17f44093f0f5556a028a6c/medium/30-PX.png,https://www.communecter.org/upload/communecter/organizations/6a17f44093f0f5556a028a6c/thumb/profil-resized.png,https://www.communecter.org/#@xenturaOne,1779954752,1779954753
697c95786e478f4f1e44e355,YanaCorp,yanacorp,Entreprises (produits/solutions et services),Entreprises(produits/solutions et services) | Audit/Conseil et Conformité | Sécurité Réseau | Sécurité Cloud,NGO,Sécurité Réseau | Sécurité Cloud | Audit/Conseil et Conformité,Ingénieur Sécurité Cloud | Développeur Sécurisé (DevSecOps),,,,,https://www.yana.africa/,info@yana.africa,+255-755-268-000,"06 Madai Crescent Ada Estate, Kinondoni",Dar es-Salam,,TZ,Tanzanie,Tanzanie,-6.7868575,39.2719280,Entreprises(produits/solutions et services) | Audit/Conseil et Conformité | Sécurité Réseau | Sécurité Cloud,https://www.communecter.org/upload/communecter/organizations/697c95786e478f4f1e44e355/pastedimage.png,https://www.communecter.org/upload/communecter/organizations/697c95786e478f4f1e44e355/medium/pastedimage.png,https://www.communecter.org/upload/communecter/organizations/697c95786e478f4f1e44e355/thumb/pastedimage.png,https://www.communecter.org/#@yanacorp,1769772491,1769772492
6a19652079e0304b6b5aabed,Yotta Data Services,yottaDataServices,Entreprises (produits/solutions et services),Entreprises(produits/solutions et services),,,,,,,"Opérateur de centres de données et services cloud intégrant sécurité, disponibilité, conformité et continuité d’activité pour les entreprises.",https://yotta.com,,,"1st Floor, Sigma IT Park, Rabale, Navi Mumbai 400701, Maharashtra, India",Navi Mumbai,,IN,Inde,India,19.0308262,73.0198537,,https://www.communecter.org/upload/communecter/organizations/6a19652079e0304b6b5aabed/faviconV2.png,https://www.communecter.org/upload/communecter/organizations/6a19652079e0304b6b5aabed/medium/faviconV2.png,https://www.communecter.org/upload/communecter/organizations/6a19652079e0304b6b5aabed/thumb/profil-resized.png,https://www.communecter.org/#@yottaDataServices,1780049184,1780049184
6979cb6be9bd6200a64b057e,YOUTELL,youtell,Entreprises (produits/solutions et services),Entreprises(produits/solutions et services),NGO,Sécurité Réseau,Auditeur de sécurité,,,,,https://youtell.re/,maxime@youtell.re,0262 81 82 00 | 06 93 01 78 23,123 Route de l'Eperon,LA SALINE LES BAINS,97434,RE,La Réunion,Réunion,-21.0447611,55.2619034,Entreprises(produits/solutions et services) | Sécurité Réseau | Auditeur de sécurité,https://www.communecter.org/upload/communecter/organizations/6979cb6be9bd6200a64b057e/youtel.jpeg,https://www.communecter.org/upload/communecter/organizations/6979cb6be9bd6200a64b057e/medium/youtel.jpeg,https://www.communecter.org/upload/communecter/organizations/6979cb6be9bd6200a64b057e/thumb/profil-resized.png,https://www.communecter.org/#@youtell,1769589611,1770198848
6979cb6de9bd6200a64b0583,ZEOP,zeop2,Entreprises (produits/solutions et services),Entreprises(produits/solutions et services),NGO,Sécurité Réseau,,,,,,https://entreprise.zeop.re/services/pack-cyber,entreprise@zeop.net,0262 01 01 01 | 02 62 01 01 01,39 Rue Pierre Brossolette,LE PORT,97420,RE,La Réunion,Réunion,-20.9523140,55.3021210,Entreprises(produits/solutions et services) | Sécurité Réseau,https://www.communecter.org/upload/communecter/organizations/6979cb6de9bd6200a64b0583/tYolYochargement.png,https://www.communecter.org/upload/communecter/organizations/6979cb6de9bd6200a64b0583/medium/tYolYochargement.png,https://www.communecter.org/upload/communecter/organizations/6979cb6de9bd6200a64b0583/thumb/profil-resized.png,https://www.communecter.org/#@zeop2,1769589613,1770198047
6a1963d233a0b60fa1680573,Zeron,zeron,Entreprises (produits/solutions et services),Entreprises(produits/solutions et services),,,,,,,"Organisation intervenant dans l’écosystème indien de cybersécurité : services, conseil, formation, innovation ou appui à la sécurité numérique.",https://zeron.one,,,,,,,,,,,,https://www.communecter.org/upload/communecter/organizations/6a1963d233a0b60fa1680573/faviconV2.png,https://www.communecter.org/upload/communecter/organizations/6a1963d233a0b60fa1680573/medium/faviconV2.png,https://www.communecter.org/upload/communecter/organizations/6a1963d233a0b60fa1680573/thumb/profil-resized.png,https://www.communecter.org/#@zeron,1780048850,1780048850
69f2ec5e9c9cce16bf07e892,LA REUNION CONNECTEE,laReunionConnectee,Entreprises (produits/solutions et services) | CERT/CSIRT | Structure d’accompagnement et financement | Réseaux/cluster,Entreprises(produits/solutions et services) | CERT/CSIRT | Structure d’accompagnement et financement | Réseaux/cluster,NGO,,,,,,,https://reunionthd.re/,,,charmoy,SAINTE-CLOTILDE,97490,RE,La Réunion,Réunion,-20.907443,55.501942,Entreprises(produits/solutions et services) | CERT/CSIRT | Structure d’accompagnement et financement | Réseaux/cluster,https://www.communecter.org/upload/communecter/organizations/69f2ec5e9c9cce16bf07e892/logo.jpg,https://www.communecter.org/upload/communecter/organizations/69f2ec5e9c9cce16bf07e892/medium/logo.jpg,https://www.communecter.org/upload/communecter/organizations/69f2ec5e9c9cce16bf07e892/thumb/logo.jpg,https://www.communecter.org/#@laReunionConnectee,1777528051,1779101571
69922581acc1e55f2b2bd0d7,Ants Tech,antsTech,Entreprises (produits/solutions et services) | Organismes de formation,Entreprises(produits/solutions et services) | Organismes de formation,NGO,"Sécurité des postes,Sécurité Cloud",Ingénieur Sécurité Cloud,,,,,https://ants-tech.mg/,,+261 34 01 207 74,Ampandrianomby,Antananarivo,,MG,Madagascar,Madagascar,-18.9029594,47.5476099,Organismes de formation | Entreprises(produits/solutions et services) | Sécurité des postes | Sécurité Cloud | Ingénieur Sécurité Cloud,https://www.communecter.org/upload/communecter/organizations/69922581acc1e55f2b2bd0d7/pastedimage.png,https://www.communecter.org/upload/communecter/organizations/69922581acc1e55f2b2bd0d7/medium/pastedimage.png,https://www.communecter.org/upload/communecter/organizations/69922581acc1e55f2b2bd0d7/thumb/pastedimage.png,https://www.communecter.org/#@antsTech,1771185726,1771229928
697c8589eca054203659c643,Cybergen Company Limited,cybergenCompanyLimited,Entreprises (produits/solutions et services) | Organismes de formation,Entreprises(produits/solutions et services) | Organismes de formation,NGO,Sécurité des Applications | Audit/Conseil et Conformité,Développeur Sécurisé (DevSecOps),,,,,https://cybergentz.com/,,+255 753 666 602,"Building No. 4, Mlimani City Office Park",Dar es-Salam,,TZ,Tanzanie,Tanzanie,-6.788034929214556,39.18771743774415,Entreprises(produits/solutions et services) | Sécurité des Applications | Audit/Conseil et Conformité | Organismes de formation,https://www.communecter.org/upload/communecter/organizations/697c8589eca054203659c643/pastedimage.png,https://www.communecter.org/upload/communecter/organizations/697c8589eca054203659c643/medium/pastedimage.png,https://www.communecter.org/upload/communecter/organizations/697c8589eca054203659c643/thumb/pastedimage.png,https://www.communecter.org/#@cybergenCompanyLimited,1769768577,1770989445
6979cb62e9bd6200a64b0556,FROHMAN CYBER,mrQuentinFrohman,Entreprises (produits/solutions et services) | Organismes de formation,Entreprises(produits/solutions et services) | Organismes de formation,NGO,Audit/Conseil et Conformité,Auditeur de sécurité,,,,,https://www.linkedin.com/company/frohman-cyber,,06 36 49 35 11,10 Chemin Amouny,RAVINE DES CABRIS,97432,RE,La Réunion,Réunion,-21.2914692,55.4646196,Entreprises(produits/solutions et services) | Audit/Conseil et Conformité | Auditeur de sécurité | Organismes de formation,https://www.communecter.org/upload/communecter/organizations/69f2db6d6773a04c815529c1/logoconverti.jpeg,https://www.communecter.org/upload/communecter/organizations/69f2db6d6773a04c815529c1/medium/logoconverti.jpeg,https://www.communecter.org/upload/communecter/organizations/69f2db6d6773a04c815529c1/thumb/logoconverti.jpeg,https://www.communecter.org/#@mrQuentinFrohman,1769589602,1777525284
6980fdee145ec81d8c047d38,OXIQA,oxiqa,Entreprises (produits/solutions et services) | Organismes de formation,Entreprises(produits/solutions et services) | Organismes de formation,NGO,Sécurité Réseau | Sécurité des Applications,Développeur Sécurisé (DevSecOps) | Pentester,,,,,https://oxiqa.com/,,9607778156,"Haveeree Hingun, Male’, 20216,",Malé,,MV,Maldives,Maldives,4.1785524,73.5060036,Entreprises(produits/solutions et services) | Sécurité Réseau | Organismes de formation | Sécurité des Applications | Développeur Sécurisé (DevSecOps) | Pentester,https://www.communecter.org/upload/communecter/organizations/6980fdee145ec81d8c047d38/pastedimage.png,https://www.communecter.org/upload/communecter/organizations/6980fdee145ec81d8c047d38/medium/pastedimage.png,https://www.communecter.org/upload/communecter/organizations/6980fdee145ec81d8c047d38/thumb/pastedimage.png,https://www.communecter.org/#@oxiqa,1770061528,1770978360
69f2ebbfb982b91234472132,Chambre de Commerce et d'Industrie de La Réunion - CCIR,Ccir,Entreprises (produits/solutions et services) | Organismes de formation | Structure d’accompagnement et financement,Entreprises(produits/solutions et services) | Organismes de formation | Structure d’accompagnement et financement,NGO,,,,,,,https://reunion.cci.fr/,,+262 262 94 20 00,5 bis rue de paris,SAINT-DENIS,97400,RE,La Réunion,Réunion,-20.879011,55.449025,Entreprises(produits/solutions et services) | Organismes de formation | Structure d’accompagnement et financement,https://www.communecter.org/upload/communecter/null/null/logoccireunion.png,https://www.communecter.org/upload/communecter/null/null/medium/logoccireunion.png,https://www.communecter.org/upload/communecter/null/null/thumb/logoccireunion.png,https://www.communecter.org/#@Ccir,1777527832,1779100438
697a00a028cfbb16143f4e8d,A2SCI Madagascar,a2sciMadagascar,Entreprises (produits/solutions et services) | Réseaux/cluster,Entreprises(produits/solutions et services) | Réseaux/cluster,LocalBusiness,Sécurité Cloud | Sécurité Réseau,Audit informatique,,,,"Audit & conseil en sécurité, solutions réseau & cloud (filiale locale d’A2SCI, services sécurité IT & infogérance)",,,,Ankazomanga Atsimo,Antananarivo,,MG,Madagascar,Madagascar,-18.8935397,47.5150105,Entreprises(produits/solutions et services) | Réseaux/cluster | Sécurité Cloud | Sécurité Réseau | Audit informatique,https://www.communecter.org/upload/communecter/organizations/697a00a028cfbb16143f4e8d/pastedimage.png,https://www.communecter.org/upload/communecter/organizations/697a00a028cfbb16143f4e8d/medium/pastedimage.png,https://www.communecter.org/upload/communecter/organizations/697a00a028cfbb16143f4e8d/thumb/profil-resized.png,https://www.communecter.org/#@a2sciMadagascar,1769603368,1770201566
697a0866321bfc263d622ec4,Cyber Security Africa Ltd,cyberSecurityAfricaLtd,Entreprises (produits/solutions et services) | Réseaux/cluster,Entreprises(produits/solutions et services) | Réseaux/cluster,LocalBusiness,,,,,,Sécurité IT & pénétration,,,,"Woodvale Grove, Westlands",Nairobi,,KE,Kenya,Kenya,-1.2638884,36.8040160,Entreprises(produits/solutions et services) | Réseaux/cluster,https://www.communecter.org/upload/communecter/organizations/697a0866321bfc263d622ec4/pastedimage.png,https://www.communecter.org/upload/communecter/organizations/697a0866321bfc263d622ec4/medium/pastedimage.png,https://www.communecter.org/upload/communecter/organizations/697a0866321bfc263d622ec4/thumb/profil-resized.png,https://www.communecter.org/#@cyberSecurityAfricaLtd,1769605324,1769776567
697a0e212f338b4dce4886b5,East Africa Data Handlers,eastAfricaDataHandlers,Entreprises (produits/solutions et services) | Réseaux/cluster,Entreprises(produits/solutions et services) | Réseaux/cluster,LocalBusiness,Sécurité Réseau,Consultant GRC | Analyste SOC,,,,Forensics & défense cyber,https://eadatahandlers.co.ke/,,+254 711 051 000,"Chiromo Road, Westlands",Nairobi,,KE,Kenya,Kenya,-1.2744912,36.8121223,Entreprises(produits/solutions et services) | Réseaux/cluster | Analyste SOC | Consultant GRC | Sécurité Réseau,https://www.communecter.org/upload/communecter/organizations/697a0e212f338b4dce4886b5/pastedimage.png,https://www.communecter.org/upload/communecter/organizations/697a0e212f338b4dce4886b5/medium/pastedimage.png,https://www.communecter.org/upload/communecter/organizations/697a0e212f338b4dce4886b5/thumb/profil-resized.png,https://www.communecter.org/#@eastAfricaDataHandlers,1769606887,1769762138
6979fd58f908e04deb32833b,Kaldera Madagascar Ltd,kalderaMadagascarLtd,Entreprises (produits/solutions et services) | Réseaux/cluster,Entreprises(produits/solutions et services) | Réseaux/cluster,LocalBusiness,Sécurité Réseau | Sécurité Cloud | Cybersécurité Offensive (Pentest),Pentester | Ingénieur Sécurité Cloud,,,,"Kaldera Madagascar est un centre d'externalisation basé à Antananarivo, spécialisé en support client, gestion RH et solutions IT",https://kaldera-madagascar.com/?utm_source=chatgpt.com,,,Ankorondrano,Antananarivo,,MG,Madagascar,Madagascar,-18.8917993,47.5256753,Entreprises(produits/solutions et services) | Réseaux/cluster | Cybersécurité | Sécurité Réseau | Sécurité Cloud | Pentester | Cybersécurité Offensive (Pentest) | Ingénieur Sécurité Cloud,https://www.communecter.org/upload/communecter/organizations/6979fd58f908e04deb32833b/pastedimage.png,https://www.communecter.org/upload/communecter/organizations/6979fd58f908e04deb32833b/medium/pastedimage.png,https://www.communecter.org/upload/communecter/organizations/6979fd58f908e04deb32833b/thumb/profil-resized.png,https://www.communecter.org/#@kalderaMadagascarLtd,1769602611,1770201446
697a0d6018bdf91ee12f044c,MacroSec,macrosec,Entreprises (produits/solutions et services) | Réseaux/cluster,Entreprises(produits/solutions et services) | Réseaux/cluster,LocalBusiness,Sécurité des Applications | Cybersécurité Offensive (Pentest),Consultant GRC | Incident Responder,,,,"Offensive security, threat intelligence",https://macrosec.tech/,,+254 721 309 785,"Ruaka Road, Runda",Nairobi,,KE,Kenya,Kenya,-1.2204421,36.8145738,Entreprises(produits/solutions et services) | Réseaux/cluster | Cybersécurité Offensive (Pentest) | Sécurité des Applications | Consultant GRC | Incident Responder,https://www.communecter.org/upload/communecter/organizations/697a0d6018bdf91ee12f044c/pastedimage.png,https://www.communecter.org/upload/communecter/organizations/697a0d6018bdf91ee12f044c/medium/pastedimage.png,https://www.communecter.org/upload/communecter/organizations/697a0d6018bdf91ee12f044c/thumb/profil-resized.png,https://www.communecter.org/#@macrosec,1769606669,1769762884
697caee6ab211a0f020ffa9e,MillenniumIT ESP,millenniumitEsp,Entreprises (produits/solutions et services) | Réseaux/cluster,Entreprises(produits/solutions et services) | Réseaux/cluster,NGO,Sécurité Cloud | Sécurité des Applications | Sécurité Opérationnelle et Gouvernance (SOC),Analyste SOC | Ingénieur Sécurité Cloud,,,,,https://www.mitesp.com/,,,R A De Mel Mawatha,Colombo,,LK,Sri Lanka,Sri Lanka,6.8905250,79.8588415,Entreprises(produits/solutions et services) | Réseaux/cluster | Sécurité des Applications | Sécurité Cloud | Sécurité Opérationnelle et Gouvernance (SOC),https://www.communecter.org/upload/communecter/organizations/697caee6ab211a0f020ffa9e/pastedimage.png,https://www.communecter.org/upload/communecter/organizations/697caee6ab211a0f020ffa9e/medium/pastedimage.png,https://www.communecter.org/upload/communecter/organizations/697caee6ab211a0f020ffa9e/thumb/pastedimage.png,https://www.communecter.org/#@millenniumitEsp,1769779274,1769779274
697a0b9d2f338b4dce488670,Secmentis,secmentis,Entreprises (produits/solutions et services) | Réseaux/cluster,Entreprises(produits/solutions et services) | Réseaux/cluster,LocalBusiness,Sécurité Réseau | Sécurité des Applications | Sécurité Opérationnelle et Gouvernance (SOC) | Cybersécurité Offensive (Pentest),Consultant GRC | Incident Responder,,,,Penetration testing & threat intelligence,https://www.secmentis.com/kenya/,info@secmentis.com,,Nakuru,Nairobi,,KE,Kenya,Kenya,-1.2619628,36.7265768,Entreprises(produits/solutions et services) | Réseaux/cluster | Cybersécurité Offensive (Pentest) | Sécurité des Applications | Sécurité Opérationnelle et Gouvernance (SOC) | Sécurité Réseau | Incident Responder | Consultant GRC,https://www.communecter.org/upload/communecter/organizations/697a0b9d2f338b4dce488670/pastedimage.png,https://www.communecter.org/upload/communecter/organizations/697a0b9d2f338b4dce488670/medium/pastedimage.png,https://www.communecter.org/upload/communecter/organizations/697a0b9d2f338b4dce488670/thumb/profil-resized.png,https://www.communecter.org/#@secmentis,1769606223,1769763380
697a107118bdf91ee12f049c,Techsavanna Company Limited,techsavannaCompanyLimited,Entreprises (produits/solutions et services) | Réseaux/cluster,Entreprises(produits/solutions et services) | Réseaux/cluster,LocalBusiness,Sécurité des Postes et Mobiles | Sécurité Opérationnelle et Gouvernance (SOC) | Audit/Conseil et Conformité,Consultant GRC | Analyste SOC | Incident Responder,,,,IT & cybersécurité solutions,https://techsavanna.technology,,+254 700 106077,"Woodvale Grove, Westlands",Nairobi,,KE,Kenya,Kenya,-1.2638884,36.8040160,Entreprises(produits/solutions et services) | Réseaux/cluster | Sécurité des Postes et Mobiles | Sécurité Opérationnelle et Gouvernance (SOC) | Audit/Conseil et Conformité | Analyste SOC | Consultant GRC | Incident Responder,https://www.communecter.org/upload/communecter/organizations/697a107118bdf91ee12f049c/pastedimage.png,https://www.communecter.org/upload/communecter/organizations/697a107118bdf91ee12f049c/medium/pastedimage.png,https://www.communecter.org/upload/communecter/organizations/697a107118bdf91ee12f049c/thumb/profil-resized.png,https://www.communecter.org/#@techsavannaCompanyLimited,1769607398,1769761491
697c948cc0cd2c6d37633b12,Multi Solutions Mozambique,multiSolutionsMozambique,Entreprises (produits/solutions et services) | Services défense/intérieur,Entreprises(produits/solutions et services) | Services défense/intérieur,NGO,Sécurité Réseau | Cybersécurité Offensive (Pentest),Analyste SOC | Incident Responder,,,,,https://multisolutions.co.mz/,,+258 877 863 444,56 Avenida,Maputo,,MZ,Mozambique,Mozambique,-25.9483916,32.5710034,Entreprises(produits/solutions et services) | Services défense/intérieur | Sécurité Réseau | Cybersécurité Offensive (Pentest),https://www.communecter.org/upload/communecter/organizations/697c948cc0cd2c6d37633b12/pastedimage.png,https://www.communecter.org/upload/communecter/organizations/697c948cc0cd2c6d37633b12/medium/pastedimage.png,https://www.communecter.org/upload/communecter/organizations/697c948cc0cd2c6d37633b12/thumb/pastedimage.png,https://www.communecter.org/#@multiSolutionsMozambique,1769772322,1769772322
69f2e97785637d78300198fd,LA REUNION DEVELOPPEMENT,laReunionDevelloppement,Entreprises (produits/solutions et services) | Structure d’accompagnement et financement | Réseaux/cluster,Entreprises(produits/solutions et services) | Structure d’accompagnement et financement | Réseaux/cluster,NGO,,,,,,,https://www.lareuniondeveloppement.re/fr,,,62 boulevard du chaudron,SAINTE-CLOTILDE,97490,RE,La Réunion,Réunion,-20.897989,55.496097,Entreprises(produits/solutions et services) | Structure d’accompagnement et financement | Réseaux/cluster,https://www.communecter.org/upload/communecter/organizations/69f2e97785637d78300198fd/Logo-LRD-logo-noir-rectangle.png,https://www.communecter.org/upload/communecter/organizations/69f2e97785637d78300198fd/medium/Logo-LRD-logo-noir-rectangle.png,https://www.communecter.org/upload/communecter/organizations/69f2e97785637d78300198fd/thumb/Logo-LRD-logo-noir-rectangle.png,https://www.communecter.org/#@laReunionDevelloppement,1777527397,1777528077
6a1fbd2c5479565a286b3f06,C4DLab - University of Nairobi,c4dlabUniversityOfNairobi,Laboratoires/recherche,Laboratoires /recherche,GovernmentOrganization,,,,,,Laboratoire/centre universitaire lié à la formation et l'innovation numérique.,https://c4dlab.ac.ke/,,,"University of Nairobi, Nairobi, Kenya",Nairobi,,KE,Kenya,Kenya,-1.2890006,36.8172812,,https://www.communecter.org/upload/communecter/organizations/6a1fbd2c5479565a286b3f06/faviconV2.png,https://www.communecter.org/upload/communecter/organizations/6a1fbd2c5479565a286b3f06/medium/faviconV2.png,https://www.communecter.org/upload/communecter/organizations/6a1fbd2c5479565a286b3f06/thumb/profil-resized.png,https://www.communecter.org/#@c4dlabUniversityOfNairobi,1780464940,1780464941
6a18325b236a7a5de4298398,Charles Sturt University Cyber Security Cooperative Research Centre node,eResearchCentreNode,Laboratoires/recherche,Laboratoires /recherche,GovernmentOrganization,,,,,,,https://www.csu.edu.au/courses/technology-computing-maths/cyber-security,,,"Charles Sturt University, Panorama Avenue, Bathurst NSW 2795, Australia",Australia Plains,,AU,Australie,Australia,-34.0977350,139.1556029,,,,,https://www.communecter.org/#@eResearchCentreNode,1779970651,1779970651
6996b7aaf261e877e52b3ace,CSIRO,csiro,Laboratoires/recherche,Laboratoires /recherche | Cryptographie/Cryptologie | IA sécurité | Sécurité de l'IdO (IoT) | Cryptologue | Security Researcher,NGO,Cryptographie/Cryptologie | IA sécurité | Sécurité de l'IdO (IoT) | Cryptologue | Security Researcher,Cryptologue | Security Researcher,,,,,https://www.csiro.au/,,,ACT,Canberra,,AU,Australie,Australie,-35.2499858,149.1364973,Laboratoires /recherche | Cryptographie/Cryptologie | IA sécurité | Sécurité de l'IdO (IoT) | Cryptologue | Security Researcher,https://www.communecter.org/upload/communecter/organizations/6996b7aaf261e877e52b3ace/pastedimage.png,https://www.communecter.org/upload/communecter/organizations/6996b7aaf261e877e52b3ace/medium/pastedimage.png,https://www.communecter.org/upload/communecter/organizations/6996b7aaf261e877e52b3ace/thumb/pastedimage.png,https://www.communecter.org/#@csiro,1771485315,1771487514
6a183244236a7a5de4298387,Deakin Cyber Research and Innovation Centre,deakinCyberResearchAndInnovationCentre,Laboratoires/recherche,Laboratoires /recherche,GovernmentOrganization,,,,,,,https://cybercentre.org.au/,,,"Deakin University, 221 Burwood Highway, Burwood VIC 3125, Australia",Geelong,,AU,Australie,Australia,-38.1493248,144.3598241,,,,,https://www.communecter.org/#@deakinCyberResearchAndInnovationCentre,1779970628,1779970628
6a196611cc64c54013236fa1,Defence Research and Development Organisation - Cyber/Information security labs,berinformationSecurityLabs,Laboratoires/recherche,Laboratoires /recherche,,,,,,,"Organisation publique de recherche défense développant des technologies stratégiques, y compris sécurité de l’information et cyberdéfense.",https://drdo.gov.in,,,,,,,,,,,,https://www.communecter.org/upload/communecter/organizations/6a196611cc64c54013236fa1/faviconV2.png,https://www.communecter.org/upload/communecter/organizations/6a196611cc64c54013236fa1/medium/faviconV2.png,https://www.communecter.org/upload/communecter/organizations/6a196611cc64c54013236fa1/thumb/profil-resized.png,https://www.communecter.org/#@berinformationSecurityLabs,1780049425,1780049426
6a183221236a7a5de429836d,Edith Cowan University - Security Research Institute,te8,Laboratoires/recherche,Laboratoires /recherche,GovernmentOrganization,,,,,,,https://www.ecu.edu.au/schools/science/research-activity/security-research-institute,,,"Edith Cowan University, 270 Joondalup Drive, Joondalup WA 6027, Australia",Perth,,AU,Australie,Australia,-31.9558967,115.8605784,,,,,https://www.communecter.org/#@te8,1779970593,1779970593
6a1fd68d1f8f4c51ec6439ff,HEI - Haute École d’Informatique,heiHauteEcoleDinformatique,Laboratoires/recherche,Laboratoires /recherche,GovernmentOrganization,,,,,,Établissement d’enseignement supérieur informatique référencé pour cybersécurité et IA.,https://www.edm-talent.com/universites-informatiques-madagascar/hei.html,,,,,,,,,,,,https://www.communecter.org/upload/communecter/organizations/6a1fd68d1f8f4c51ec6439ff/hei-logo.png,https://www.communecter.org/upload/communecter/organizations/6a1fd68d1f8f4c51ec6439ff/medium/hei-logo.png,https://www.communecter.org/upload/communecter/organizations/6a1fd68d1f8f4c51ec6439ff/thumb/profil-resized.png,https://www.communecter.org/#@heiHauteEcoleDinformatique,1780471437,1780471437
6a1fd67f1f8f4c51ec6439fa,INSI - Institut National Supérieur d’Informatique,ue8,Laboratoires/recherche,Laboratoires /recherche,GovernmentOrganization,,,,,,Université informatique basée à Madagascar.,https://www.insi.mg/,,,,,,,,,,,,https://www.communecter.org/upload/communecter/organizations/6a1fd67f1f8f4c51ec6439fa/insi-logo-antananarivo-madagascar.png,https://www.communecter.org/upload/communecter/organizations/6a1fd67f1f8f4c51ec6439fa/medium/insi-logo-antananarivo-madagascar.png,https://www.communecter.org/upload/communecter/organizations/6a1fd67f1f8f4c51ec6439fa/thumb/profil-resized.png,https://www.communecter.org/#@ue8,1780471423,1780471423
6a18324c236a7a5de429838c,La Trobe Cybersecurity Research Hub,laTrobeCybersecurityResearchHub,Laboratoires/recherche,Laboratoires /recherche,NGO,,,,,,,https://www.latrobe.edu.au/research/centres/cybersecurity-research-hub,,,"La Trobe University, Kingsbury Drive, Bundoora VIC 3086, Australia",Melbourne,,AU,Australie,Australia,-37.8142454,144.9631732,,,,,https://www.communecter.org/#@laTrobeCybersecurityResearchHub,1779970636,1779970636
6a183253236a7a5de4298391,Monash Cyber Security Lab,monashCyberSecurityLab,Laboratoires/recherche,Laboratoires /recherche,GovernmentOrganization,,,,,,,https://www.monash.edu/it/cyber-security,,,"Monash University, 20 Exhibition Walk, Clayton VIC 3800, Australia",Melbourne,,AU,Australie,Australia,-37.8142454,144.9631732,,,,,https://www.communecter.org/#@monashCyberSecurityLab,1779970643,1779970643
6a18323c236a7a5de4298380,RMIT Centre for Cyber Security Research and Innovation,tion5,Laboratoires/recherche,Laboratoires /recherche,GovernmentOrganization,,,,,,,https://www.rmit.edu.au/research/centres-collaborations/cyber-security-research-innovation,,,"RMIT University, GPO Box 2476, Melbourne VIC 3001, Australia",Melbourne,,AU,Australie,Australia,-37.8142454,144.9631732,,,,,https://www.communecter.org/#@tion5,1779970620,1779970620
6a1fbd3c5479565a286b3f0b,Strathmore University @iLabAfrica,strathmoreUniversityIlabafrica,Laboratoires/recherche,Laboratoires /recherche,GovernmentOrganization,,,,,,Centre universitaire d'innovation et de formation numérique.,https://ilabafrica.strathmore.edu/,,,"Strathmore University, Nairobi, Kenya",Nairobi,,KE,Kenya,Kenya,-1.2890006,36.8172812,,https://www.communecter.org/upload/communecter/organizations/6a1fbd3c5479565a286b3f0b/faviconV2.png,https://www.communecter.org/upload/communecter/organizations/6a1fbd3c5479565a286b3f0b/medium/faviconV2.png,https://www.communecter.org/upload/communecter/organizations/6a1fbd3c5479565a286b3f0b/thumb/profil-resized.png,https://www.communecter.org/#@strathmoreUniversityIlabafrica,1780464956,1780464956
6a045ba8f9b5903c5307bd0a,Tanzania Education and Research Network (TERNET),tanzaniaEducationAndResearchNetworkTernet,Laboratoires/recherche,Laboratoires /recherche,GovernmentOrganization,Sécurité Opérationnelle et Gouvernance (SOC),,,,,,https://www.ternet.or.tz/,,,"TERNET, P.O. Box 95062, Kilimahewa Road, University of Dar es Salaam, Dar es Salaam, Tanzania",Dar es-Salam,,TZ,Tanzanie,Tanzania,-6.8160837,39.2803583,,https://www.communecter.org/upload/communecter/organizations/6a045ba8f9b5903c5307bd0a/faviconV2.png,https://www.communecter.org/upload/communecter/organizations/6a045ba8f9b5903c5307bd0a/medium/faviconV2.png,https://www.communecter.org/upload/communecter/organizations/6a045ba8f9b5903c5307bd0a/thumb/profil-resized.png,https://www.communecter.org/#@tanzaniaEducationAndResearchNetworkTernet,1778670504,1780035596
6a045b87f9b5903c5307bd04,Tanzania Industrial Research and Development Organization (TIRDO) - ICT Division,izationTirdoIctDivision,Laboratoires/recherche,Laboratoires /recherche,GovernmentOrganization,Sécurité Opérationnelle et Gouvernance (SOC),,,,,,https://www.tirdo.or.tz/,info@tirdo.or.tz,-0 2 66 85 89,"Tanzania Industrial Research and Development Organization, Kimweri Avenue, Msasani TIRDO Complex, P.O. Box 23235, Dar es Salaam, Tanzania",Dar es-Salam,,TZ,Tanzanie,Tanzania,-6.8160837,39.2803583,,https://www.communecter.org/upload/communecter/organizations/6a045b87f9b5903c5307bd04/faviconV2.png,https://www.communecter.org/upload/communecter/organizations/6a045b87f9b5903c5307bd04/medium/faviconV2.png,https://www.communecter.org/upload/communecter/organizations/6a045b87f9b5903c5307bd04/thumb/profil-resized.png,https://www.communecter.org/#@izationTirdoIctDivision,1778670471,1780035595
6a183228236a7a5de4298372,University of Melbourne - Academic Centre of Cyber Security Excellence,SecurityExcellence,Laboratoires/recherche,Laboratoires /recherche,GovernmentOrganization,,,,,,,https://cis.unimelb.edu.au/research/cyber-security-excellence,,,"The University of Melbourne, Parkville VIC 3010, Australia",Melbourne,,AU,Australie,Australia,-37.8142454,144.9631732,,,,,https://www.communecter.org/#@SecurityExcellence,1779970600,1779970600
6a183235236a7a5de429837b,University of Queensland Cyber Research Centre,universityOfQueenslandCyberResearchCentre,Laboratoires/recherche,Laboratoires /recherche,GovernmentOrganization,,,,,,,https://www.cyber.uq.edu.au/,,,"The University of Queensland, Brisbane QLD 4072, Australia",Brisbane City,,AU,Australie,Australia,-27.4689623,153.0235009,,,,,https://www.communecter.org/#@universityOfQueenslandCyberResearchCentre,1779970613,1779970614
6a1fd6731f8f4c51ec6439f5,Université d'Antananarivo - MISA / ESPA,universiteDantananarivoMisaEspa,Laboratoires/recherche,Laboratoires /recherche,GovernmentOrganization,,,,,,Acteur académique malgache cité dans le projet CYSOI.,https://www.auf.org/agenda/https-www-auf-org-nouvelles-agenda-cybersecurite-ocean-indien-regroupement-universites-entreprises/,,,"Antananarivo, Madagascar",Antananarivo,,MG,Madagascar,Madagasikara,-18.9211196,47.5537737,,https://www.communecter.org/upload/communecter/organizations/6a1fd6731f8f4c51ec6439f5/misa-antananarivo.png,https://www.communecter.org/upload/communecter/organizations/6a1fd6731f8f4c51ec6439f5/medium/misa-antananarivo.png,https://www.communecter.org/upload/communecter/organizations/6a1fd6731f8f4c51ec6439f5/thumb/profil-resized.png,https://www.communecter.org/#@universiteDantananarivoMisaEspa,1780471411,1780471412
6a18322f236a7a5de4298377,UNSW Institute for Cyber Security,unswInstituteForCyberSecurity,Laboratoires/recherche,Laboratoires /recherche,GovernmentOrganization,,,,,,,https://www.unsw.edu.au/research/ifcyber,,,"UNSW Sydney, NSW 2052, Australia",Sydney,2000,AU,Australie,Australia,-33.8698439,151.2082848,,,,,https://www.communecter.org/#@unswInstituteForCyberSecurity,1779970607,1779970607
6a1fd6601f8f4c51ec6439f0,École Nationale d'Informatique de Fianarantsoa,ecoleNationaleDinformatiqueDeFianarantsoa,Laboratoires/recherche,Laboratoires /recherche,GovernmentOrganization,,,,,,École nationale d’informatique impliquée dans l’écosystème cyber académique.,https://eni.mg/ ; https://www.auf.org/agenda/https-www-auf-org-nouvelles-agenda-cybersecurite-ocean-indien-regroupement-universites-entreprises/ ; https://www.facebook.com/cybseceni2023/,,,"Fianarantsoa, Madagascar",Fianarantsoa,,MG,Madagascar,Madagasikara,-21.4476039,47.0889244,,https://www.communecter.org/upload/communecter/organizations/6a1fd6601f8f4c51ec6439f0/cropped-cropped-ENIlogo-removebg-preview-1-57x57.png,https://www.communecter.org/upload/communecter/organizations/6a1fd6601f8f4c51ec6439f0/medium/cropped-cropped-ENIlogo-removebg-preview-1-57x57.png,https://www.communecter.org/upload/communecter/organizations/6a1fd6601f8f4c51ec6439f0/thumb/profil-resized.png,https://www.communecter.org/#@ecoleNationaleDinformatiqueDeFianarantsoa,1780471392,1780471393
698f520500e11f25da1a9408,Africa Cyber Defense Forum (ACDF) Academy,africaCyberDefenseForumAcdfAcademy,Organismes de formation,Organismes de formation,NGO,Formation gérée & compliance,Consultant GRC | Recherche cyber,,,,,,,,Karen Office Park,Nairobi,,KE,Kenya,Kenya,-1.3263153,36.7090002,Organismes de formation | Formation gérée & compliance | Consultant GRC | Recherche cyber | CISO training,https://www.communecter.org/upload/communecter/null/null/1771001506_pastedimage.png,https://www.communecter.org/upload/communecter/null/null/medium/1771001506_pastedimage.png,https://www.communecter.org/upload/communecter/null/null/thumb/1771001506_pastedimage.png,https://www.communecter.org/#@africaCyberDefenseForumAcdfAcademy,1771000402,1771001507
6a1fbb510a84015a02076c08,Africa Cyber Immersion Centre,africaCyberImmersionCentre,Organismes de formation,Organismes de formation,LocalBusiness,,,,,,Centre de formation/immersion lié à l'écosystème Serianu.,https://www.serianu.com/,,,"Nairobi, Kenya",Nairobi,,KE,Kenya,Kenya,-1.3015643,36.8128437,,https://www.communecter.org/upload/communecter/organizations/6a1fbb510a84015a02076c08/faviconV2.png,https://www.communecter.org/upload/communecter/organizations/6a1fbb510a84015a02076c08/medium/faviconV2.png,https://www.communecter.org/upload/communecter/organizations/6a1fbb510a84015a02076c08/thumb/profil-resized.png,https://www.communecter.org/#@africaCyberImmersionCentre,1780464465,1780464465
698f53edb13773159f3bcc30,Africa Nazarene University – Cybersecurity Centre,e107,Organismes de formation,Organismes de formation,NGO,Cyber courses & awareness,Analyste SOC | Cyber fundamentals,,,,,,,,,Ongata Rongai,,KE,Kenya,Kenya,-1.3959680,36.7520106,Organismes de formation | Cyber courses & awareness | Analyste SOC | Cyber fundamentals,https://www.communecter.org/upload/communecter/organizations/698f53edb13773159f3bcc30/pastedimage.png,https://www.communecter.org/upload/communecter/organizations/698f53edb13773159f3bcc30/medium/pastedimage.png,https://www.communecter.org/upload/communecter/organizations/698f53edb13773159f3bcc30/thumb/pastedimage.png,https://www.communecter.org/#@e107,1771000914,1771000915
6a1fbd1c3e008321fb4ca8bf,AITREC Cybersecurity Academy,aitrecCybersecurityAcademy,Organismes de formation,Organismes de formation,LocalBusiness,,,,,,Organisme de formation en cybersécurité et sécurité de l'information.,https://www.aitrec.co.ke/cybersecurity-training/,,,Kenya,Nairobi,,KE,Kenya,Kenya,-1.3122180,36.8068773,,https://www.communecter.org/upload/communecter/organizations/6a1fbd1c3e008321fb4ca8bf/faviconV2.png,https://www.communecter.org/upload/communecter/organizations/6a1fbd1c3e008321fb4ca8bf/medium/faviconV2.png,https://www.communecter.org/upload/communecter/organizations/6a1fbd1c3e008321fb4ca8bf/thumb/profil-resized.png,https://www.communecter.org/#@aitrecCybersecurityAcademy,1780464924,1780464924
698f4f8db874d87d99418543,AITREC Cybersecurity Training,aitrecCybersecurityTraining,Organismes de formation,Organismes de formation,NGO,Formation pro cyber,Analyste Forensic | Analyste SOC | Risk Management,,,,,https://www.aitrec.co.ke/,,,,Nairobi,,KE,Kenya,Kenya,-1.2890006,36.8172812,Organismes de formation | Formation pro cyber | Analyste Forensic | Analyste SOC | Risk Management,https://www.communecter.org/upload/communecter/organizations/698f4f8db874d87d99418543/pastedimage.png,https://www.communecter.org/upload/communecter/organizations/698f4f8db874d87d99418543/medium/pastedimage.png,https://www.communecter.org/upload/communecter/organizations/698f4f8db874d87d99418543/thumb/pastedimage.png,https://www.communecter.org/#@aitrecCybersecurityTraining,1770999827,1770999827
6a194745653b0613cb558db9,Amrita Center for Cybersecurity Systems and Networks,,Organismes de formation,Organismes de formation,,,,,,,"Centre universitaire de recherche et formation en cybersécurité, sécurité des réseaux, systèmes et technologies de confiance.",https://amrita.edu,,,"Amrita Vishwa Vidyapeetham, Amritapuri Campus, Clappana P.O., Kollam 690525, Kerala, India",Kollam,,IN,Inde,India,8.8870533,76.5906696,,https://www.communecter.org/upload/communecter/organizations/6a194745653b0613cb558db9/faviconV2.png,https://www.communecter.org/upload/communecter/organizations/6a194745653b0613cb558db9/medium/faviconV2.png,https://www.communecter.org/upload/communecter/organizations/6a194745653b0613cb558db9/thumb/profil-resized.png,,1780041541,1780048573
6a1946e9b9951407830133f0,C3iHub - IIT Kanpur,c3ihubIitKanpur,Organismes de formation,Organismes de formation,,,,,,,"Hub technologique de l’IIT Kanpur consacré à la cybersécurité des systèmes cyber-physiques, à la recherche, aux startups et à la formation.",https://c3ihub.org,,,"C3iHub, IIT Kanpur, Kanpur 208016, Uttar Pradesh, India",Kanpur,,IN,Inde,India,26.4609135,80.3217588,,https://www.communecter.org/upload/communecter/organizations/6a1946e9b9951407830133f0/1780048566_faviconV2.png,https://www.communecter.org/upload/communecter/organizations/6a1946e9b9951407830133f0/medium/1780048566_faviconV2.png,https://www.communecter.org/upload/communecter/organizations/6a1946e9b9951407830133f0/thumb/profil-resized.png,https://www.communecter.org/#@c3ihubIitKanpur,1780041449,1780048566
698ee3a164c78710f505fce0,CICRA Campus,cicraCampus,Organismes de formation,Organismes de formation,LocalBusiness,Sécurité Opérationnelle et Gouvernance (SOC),Analyste SOC | Auditeur de sécurité,,,,,https://cicra.edu.lk/,info@cicra.lk,+94 710 600 800 | +94 112 596 200,"No 245, Srimath Anagarika Dharmapala Mawatha, Colombo 07, Sri Lanka",Colombo,,LK,Sri Lanka,Sri Lanka,6.9388614,79.8542005,Organismes de formation | Sécurité Opérationnelle et Gouvernance (SOC) | Analyste SOC | Auditeur de sécurité,https://www.communecter.org/upload/communecter/organizations/698ee3a164c78710f505fce0/pastedimage.png,https://www.communecter.org/upload/communecter/organizations/698ee3a164c78710f505fce0/medium/pastedimage.png,https://www.communecter.org/upload/communecter/organizations/698ee3a164c78710f505fce0/thumb/pastedimage.png,https://www.communecter.org/#@cicraCampus,1770972672,1779954690
698f0964064f8224fe1561e8,Clique College,clickCollege,Organismes de formation,Organismes de formation | Sécurité des postes | Sécurité des Postes et Mobiles | Architecte Sécurité,NGO,Sécurité des Postes et Mobiles | Sécurité des postes | Architecte Sécurité,Architecte Sécurité,,,,,https://www.cliquecollege.edu.mv/,,,"3rd Floor, M. Uthuruvehi, Keneree Magu,",Malé,,MV,Maldives,Maldives,4.1772202,73.5087686,Organismes de formation | Sécurité des postes | Sécurité des Postes et Mobiles | Architecte Sécurité,https://www.communecter.org/upload/communecter/organizations/698f0964064f8224fe1561e8/pastedimage.png,https://www.communecter.org/upload/communecter/organizations/698f0964064f8224fe1561e8/medium/pastedimage.png,https://www.communecter.org/upload/communecter/organizations/698f0964064f8224fe1561e8/thumb/pastedimage.png,https://www.communecter.org/#@clickCollege,1770981852,1770989488
6a045bdcac507d049830b2b7,Cyber Security Club,cyberSecurityClub,Organismes de formation,Organismes de formation,NGO,Sécurité Opérationnelle et Gouvernance (SOC),,,,,,https://cyberclub.pages.dev/,,,"Dar es Salaam, Tanzania",Dar es-Salam,,TZ,Tanzanie,Tanzania,-6.8160837,39.2803583,,,,,https://www.communecter.org/#@cyberSecurityClub,1778670556,1780035600
698f1b7b6af801792369aab8,Cyber Security Council of India,cyberSecurityCouncilOfIndia,Organismes de formation,Organismes de formation,NGO,Certifications cyber,Analyste SOC | Pentester,,,,,https://cybercouncilofindia.com/,,797451186,Chhattisgarh,Raipur,,IN,Inde,India,21.2464255,81.6621809,Organismes de formation | Certifications cyber | Analyste SOC | Pentester,https://www.communecter.org/upload/communecter/organizations/698f1b7b6af801792369aab8/pastedimage.png,https://www.communecter.org/upload/communecter/organizations/698f1b7b6af801792369aab8/medium/pastedimage.png,https://www.communecter.org/upload/communecter/organizations/698f1b7b6af801792369aab8/thumb/pastedimage.png,https://www.communecter.org/#@cyberSecurityCouncilOfIndia,1770986615,1770986615
698f54bbb874d87d994185e4,CyberSOC Africa,cybersocAfrica,Organismes de formation,Organismes de formation,NGO,Sécurité Opérationnelle et Gouvernance (SOC) | SOC & hands-on labs,Analyste SOC | Incident Responder,,,,,https://cybersocafrica.com/,,,Parklands,Nairobi,,KE,Kenya,Kenya,-1.2630616,36.8106288,Organismes de formation | Sécurité Opérationnelle et Gouvernance (SOC) | SOC & hands-on labs | Analyste SOC | Incident Responder,https://www.communecter.org/upload/communecter/null/null/1771001552_pastedimage.png,https://www.communecter.org/upload/communecter/null/null/medium/1771001552_pastedimage.png,https://www.communecter.org/upload/communecter/null/null/thumb/1771001552_pastedimage.png,https://www.communecter.org/#@cybersocAfrica,1771001063,1771001553
698ed5dc89c4e322fb6652b7,Dar es Salaam Institute of Technology,darEsSalaamInstituteOfTechnology,Organismes de formation,Organismes de formation,NGO,Cybersécurité Offensive (Pentest) | Sécurité Réseau,Développeur Sécurisé (DevSecOps) | Architecte Sécurité,,,,,https://dit.ac.tz/,,+255 22 215 0174,Morogoro,Dar es-Salam,,TZ,Tanzanie,Tanzanie,-6.8277696,39.2638764,Organismes de formation | Cybersécurité Offensive (Pentest) | Sécurité Réseau | Développeur Sécurisé (DevSecOps) | Architecte Sécurité,https://www.communecter.org/upload/communecter/organizations/698ed5dc89c4e322fb6652b7/pastedimage.png,https://www.communecter.org/upload/communecter/organizations/698ed5dc89c4e322fb6652b7/medium/pastedimage.png,https://www.communecter.org/upload/communecter/organizations/698ed5dc89c4e322fb6652b7/thumb/pastedimage.png,https://www.communecter.org/#@darEsSalaamInstituteOfTechnology,1770968661,1770989540
6a045b5ef9b5903c5307bcff,Dar es Salaam Tumaini University - Cyber Security Center,center,Organismes de formation,Organismes de formation,GovernmentOrganization,Sécurité Opérationnelle et Gouvernance (SOC),,,,,,https://dartu.ac.tz/,,,"The Vice Chancellor, Dar es Salaam Tumaini University, P.O. Box 77588, Dar es Salaam, Tanzania",Dar es-Salam,,TZ,Tanzanie,Tanzania,-6.8160837,39.2803583,,https://www.communecter.org/upload/communecter/organizations/6a045b5ef9b5903c5307bcff/faviconV2.png,https://www.communecter.org/upload/communecter/organizations/6a045b5ef9b5903c5307bcff/medium/faviconV2.png,https://www.communecter.org/upload/communecter/organizations/6a045b5ef9b5903c5307bcff/thumb/profil-resized.png,https://www.communecter.org/#@center,1778670430,1780035592
698ef1ec63cae62cc861dc28,ESOFT Metro Campus,esoftMetroCampus,Organismes de formation,Organismes de formation,NGO,Sécurité Réseau,Analyste Forensic,,,,,https://esoft.lk/,,+94 117 572 572,"ESOFT Metro Campus No.03,De Fonseka Place",Colombo,,LK,Sri Lanka,Sri Lanka,6.8886574,79.8580610,Organismes de formation | Sécurité Réseau | Analyste Forensic,https://www.communecter.org/upload/communecter/organizations/698ef1ec63cae62cc861dc28/pastedimage.png,https://www.communecter.org/upload/communecter/organizations/698ef1ec63cae62cc861dc28/medium/pastedimage.png,https://www.communecter.org/upload/communecter/organizations/698ef1ec63cae62cc861dc28/thumb/pastedimage.png,https://www.communecter.org/#@esoftMetroCampus,1770975894,1770989502
698f2ed698c09a257604c344,Haute École d'Informatique (HEI),hauteEcoleDinformatiqueHei,Organismes de formation,Organismes de formation,NGO,"Sécurité Réseau,Sécurité Cloud | Sécurité des postes",Analyste SOC | Architecte Sécurité | Pentester,,,,,https://hei.school/,,+261 34 94 041 16,II J 161 R Ambodivoanjo Ivandry,Antananarivo,,MG,Madagascar,Madagascar,-18.8758484,47.5236374,Organismes de formation | Sécurité Réseau | Sécurité Cloud | Sécurité des postes | Analyste SOC | Architecte Sécurité | Pentester,https://www.communecter.org/upload/communecter/organizations/698f2ed698c09a257604c344/pastedimage.png,https://www.communecter.org/upload/communecter/organizations/698f2ed698c09a257604c344/medium/pastedimage.png,https://www.communecter.org/upload/communecter/organizations/698f2ed698c09a257604c344/thumb/pastedimage.png,https://www.communecter.org/#@hauteEcoleDinformatiqueHei,1770991488,1771186109
6a1962c5cc64c54013236f7c,IIIT-Delhi Centre for Cyber Security,iiitdelhiCentreForCyberSecurity,Organismes de formation,Organismes de formation,,,,,,,"Centre académique de l’IIIT-Delhi dédié à la recherche, l’enseignement et l’innovation en sécurité informatique et cybersécurité.",https://iiitd.ac.in,,,"Indraprastha Institute of Information Technology Delhi, Okhla Industrial Estate, Phase III, New Delhi 110020, India",New Delhi,,IN,Inde,India,28.6138954,77.2090057,,https://www.communecter.org/upload/communecter/organizations/6a1962c5cc64c54013236f7c/faviconV2.png,https://www.communecter.org/upload/communecter/organizations/6a1962c5cc64c54013236f7c/medium/faviconV2.png,https://www.communecter.org/upload/communecter/organizations/6a1962c5cc64c54013236f7c/thumb/profil-resized.png,https://www.communecter.org/#@iiitdelhiCentreForCyberSecurity,1780048581,1780048581
6a1962e0cc64c54013236f86,IIT Bombay Trust Lab / Cybersecurity research,iitBombayTrustLabCybersecurityResearch,Organismes de formation,Organismes de formation,,,,,,,"Activités de recherche de l’IIT Bombay sur la confiance numérique, la sécurité des systèmes, la cryptographie et la cybersécurité.",https://iitb.ac.in,,,"Indian Institute of Technology Bombay, Powai, Mumbai 400076, Maharashtra, India",Mumbai,,IN,Inde,India,19.0549990,72.8692035,,https://www.communecter.org/upload/communecter/organizations/6a1962e0cc64c54013236f86/faviconV2.png,https://www.communecter.org/upload/communecter/organizations/6a1962e0cc64c54013236f86/medium/faviconV2.png,https://www.communecter.org/upload/communecter/organizations/6a1962e0cc64c54013236f86/thumb/profil-resized.png,https://www.communecter.org/#@iitBombayTrustLabCybersecurityResearch,1780048608,1780048609
6a1962d1cc64c54013236f81,IIT Delhi - Cybersecurity Education and Research Centre,entre,Organismes de formation,Organismes de formation,,,,,,,"Centre de l’IIT Delhi orienté recherche, enseignement et collaborations industrielles en cybersécurité et sécurité des systèmes.",https://iitd.ac.in,,,"Indian Institute of Technology Delhi, Hauz Khas, New Delhi 110016, India",New Delhi,,IN,Inde,India,28.6138954,77.2090057,,https://www.communecter.org/upload/communecter/organizations/6a1962d1cc64c54013236f81/faviconV2.png,https://www.communecter.org/upload/communecter/organizations/6a1962d1cc64c54013236f81/medium/faviconV2.png,https://www.communecter.org/upload/communecter/organizations/6a1962d1cc64c54013236f81/thumb/profil-resized.png,https://www.communecter.org/#@entre,1780048593,1780048593
6a19473ab9951407830133f7,IITM Pravartak Technologies Foundation,iitmPravartakTechnologiesFoundation,Organismes de formation,Organismes de formation,,,,,,,"Fondation technologique de l’IIT Madras soutenant innovation, formation et recherche appliquée, notamment en cybersécurité et technologies numériques.",https://pravartak.org.in,,,"3rd Floor, IIT Madras Research Park, Kanagam Road, Taramani, Chennai 600113, Tamil Nadu, India",Chennai,,IN,Inde,India,13.0836939,80.2701860,,https://www.communecter.org/upload/communecter/organizations/6a19473ab9951407830133f7/1780048569_faviconV2.png,https://www.communecter.org/upload/communecter/organizations/6a19473ab9951407830133f7/medium/1780048569_faviconV2.png,https://www.communecter.org/upload/communecter/organizations/6a19473ab9951407830133f7/thumb/profil-resized.png,https://www.communecter.org/#@iitmPravartakTechnologiesFoundation,1780041530,1780048569
69922098715b270e65440330,Institut Supérieur Polytechnique de Madagascar (ISPM),spm,Organismes de formation,Organismes de formation | Sécurité Réseau | Sécurité Cloud | Sécurité des Applications | Sécurité Opérationnelle et Gouvernance (SOC) | Audit/Conseil et Conformité | Sécurité de l'IdO (IoT) | Architecte Sécurité | Analyste SOC | Auditeur de sécurité,NGO,"Sécurité Réseau,Sécurité Cloud,Sécurité des Applications,Sécurité Opérationnelle et Gouvernance (SOC),Audit/Conseil et Conformité,Sécurité de l'IdO (IoT) | Sécurité Réseau | Sécurité Cloud | Sécurité des Applications | Sécurité Opérationnelle et Gouvernance (SOC) | Audit/Conseil et Conformité | Sécurité de l'IdO (IoT) | Architecte Sécurité | Analyste SOC | Auditeur de sécurité","Architecte Sécurité,Analyste SOC,Auditeur de sécurité",,,,,https://ispm-edu.com/,,+261 34 20 874 28,"Ambatomaro Antsobolo, BP 3251",Antananarivo,,MG,Madagascar,Madagascar,-18.9007445,47.5630467,Organismes de formation | Sécurité Réseau | Sécurité Cloud | Sécurité des Applications | Sécurité Opérationnelle et Gouvernance (SOC) | Audit/Conseil et Conformité | Sécurité de l'IdO (IoT) | Architecte Sécurité | Analyste SOC | Auditeur de sécurité,https://www.communecter.org/upload/communecter/organizations/69922098715b270e65440330/pastedimage.png,https://www.communecter.org/upload/communecter/organizations/69922098715b270e65440330/medium/pastedimage.png,https://www.communecter.org/upload/communecter/organizations/69922098715b270e65440330/thumb/pastedimage.png,https://www.communecter.org/#@spm,1771185014,1771229930
6a19460aacc42e5a5c5e91c4,Institute for Development and Research in Banking Technology,technology,Organismes de formation,Organismes de formation,,,,,,,"Institut de recherche bancaire travaillant sur les technologies financières, la sécurité, les paiements, la blockchain et les systèmes bancaires.",https://idrbt.ac.in,,,"Castle Hills, Road No. 1, Masab Tank, Hyderabad 500057, Telangana, India",Hyderabad,,IN,Inde,India,17.3605890,78.4740613,,https://www.communecter.org/upload/communecter/organizations/6a19460aacc42e5a5c5e91c4/1780048541_faviconV2.png,https://www.communecter.org/upload/communecter/organizations/6a19460aacc42e5a5c5e91c4/medium/1780048541_faviconV2.png,https://www.communecter.org/upload/communecter/organizations/6a19460aacc42e5a5c5e91c4/thumb/profil-resized.png,https://www.communecter.org/#@technology,1780041226,1780048540
698f347c9e61de21486bf837,IT University,itUniversity,Organismes de formation,Organismes de formation,NGO,Sécurité Réseau | Sécurité des Applications,"Architecte Sécurité,Développeur Sécurisé (DevSecOps)",,,,,https://www.ituniversity-mg.com/,,034 05 300 32,Andoharanofotsy,Antananarivo,,MG,Madagascar,Madagascar,-18.9790181,47.5333348,Organismes de formation | Sécurité Réseau | Sécurité des Applications | Architecte Sécurité | Développeur Sécurisé (DevSecOps),https://www.communecter.org/upload/communecter/organizations/698f347c9e61de21486bf837/pastedimage.png,https://www.communecter.org/upload/communecter/organizations/698f347c9e61de21486bf837/medium/pastedimage.png,https://www.communecter.org/upload/communecter/organizations/698f347c9e61de21486bf837/thumb/pastedimage.png,https://www.communecter.org/#@itUniversity,1770992863,1770992863
698f50230e5a1863e473b077,KCA Cybersecurity Club,kcaCybersecurityClub,Organismes de formation,Organismes de formation,NGO,Workshops | Red/blue team,Pentesting | SOC basics,,,,,,,+254 20 200 6600,Thika Road,Nairobi,,KE,Kenya,Kenya,-1.1906582,36.9289375,Organismes de formation | Workshops | Red/blue team | Pentesting | SOC basics,,,,https://www.communecter.org/#@kcaCybersecurityClub,1770999973,1770999973
698f53790e5a1863e473b0ba,Kenya School of Government – Cyber Division,kenyaSchoolOfGovernmentCyberDivision,Organismes de formation,Organismes de formation,NGO,Cyber governance & policy,Security policy | Consultant GRC,,,,,,,,,Nairobi,,KE,Kenya,Kenya,-1.2890006,36.8172812,Organismes de formation | Cyber governance & policy | Security policy | Consultant GRC,https://www.communecter.org/upload/communecter/organizations/698f53790e5a1863e473b0ba/pastedimage.png,https://www.communecter.org/upload/communecter/organizations/698f53790e5a1863e473b0ba/medium/pastedimage.png,https://www.communecter.org/upload/communecter/organizations/698f53790e5a1863e473b0ba/thumb/profil-resized.png,https://www.communecter.org/#@kenyaSchoolOfGovernmentCyberDivision,1771000743,1771000797
6a17f5d99bcf4377536c4490,Middlesex University Mauritius - Cyber Security and Digital Forensics,dDigitalForensics,Organismes de formation,Organismes de formation,LocalBusiness,,,,,,Campus universitaire proposant des formations cybersécurité/forensics.,https://www.middlesex.mu/study/courses/undergraduate/cyber-security-and-digital-forensics-bsc-honours/,,,,Port-Louis,,MU,Maurice,Mauritius,-20.1637281,57.5045331,,https://www.communecter.org/upload/communecter/organizations/6a17f5d99bcf4377536c4490/MDX-MRU.png,https://www.communecter.org/upload/communecter/organizations/6a17f5d99bcf4377536c4490/medium/MDX-MRU.png,https://www.communecter.org/upload/communecter/organizations/6a17f5d99bcf4377536c4490/thumb/profil-resized.png,https://www.communecter.org/#@dDigitalForensics,1779955161,1779955161
698f322e9e61de21486bf812,MIT (Université d’Antananarivo),mitUniversiteDantananarivo,Organismes de formation,Organismes de formation,NGO,Sécurité Réseau,Analyste Forensic,,,,,http://mit.univ-antananarivo.mg/,,+261) 34 53 140 38,"Université d’Antananarivo ,ankatso",Antananarivo,,MG,Madagascar,Madagascar,-18.915162447068255,47.552701234817505,Organismes de formation | Sécurité Réseau | Analyste Forensic,https://www.communecter.org/upload/communecter/organizations/698f322e9e61de21486bf812/pastedimage.png,https://www.communecter.org/upload/communecter/organizations/698f322e9e61de21486bf812/medium/pastedimage.png,https://www.communecter.org/upload/communecter/organizations/698f322e9e61de21486bf812/thumb/pastedimage.png,https://www.communecter.org/#@mitUniversiteDantananarivo,1770992570,1770992570
6a1fbd4c5479565a286b3f10,Moringa School,moringaSchool,Organismes de formation,Organismes de formation,LocalBusiness,,,,,,Organisme de formation numérique pouvant contribuer au vivier de compétences cyber.,https://moringaschool.com/,,,"Nairobi, Kenya",Nairobi,,KE,Kenya,Kenya,-1.3015643,36.8128437,,https://www.communecter.org/upload/communecter/organizations/6a1fbd4c5479565a286b3f10/faviconV2.png,https://www.communecter.org/upload/communecter/organizations/6a1fbd4c5479565a286b3f10/medium/faviconV2.png,https://www.communecter.org/upload/communecter/organizations/6a1fbd4c5479565a286b3f10/thumb/profil-resized.png,https://www.communecter.org/#@moringaSchool,1780464972,1780464973
6a1979014a20e6669b2e8073,NobleProg Maldives - Cyber Security Training,nobleprogMaldivesCyberSecurityTraining,Organismes de formation,Organismes de formation,LocalBusiness,,,,,,Organisme international de formation proposant des cours cybersécurité en ligne ou sur site aux Maldives.,https://www.nobleprog.in/cybersecurity/training/maldives,,,,Malé,,MV,Maldives,Maldives,4.1779879,73.5107387,,https://www.communecter.org/upload/communecter/organizations/6a1979014a20e6669b2e8073/faviconV2.png,https://www.communecter.org/upload/communecter/organizations/6a1979014a20e6669b2e8073/medium/faviconV2.png,https://www.communecter.org/upload/communecter/organizations/6a1979014a20e6669b2e8073/thumb/profil-resized.png,https://www.communecter.org/#@nobleprogMaldivesCyberSecurityTraining,1780054273,1780054273
6a1965e592df61291f181855,NotSoSecure,notsosecure,Organismes de formation,Organismes de formation,,,,,,,"Société spécialisée en sécurité offensive, tests d’intrusion, audits applicatifs, recherche de vulnérabilités et formation technique.",https://notsosecure.com,,,,,,,,,,,,https://www.communecter.org/upload/communecter/organizations/6a1965e592df61291f181855/faviconV2.png,https://www.communecter.org/upload/communecter/organizations/6a1965e592df61291f181855/medium/faviconV2.png,https://www.communecter.org/upload/communecter/organizations/6a1965e592df61291f181855/thumb/profil-resized.png,https://www.communecter.org/#@notsosecure,1780049381,1780049381
698eed5923caf47d2c7d09e9,NSBM Green University,nsbmGreenUniversity,Organismes de formation,Organismes de formation,NGO,Sécurité des Applications,Développeur Sécurisé (DevSecOps),,,,,https://www.nsbm.ac.lk/,,+94 11 544 5000,"Mahenwaththa, Pitipana",Homagama,,LK,Sri Lanka,Sri Lanka,6.8380777,80.0242209,Organismes de formation | Sécurité des Applications | Développeur Sécurisé (DevSecOps),https://www.communecter.org/upload/communecter/organizations/698eed5923caf47d2c7d09e9/pastedimage.png,https://www.communecter.org/upload/communecter/organizations/698eed5923caf47d2c7d09e9/medium/pastedimage.png,https://www.communecter.org/upload/communecter/organizations/698eed5923caf47d2c7d09e9/thumb/pastedimage.png,https://www.communecter.org/#@nsbmGreenUniversity,1770974689,1770989509
6a1965e092df61291f181850,Payatu,payatu,Organismes de formation,Organismes de formation,,,,,,,"Société spécialisée en sécurité offensive, tests d’intrusion, audits applicatifs, recherche de vulnérabilités et formation technique.",https://payatu.com,,,,,,,,,,,,https://www.communecter.org/upload/communecter/organizations/6a1965e092df61291f181850/faviconV2.png,https://www.communecter.org/upload/communecter/organizations/6a1965e092df61291f181850/medium/faviconV2.png,https://www.communecter.org/upload/communecter/organizations/6a1965e092df61291f181850/thumb/profil-resized.png,https://www.communecter.org/#@payatu,1780049376,1780049376
6a19660492df61291f18186f,Pristine InfoSolutions,pristineInfosolutions,Organismes de formation,Organismes de formation,,,,,,,"Organisation intervenant dans l’écosystème indien de cybersécurité : services, conseil, formation, innovation ou appui à la sécurité numérique.",https://pristineinfosolutions.com,,,"306, Damji Shamji Corporate Square, Ghatkopar East, Mumbai 400077, Maharashtra, India",Mumbai,,IN,Inde,India,19.0549990,72.8692035,,https://www.communecter.org/upload/communecter/organizations/6a19660492df61291f18186f/faviconV2.png,https://www.communecter.org/upload/communecter/organizations/6a19660492df61291f18186f/medium/faviconV2.png,https://www.communecter.org/upload/communecter/organizations/6a19660492df61291f18186f/thumb/profil-resized.png,https://www.communecter.org/#@pristineInfosolutions,1780049412,1780049412
698f125d07e48d220f76d45c,Seychelles Institute of Technology (SIT),seychellesInstituteOfTechnologySit,Organismes de formation,Organismes de formation,NGO,Sécurité des postes | Sécurité Réseau,Architecte Sécurité,,,,,https://sit.sc/,,+248 4292750,"Industrial Estate, P.O. BOX 48",Providence Atoll,,SC,Seychelles,Seychelles,-9.2257280,51.0312458,Organismes de formation | Sécurité des postes | Sécurité Réseau | Architecte Sécurité,https://www.communecter.org/upload/communecter/organizations/698f125d07e48d220f76d45c/pastedimage.png,https://www.communecter.org/upload/communecter/organizations/698f125d07e48d220f76d45c/medium/pastedimage.png,https://www.communecter.org/upload/communecter/organizations/698f125d07e48d220f76d45c/thumb/pastedimage.png,https://www.communecter.org/#@seychellesInstituteOfTechnologySit,1770984143,1770989486
698f307a98c09a257604c36f,SGS – Formations cybersécurité,sgsFormationsCybersecurite,Organismes de formation,Organismes de formation,NGO,Cybersécurité Offensive (Pentest) | Smart Card security | Mobile payment cybersecurity,Mobile Payment security,,,,,https://www.sgs.com/en-mz/services/cyber-security-training-and-personal-certification,,+258 21 728 090,"Av. Namaacha, km 1.5",Maputo,,MZ,Mozambique,Mozambique,-25.9408613,32.5360008,Organismes de formation | Cybersécurité Offensive (Pentest) | Smart Card security | Mobile payment cybersecurity | Mobile Payment security,https://www.communecter.org/upload/communecter/organizations/698f307a98c09a257604c36f/pastedimage.png,https://www.communecter.org/upload/communecter/organizations/698f307a98c09a257604c36f/medium/pastedimage.png,https://www.communecter.org/upload/communecter/organizations/698f307a98c09a257604c36f/thumb/pastedimage.png,https://www.communecter.org/#@sgsFormationsCybersecurite,1770991846,1770992023
6a1fbd0b3e008321fb4ca8ba,SheHacks KE,shehacksKe,Organismes de formation,Organismes de formation,LocalBusiness,,,,,,Communauté kenyane dédiée à la promotion des femmes dans la cybersécurité.,https://shehackske.com/,,,Kenya,Nairobi,,KE,Kenya,Kenya,-1.3122180,36.8068773,,https://www.communecter.org/upload/communecter/organizations/6a1fbd0b3e008321fb4ca8ba/faviconV2.png,https://www.communecter.org/upload/communecter/organizations/6a1fbd0b3e008321fb4ca8ba/medium/faviconV2.png,https://www.communecter.org/upload/communecter/organizations/6a1fbd0b3e008321fb4ca8ba/thumb/profil-resized.png,https://www.communecter.org/#@shehacksKe,1780464907,1780464908
6a1fbd605479565a286b3f15,Smart Academy Kenya - Cybersecurity Training,smartAcademyKenyaCybersecurityTraining,Organismes de formation,Organismes de formation,GovernmentOrganization,,,,,,Programme de formation/sensibilisation cybersécurité destiné aux citoyens.,https://www.smartacademy.go.ke/cybersecurity-training-all-citizens/,,,Kenya,Nairobi,,KE,Kenya,Kenya,-1.3122180,36.8068773,,https://www.communecter.org/upload/communecter/organizations/6a1fbd605479565a286b3f15/faviconV2.png,https://www.communecter.org/upload/communecter/organizations/6a1fbd605479565a286b3f15/medium/faviconV2.png,https://www.communecter.org/upload/communecter/organizations/6a1fbd605479565a286b3f15/thumb/profil-resized.png,https://www.communecter.org/#@smartAcademyKenyaCybersecurityTraining,1780464992,1780464993
6996ab4161d3fe7e3c0b276e,TAFE NSW,tafeNsw,Organismes de formation,Organismes de formation | Diplômes IT & cybersécurité | Analyste SOC | Pentester Junior,NGO,Diplômes IT & cybersécurité | Analyste SOC | Pentester Junior,Analyste SOC | Pentester Junior,,,,,https://www.tafensw.edu.au/,,,51 Wentworth Rd,Wentworth,,AU,Australie,Australia,-37.3260602,147.5075663,Organismes de formation | Diplômes IT & cybersécurité | Analyste SOC | Pentester Junior,https://www.communecter.org/upload/communecter/organizations/6996ab4161d3fe7e3c0b276e/pastedimage.png,https://www.communecter.org/upload/communecter/organizations/6996ab4161d3fe7e3c0b276e/medium/pastedimage.png,https://www.communecter.org/upload/communecter/organizations/6996ab4161d3fe7e3c0b276e/thumb/pastedimage.png,https://www.communecter.org/#@tafeNsw,1771482184,1771482185
6a045b2ef9b5903c5307bcfa,Tanzania Cyber Academy,tanzaniaCyberAcademy,Organismes de formation,Organismes de formation,LocalBusiness,Sécurité Opérationnelle et Gouvernance (SOC),,,,,,https://www.tca.ac.tz/,,,,,,,,,,,,https://www.communecter.org/upload/communecter/organizations/6a045b2ef9b5903c5307bcfa/faviconV2.jpg,https://www.communecter.org/upload/communecter/organizations/6a045b2ef9b5903c5307bcfa/medium/faviconV2.jpg,https://www.communecter.org/upload/communecter/organizations/6a045b2ef9b5903c5307bcfa/thumb/profil-resized.png,https://www.communecter.org/#@tanzaniaCyberAcademy,1778670382,1780035590
698f52fab874d87d99418580,Techno Brain ICT Training,technoBrainIctTraining,Organismes de formation,Organismes de formation,NGO,Formation IT & cyber basics,"Junior Analyst,Cert basics",,,,,,,,,Nairobi,,KE,Kenya,Kenya,-1.2890006,36.8172812,Organismes de formation | Formation IT & cyber basics | Junior Analyst | Cert basics,https://www.communecter.org/upload/communecter/organizations/698f533900e11f25da1a9446/pastedimage.png,https://www.communecter.org/upload/communecter/organizations/698f533900e11f25da1a9446/medium/pastedimage.png,https://www.communecter.org/upload/communecter/organizations/698f533900e11f25da1a9446/thumb/pastedimage.png,https://www.communecter.org/#@technoBrainIctTraining,1771000614,1771000674
698f143c5c4a1c145f1f8eae,The Guy Morel Institute (TGMI),theGuyMorelInstituteTgmi,Organismes de formation,Organismes de formation,NGO,Audit/Conseil et Conformité,"Consultant GRC,RSSI (CISO) | Auditeur de sécurité",,,,,https://www.tgmi.edu.sc/,,+248 4 381 300,Ma Joie,Mahé,,SC,Seychelles,Seychelles,-4.6803697,55.4823125,Organismes de formation | Audit/Conseil et Conformité | Consultant GRC | RSSI (CISO) | Auditeur de sécurité,https://www.communecter.org/upload/communecter/organizations/698f143c5c4a1c145f1f8eae/pastedimage.png,https://www.communecter.org/upload/communecter/organizations/698f143c5c4a1c145f1f8eae/medium/pastedimage.png,https://www.communecter.org/upload/communecter/organizations/698f143c5c4a1c145f1f8eae/thumb/pastedimage.png,https://www.communecter.org/#@theGuyMorelInstituteTgmi,1770984823,1770989484
698ef716191b832a2f5ba71c,The Maldives National University,theMaldivesNationalUniversity,Organismes de formation,Organismes de formation,NGO,"Sécurité Opérationnelle et Gouvernance (SOC),Sécurité Réseau",Auditeur de sécurité | Architecte Sécurité,,,,,https://mnu.edu.mv/,,,"Rahdhebai Higun, Machangolhi",Malé,,MV,Maldives,Maldives,4.1779879,73.5107387,Organismes de formation | Sécurité Opérationnelle et Gouvernance (SOC) | Sécurité Réseau | Auditeur de sécurité | Architecte Sécurité,https://www.communecter.org/upload/communecter/organizations/698ef716191b832a2f5ba71c/pastedimage.png,https://www.communecter.org/upload/communecter/organizations/698ef716191b832a2f5ba71c/medium/pastedimage.png,https://www.communecter.org/upload/communecter/organizations/698ef716191b832a2f5ba71c/thumb/pastedimage.png,https://www.communecter.org/#@theMaldivesNationalUniversity,1770977650,1770989490
6a045c38188c8b6a1255c2bb,The Open University of Tanzania,theOpenUniversityOfTanzania,Organismes de formation,Organismes de formation,GovernmentOrganization,Sécurité Opérationnelle et Gouvernance (SOC),,,,,,https://www.out.ac.tz/,vc@out.ac.tz,,"The Open University of Tanzania, P.O. Box 23409, Kinondoni, Dar es Salaam, Tanzania",Dar es-Salam,,TZ,Tanzanie,Tanzania,-6.8160837,39.2803583,,https://www.communecter.org/upload/communecter/organizations/6a045c38188c8b6a1255c2bb/faviconV2.png,https://www.communecter.org/upload/communecter/organizations/6a045c38188c8b6a1255c2bb/medium/faviconV2.png,https://www.communecter.org/upload/communecter/organizations/6a045c38188c8b6a1255c2bb/thumb/profil-resized.png,https://www.communecter.org/#@theOpenUniversityOfTanzania,1778670648,1780035608
6a045bc4ac507d049830b2b2,Unique Academy Tanzania,uniqueAcademyTanzania,Organismes de formation,Organismes de formation,LocalBusiness,Sécurité Opérationnelle et Gouvernance (SOC),,,,,,https://unique.ac.tz/,,,"Plot #254 Alykhan Road, Upanga, Dar es Salaam, Tanzania",Dar es-Salam,,TZ,Tanzanie,Tanzania,-6.8160837,39.2803583,,https://www.communecter.org/upload/communecter/organizations/6a045bc4ac507d049830b2b2/faviconV2.jpg,https://www.communecter.org/upload/communecter/organizations/6a045bc4ac507d049830b2b2/medium/faviconV2.jpg,https://www.communecter.org/upload/communecter/organizations/6a045bc4ac507d049830b2b2/thumb/profil-resized.png,https://www.communecter.org/#@uniqueAcademyTanzania,1778670532,1780035598
698ee8a55251261f19003419,University of Cape Town,universityOfCapeTown,Organismes de formation,Organismes de formation,NGO,Sécurité Réseau | Sécurité Cloud,Ingénieur Sécurité Cloud | Développeur Sécurisé (DevSecOps),,,,,https://www.uct.ac.za/,,+27 (0)21 650 9111,"Private Bag X3, Rondebosch 7701",Cape Town,8001,ZA,Afrique du Sud,Afrique du Sud,-33.928120867507204,18.427312374114994,Organismes de formation | Sécurité Réseau | Sécurité des postes | Sécurité Cloud | Ingénieur Sécurité Cloud | Développeur Sécurisé (DevSecOps),https://www.communecter.org/upload/communecter/organizations/698ee8a55251261f19003419/1770973403_pastedimage.png,https://www.communecter.org/upload/communecter/organizations/698ee8a55251261f19003419/medium/1770973403_pastedimage.png,https://www.communecter.org/upload/communecter/organizations/698ee8a55251261f19003419/thumb/1770973403_pastedimage.png,https://www.communecter.org/#@universityOfCapeTown,1770973453,1770989514
698f20ada147ad56432d59be,University of Dar es Salaam (UDSM),universityOfDarEsSalaamUdsm,Organismes de formation,Organismes de formation,NGO,Sécurité Réseau,Ingénieur Sécurité Cloud,,,,,https://www.udsm.ac.tz/,,(+255)22 2410 615,"University of Dar es Salaam, P.O.Box 35091",Dar es-Salam,,TZ,Tanzanie,Tanzania,-6.7922324408143,39.20835971832276,Organismes de formation | Sécurité Réseau | Ingénieur Sécurité Cloud,https://www.communecter.org/upload/communecter/organizations/698f20ada147ad56432d59be/pastedimage.png,https://www.communecter.org/upload/communecter/organizations/698f20ada147ad56432d59be/medium/pastedimage.png,https://www.communecter.org/upload/communecter/organizations/698f20ada147ad56432d59be/thumb/pastedimage.png,https://www.communecter.org/#@universityOfDarEsSalaamUdsm,1770988051,1770989477
698f1de4a147ad56432d597c,University of Dodoma (UDOM),universityOfDodomaUdom,Organismes de formation,Organismes de formation,NGO,Sécurité Réseau,Architecte Sécurité | Analyste Forensic,,,,,https://www.udom.ac.tz/,,(+255) 262 310 003,"1 Benjamin Mkapa Road,41218 Iyumbu",Dodoma,,TZ,Tanzanie,Tanzania,-6.1948118,35.8428767,Organismes de formation | Sécurité Réseau | Architecte Sécurité | Analyste Forensic,https://www.communecter.org/upload/communecter/organizations/698f1de4a147ad56432d597c/pastedimage.png,https://www.communecter.org/upload/communecter/organizations/698f1de4a147ad56432d597c/medium/pastedimage.png,https://www.communecter.org/upload/communecter/organizations/698f1de4a147ad56432d597c/thumb/pastedimage.png,https://www.communecter.org/#@universityOfDodomaUdom,1770987539,1770989480
6a17f5b79bcf4377536c4486,University of Mauritius - CyberSecurity & Forensics Research Group (CSFRG),nsicsResearchGroupCsfrg,Organismes de formation,Organismes de formation,GovernmentOrganization,,,,,,Groupe de recherche cybersécurité / forensics de l’Université de Maurice.,https://sites.google.com/uom.ac.mu/cybersecurityforensicsresearch/,,,"University of Mauritius, Réduit, Mauritius",Réduit,,MU,Maurice,Mauritius,-20.2345142,57.4976573,,,,,https://www.communecter.org/#@nsicsResearchGroupCsfrg,1779955127,1779955127
6a19889b7dd31c460b138702,University of Seychelles - Information Technology Department,department,Organismes de formation,Organismes de formation,GovernmentOrganization,,,,,,"Section informatique de l’Université des Seychelles assurant support technologique, services numériques, conseil et transformation digitale interne.",https://unisey.ac.sc/information-technology/,,,"University of Seychelles, P.O. Box 1348, Anse Royale, Mahé, Seychelles",Victoria,,SC,Seychelles,Seychelles,-4.6232085,55.4523590,,https://www.communecter.org/upload/communecter/organizations/6a19889b7dd31c460b138702/faviconV2.png,https://www.communecter.org/upload/communecter/organizations/6a19889b7dd31c460b138702/medium/faviconV2.png,https://www.communecter.org/upload/communecter/organizations/6a19889b7dd31c460b138702/thumb/profil-resized.png,https://www.communecter.org/#@department,1780058267,1780058267
6a17f5c79bcf4377536c448b,"University of Technology, Mauritius (UTM) - BSc Cyber Security",berSecurity,Organismes de formation,Organismes de formation,GovernmentOrganization,,,,,,Établissement d’enseignement supérieur proposant un cursus cybersécurité.,https://www.utm.ac.mu/courses/bsc-hons-cyber-security/,,,,Port-Louis,,MU,Maurice,Mauritius,-20.1637281,57.5045331,,https://www.communecter.org/upload/communecter/organizations/6a17f5c79bcf4377536c448b/Small-Logo.png,https://www.communecter.org/upload/communecter/organizations/6a17f5c79bcf4377536c448b/medium/Small-Logo.png,https://www.communecter.org/upload/communecter/organizations/6a17f5c79bcf4377536c448b/thumb/profil-resized.png,https://www.communecter.org/#@berSecurity,1779955143,1779955143
698ef45c0ee419574f360a3d,Villa College,villaCollege,Organismes de formation,Organismes de formation,NGO,Sécurité Réseau | Sécurité Cloud,Ingénieur Sécurité Cloud | Consultant GRC,,,,,https://villacollege.edu.mv/,,+960 3303 200,Rah Dhebai Hingun 20373,Malé,,MV,Maldives,Maldives,4.1708993,73.5094928,Organismes de formation | Sécurité Réseau | Sécurité Cloud | Ingénieur Sécurité Cloud | Consultant GRC,https://www.communecter.org/upload/communecter/organizations/698ef45c0ee419574f360a3d/logo.png,https://www.communecter.org/upload/communecter/organizations/698ef45c0ee419574f360a3d/medium/logo.png,https://www.communecter.org/upload/communecter/organizations/698ef45c0ee419574f360a3d/thumb/logo.png,https://www.communecter.org/#@villaCollege,1770976646,1770989495
698ef070ac70c206af424c31,WinSYS Networks,winsysNetworks,Organismes de formation,Organismes de formation,NGO,Sécurité Réseau | Sécurité des postes,Architecte Sécurité | Ingénieur Sécurité Cloud,,,,,https://winsys.lk/,,(+94) 77 200 1900,"61A, Bauddhaloka Mawatha",Colombo,,LK,Sri Lanka,Sri Lanka,6.9034787,79.8712647,Organismes de formation | Sécurité Réseau | Sécurité des postes | Architecte Sécurité | Ingénieur Sécurité Cloud,https://www.communecter.org/upload/communecter/organizations/698ef070ac70c206af424c31/pastedimage.png,https://www.communecter.org/upload/communecter/organizations/698ef070ac70c206af424c31/medium/pastedimage.png,https://www.communecter.org/upload/communecter/organizations/698ef070ac70c206af424c31/thumb/pastedimage.png,https://www.communecter.org/#@winsysNetworks,1770975481,1770989505
698f27d4c1e4742e572e3450,Tanzania Cybersecurity Association (TCSA),tanzaniaCybersecurityAssociationTcsa,Organismes de formation | Association/ONG,Organismes de formation | Association/ONG,NGO,Audit/Conseil et Conformité,RSSI (CISO) | Consultant GRC,,,,,https://www.tcsa.or.tz/,,+255 713 190 019,,Dar es-Salam,,TZ,Tanzanie,Tanzania,-6.8160837,39.2803583,Organismes de formation | Association/ONG | Audit/Conseil et Conformité | RSSI (CISO) | Consultant GRC,https://www.communecter.org/upload/communecter/organizations/698f27d4c1e4742e572e3450/pastedimage.png,https://www.communecter.org/upload/communecter/organizations/698f27d4c1e4742e572e3450/medium/pastedimage.png,https://www.communecter.org/upload/communecter/organizations/698f27d4c1e4742e572e3450/thumb/pastedimage.png,https://www.communecter.org/#@tanzaniaCybersecurityAssociationTcsa,1770990051,1770990052
698ee0f8858f791372020db1,Dar es Salaam Tumaini University,darEsSalaamTumainiUniversity,Organismes de formation | Laboratoires/recherche,Organismes de formation | Laboratoires /recherche,NGO,"Sécurité Réseau,Sécurité des Postes et Mobiles",Développeur Sécurisé (DevSecOps) | Architecte Sécurité,,,,,https://dartu.ac.tz/,,+255 736 929 770,vice,Dar es-Salam,,TZ,Tanzanie,Tanzanie,-6.8151758,39.2960969,Organismes de formation | Laboratoires /recherche | Sécurité Réseau | Sécurité des Postes et Mobiles | Développeur Sécurisé (DevSecOps) | Architecte Sécurité,https://www.communecter.org/upload/communecter/organizations/698ee0f8858f791372020db1/pastedimage.png,https://www.communecter.org/upload/communecter/organizations/698ee0f8858f791372020db1/medium/pastedimage.png,https://www.communecter.org/upload/communecter/organizations/698ee0f8858f791372020db1/thumb/pastedimage.png,https://www.communecter.org/#@darEsSalaamTumainiUniversity,1770971455,1770989524
6996acbc2a32db28bc711222,RMIT University,rmitUniversity,Organismes de formation | Laboratoires/recherche,Organismes de formation | Laboratoires /recherche,NGO,Master cybersécurité | IA sécurité,Développeur Sécurisé (DevSecOps) | Cloud Security Engineer,,,,,https://www.rmit.edu.au/,,,,Melbourne,,AU,Australie,Australie,-37.8142454,144.9631732,Laboratoires /recherche | Organismes de formation | Master cybersécurité | IA | IA sécurité | Développeur Sécurisé (DevSecOps) | Cloud Security Engineer,https://www.communecter.org/upload/communecter/organizations/6996acbc2a32db28bc711222/pastedimage.png,https://www.communecter.org/upload/communecter/organizations/6996acbc2a32db28bc711222/medium/pastedimage.png,https://www.communecter.org/upload/communecter/organizations/6996acbc2a32db28bc711222/thumb/pastedimage.png,https://www.communecter.org/#@rmitUniversity,1771482447,1771487518
698ee9415251261f19003425,SLIIT,sliit,Organismes de formation | Laboratoires/recherche,Organismes de formation | Laboratoires /recherche,NGO,"Sécurité Réseau,Sécurité Cloud | Sécurité de l'IdO (IoT)",Architecte Sécurité | Ingénieur Sécurité Cloud,,,,,,,+94 11 754 4801,"SLIIT Malabe Campus, New Kandy Road",Malabe,,LK,Sri Lanka,Sri Lanka,6.9087825,79.9428756,Organismes de formation | Sécurité Réseau | Sécurité Cloud | Sécurité de l'IdO (IoT) | Architecte Sécurité | Ingénieur Sécurité Cloud | Laboratoires /recherche,https://www.communecter.org/upload/communecter/organizations/698ee9415251261f19003425/pastedimage.png,https://www.communecter.org/upload/communecter/organizations/698ee9415251261f19003425/medium/pastedimage.png,https://www.communecter.org/upload/communecter/organizations/698ee9415251261f19003425/thumb/pastedimage.png,https://www.communecter.org/#@sliit,1770974422,1771186902
698f52730e5a1863e473b09e,Strathmore University – @iLabAfrica Cybersecurity Academy,yAcademy,Organismes de formation | Laboratoires/recherche,Organismes de formation | Laboratoires /recherche,NGO,Recherche & formation avancée,Analyste SOC | Recherche cyber,,,,,https://strathmore.edu/iliafrica,,,Strathmore University,Nairobi,,KE,Kenya,Kenya,-1.3092556,36.8127592,Laboratoires /recherche | Organismes de formation | Recherche & formation avancée | Analyste SOC | Recherche cyber,https://www.communecter.org/upload/communecter/organizations/698f52730e5a1863e473b09e/pastedimage.png,https://www.communecter.org/upload/communecter/organizations/698f52730e5a1863e473b09e/medium/pastedimage.png,https://www.communecter.org/upload/communecter/organizations/698f52730e5a1863e473b09e/thumb/pastedimage.png,https://www.communecter.org/#@yAcademy,1771000525,1771000526
698eda8d2162b421d76645c9,UCSC (University of Colombo School of Computing),ucscUniversityOfColomboSchoolOfComputing,Organismes de formation | Laboratoires/recherche,Organismes de formation | Laboratoires /recherche,NGO,Sécurité Réseau,RSSI (CISO),,,,,https://ucsc.cmb.ac.lk/,,+94 -11- 2581245/ 7,"University of Colombo School of Computing,UCSC Building Complex, 35 ,Reid Avenue",Colombo,,LK,Sri Lanka,Sri Lanka,6.9022318,79.8610777,Organismes de formation | Sécurité Réseau | RSSI (CISO) | Laboratoires /recherche,https://www.communecter.org/upload/communecter/organizations/698eda8d2162b421d76645c9/pastedimage.png,https://www.communecter.org/upload/communecter/organizations/698eda8d2162b421d76645c9/medium/pastedimage.png,https://www.communecter.org/upload/communecter/organizations/698eda8d2162b421d76645c9/thumb/pastedimage.png,https://www.communecter.org/#@ucscUniversityOfColomboSchoolOfComputing,1770971285,1770989528
697ca59586793c4f453d4e88,University of Seychelles,universityOfSeychelles,Organismes de formation | Laboratoires/recherche,Organismes de formation | Laboratoires /recherche,NGO,Audit/Conseil et Conformité,Analyste SOC,,,,,https://unisey.ac.sc,,+2484381222,,Anse Royale,,SC,Seychelles,Seychelles,-4.7376121,55.5176065,Organismes de formation | Audit/Conseil et Conformité | Laboratoires /recherche,https://www.communecter.org/upload/communecter/organizations/697ca59586793c4f453d4e88/pastedimage.png,https://www.communecter.org/upload/communecter/organizations/697ca59586793c4f453d4e88/medium/pastedimage.png,https://www.communecter.org/upload/communecter/organizations/697ca59586793c4f453d4e88/thumb/pastedimage.png,https://www.communecter.org/#@universityOfSeychelles,1769776614,1771189113
698ee48564c78710f505fcec,University of the Witwatersrand,universityOfTheWitwatersrand,Organismes de formation | Laboratoires/recherche,Organismes de formation | Laboratoires /recherche,NGO,Sécurité Réseau,Développeur Sécurisé (DevSecOps) | Ingénieur Sécurité Cloud | Architecte Sécurité,,,,,https://www.wits.ac.za/,,+27 (0)11 717 1888,"1 Jan Smuts Avenue, Braamfontein 2000",Johannesbourg,,ZA,Afrique du Sud,Nanzfeih,-26.2050000,28.0497220,Organismes de formation | Sécurité Réseau | Laboratoires /recherche | Développeur Sécurisé (DevSecOps) | Ingénieur Sécurité Cloud | Architecte Sécurité,https://www.communecter.org/upload/communecter/organizations/698ee48564c78710f505fcec/pastedimage.png,https://www.communecter.org/upload/communecter/organizations/698ee48564c78710f505fcec/medium/pastedimage.png,https://www.communecter.org/upload/communecter/organizations/698ee48564c78710f505fcec/thumb/pastedimage.png,https://www.communecter.org/#@universityOfTheWitwatersrand,1770972415,1770989520
698f380f98c09a257604c441,Cyber Shujaa,cyberShujaa,Organismes de formation | Structure d’accompagnement et financement,Organismes de formation | Structure d’accompagnement et financement,NGO,Formation & placement jeunes,Analyste SOC | Pentester | Cloud sec,,,,,https://cybershujaa.co.ke/,,,USIU-Africa Campus,Nairobi,,KE,Kenya,Kenya,-1.2890006,36.8172812,Structure d’accompagnement et financement | Organismes de formation | Formation & placement jeunes | Analyste SOC | Pentester | Cloud sec,https://www.communecter.org/upload/communecter/organizations/698f380f98c09a257604c441/pastedimage.png,https://www.communecter.org/upload/communecter/organizations/698f380f98c09a257604c441/medium/pastedimage.png,https://www.communecter.org/upload/communecter/organizations/698f380f98c09a257604c441/thumb/pastedimage.png,https://www.communecter.org/#@cyberShujaa,1770993851,1770993851
697ccbcc519a09165d7c5516,A-NETWORKS,anetworks,Réseaux/cluster,Réseaux/cluster | Sécurité Réseau | Sécurité des postes,NGO,Sécurité Réseau | Sécurité des postes,Auditeur de sécurité,,,,,https://a-networks.biz/,,+94 11 406 3742,"No. 228, 01st Floor",Colombo,,LK,Sri Lanka,Sri Lanka,6.9388614,79.8542005,Réseaux/cluster | Sécurité Réseau | Sécurité des postes,https://www.communecter.org/upload/communecter/organizations/697ccbcc519a09165d7c5516/anetworks-logo.png,https://www.communecter.org/upload/communecter/organizations/697ccbcc519a09165d7c5516/medium/anetworks-logo.png,https://www.communecter.org/upload/communecter/organizations/697ccbcc519a09165d7c5516/thumb/anetworks-logo.png,https://www.communecter.org/#@anetworks,1769787011,1769787011
6a1fbcc00a84015a02076c50,AfricaHackon,africahackon,Réseaux/cluster,Réseaux/cluster,LocalBusiness,,,,,,"Communauté cyber technique basée à Nairobi, orientée recherche, formation et partage de connaissances.",https://africahackon.com/,,,"Nairobi, Kenya",Nairobi,,KE,Kenya,Kenya,-1.3015643,36.8128437,,https://www.communecter.org/upload/communecter/organizations/6a1fbcc00a84015a02076c50/faviconV2.png,https://www.communecter.org/upload/communecter/organizations/6a1fbcc00a84015a02076c50/medium/faviconV2.png,https://www.communecter.org/upload/communecter/organizations/6a1fbcc00a84015a02076c50/thumb/profil-resized.png,https://www.communecter.org/#@africahackon,1780464832,1780464833
6a1fd69c1f8f4c51ec643a04,AUF Océan Indien - Projet Cybersécurité dans l’Océan Indien,Indien,Réseaux/cluster,Réseaux/cluster,NGO,,,,,,Réseau académique ayant organisé un regroupement Cybersécurité Océan Indien.,https://www.auf.org/agenda/https-www-auf-org-nouvelles-agenda-cybersecurite-ocean-indien-regroupement-universites-entreprises/,,,,Antananarivo,,MG,Madagascar,Madagasikara,-18.9100122,47.5255809,,https://www.communecter.org/upload/communecter/organizations/6a1fd69c1f8f4c51ec643a04/1780471817_logo-black-large.png,https://www.communecter.org/upload/communecter/organizations/6a1fd69c1f8f4c51ec643a04/medium/1780471817_logo-black-large.png,https://www.communecter.org/upload/communecter/organizations/6a1fd69c1f8f4c51ec643a04/thumb/profil-resized.png,https://www.communecter.org/#@Indien,1780471453,1780471817
6996aabf6703dd73da0dd80a,AustCyber,austcyber,Réseaux/cluster,Réseaux/cluster,LocalBusiness,Développement écosystème cyber | Innovation,Architecte Sécurité | Entrepreneur cyber,,,,,https://www.austcyber.com/,,,"Stone & Chalk, Level 4, 11 York Street, Sydney NSW 2000, Australia",Sydney,2000,AU,Australie,Australia,-33.8698439,151.2082848,Réseaux/cluster | Développement écosystème cyber | Innovation | Architecte Sécurité | Entrepreneur cyber,https://www.communecter.org/upload/communecter/organizations/6996aabf6703dd73da0dd80a/pastedimage.png,https://www.communecter.org/upload/communecter/organizations/6996aabf6703dd73da0dd80a/medium/pastedimage.png,https://www.communecter.org/upload/communecter/organizations/6996aabf6703dd73da0dd80a/thumb/pastedimage.png,https://www.communecter.org/#@austcyber,1771481896,1779970023
69807cf6ca37c82afd5f210c,Australian Information Security Association,australianInformationSecurityAssociation,Réseaux/cluster,Réseaux/cluster,LocalBusiness,"Sécurité Cloud,Sécurité Réseau",Développeur Sécurisé (DevSecOps) | Ingénieur Sécurité Cloud,,,,,https://www.aisa.org.au/,,(02) 8076 6012,"Ikon House, Sydney NSW 2000, Australia",Sydney,2000,AU,Australie,Australia,-33.8698439,151.2082848,Entreprises(produits/solutions et services) | Sécurité Cloud | Sécurité Réseau | Développeur Sécurisé (DevSecOps) | Ingénieur Sécurité Cloud,https://www.communecter.org/upload/communecter/organizations/69807cf6ca37c82afd5f210c/pastedimage.png,https://www.communecter.org/upload/communecter/organizations/69807cf6ca37c82afd5f210c/medium/pastedimage.png,https://www.communecter.org/upload/communecter/organizations/69807cf6ca37c82afd5f210c/thumb/pastedimage.png,https://www.communecter.org/#@australianInformationSecurityAssociation,1770055921,1779970007
6a18301d47729133ad12a6a8,Australian Women in Security Network,australianWomenInSecurityNetwork,Réseaux/cluster,Réseaux/cluster,NGO,,,,,,,https://www.awsn.org.au/,,,,,,,,,,,,,,,https://www.communecter.org/#@australianWomenInSecurityNetwork,1779970077,1779970077
6a18305e47729133ad12a6be,BSides Canberra,bsidesCanberra,Réseaux/cluster,Réseaux/cluster,NGO,,,,,,,https://bsidescanberra.org.au/,,,,Canberra,,AU,Australie,Australia,-35.2975906,149.1012676,,,,,https://www.communecter.org/#@bsidesCanberra,1779970142,1779970142
6a18306c47729133ad12a6c3,BSides Melbourne,bsidesMelbourne,Réseaux/cluster,Réseaux/cluster,NGO,,,,,,,https://bsides.melbourne/,,,,Melbourne,,AU,Australie,Australia,-37.8142454,144.9631732,,,,,https://www.communecter.org/#@bsidesMelbourne,1779970156,1779970156
6a1946c2b9951407830133e2,c0c0n Cyber Security Conference,c0c0nCyberSecurityConference,Réseaux/cluster,Réseaux/cluster,,,,,,,"Conférence indienne de cybersécurité associant communauté technique, forces de l’ordre, chercheurs, entreprises et décideurs publics.",https://c0c0n.org,,,"c/o ISRA, Kerala Police Cyberdome, Technopark Campus, Thiruvananthapuram 695581, Kerala, India",Thiruvananthapuram,,IN,Inde,India,8.4882267,76.9475510,,https://www.communecter.org/upload/communecter/organizations/6a1946c2b9951407830133e2/1780048561_faviconV2.png,https://www.communecter.org/upload/communecter/organizations/6a1946c2b9951407830133e2/medium/1780048561_faviconV2.png,https://www.communecter.org/upload/communecter/organizations/6a1946c2b9951407830133e2/thumb/profil-resized.png,https://www.communecter.org/#@c0c0nCyberSecurityConference,1780041410,1780048561
6a18300147729133ad12a69f,Canberra Cyber Hub,canberraCyberHub,Réseaux/cluster,Réseaux/cluster,NGO,,,,,,,https://canberracyberhub.com.au/,,,"Level 12, 224 Bunda Street, Canberra City ACT 2601, Australia",Canberra,,AU,Australie,Australia,-35.2975906,149.1012676,,,,,https://www.communecter.org/#@canberraCyberHub,1779970049,1779970049
6a18305347729133ad12a6b9,Cloud Security Alliance Australia Chapter,cloudSecurityAllianceAustraliaChapter,Réseaux/cluster,Réseaux/cluster,NGO,,,,,,,https://cloudsecurityalliance.org/chapters/australia,,,,,,,,,,,,,,,https://www.communecter.org/#@cloudSecurityAllianceAustraliaChapter,1779970131,1779970131
69f2ed489c9cce16bf07e899,CLUSIR ROI (REUNION OCEAN INDIEN),clusirLaReunion,Réseaux/cluster,Réseaux/cluster,NGO,,,,,,,https://clusir-roi.org/index.html,contact@clusir-roi.org,,41 rue de la pépinière,SAINTE-MARIE,97438,RE,La Réunion,Réunion,-20.899994,55.527577,Réseaux/cluster,https://www.communecter.org/upload/communecter/null/null/5bd9933d-af64-4317-8dc8-dee0a9d1f880.png,https://www.communecter.org/upload/communecter/null/null/medium/5bd9933d-af64-4317-8dc8-dee0a9d1f880.png,https://www.communecter.org/upload/communecter/null/null/thumb/5bd9933d-af64-4317-8dc8-dee0a9d1f880.png,https://www.communecter.org/#@clusirLaReunion,1777528282,1777530879
6a1986b061b1921d6655348d,Commonwealth CSIRT Community / Torchlight Group - Seychelles beneficiary,seychellesBeneficiary,Réseaux/cluster,Réseaux/cluster,NGO,,,,,,"Initiative de renforcement des capacités CSIRT du Commonwealth, mise en œuvre avec Torchlight Group, visant la coopération, les standards et les compétences cyber.",https://cybilportal.org/projects-by?_sft_country=seychelles&page=country,,,Projet international — aucune adresse postale Seychelles distincte publiée ; bénéficiaire lié à l’écosystème CSIRT seychellois,Victoria,,SC,Seychelles,Seychelles,-4.6232085,55.4523590,,https://www.communecter.org/upload/communecter/organizations/6a1986b061b1921d6655348d/1780058275_faviconV2.png,https://www.communecter.org/upload/communecter/organizations/6a1986b061b1921d6655348d/medium/1780058275_faviconV2.png,https://www.communecter.org/upload/communecter/organizations/6a1986b061b1921d6655348d/thumb/profil-resized.png,https://www.communecter.org/#@seychellesBeneficiary,1780057776,1780058274
6a182fd747729133ad12a692,CREST Australia New Zealand,crestAustraliaNewZealand,Réseaux/cluster,Réseaux/cluster,LocalBusiness,,,,,,,https://www.crestaustralia.org/,,,,,,,,,,,,,,,https://www.communecter.org/#@crestAustraliaNewZealand,1779970007,1779970007
6a19261b39647c4ba4563a48,Cyber Revolution Summit Mozambique,cyberRevolutionSummitMozambique,Réseaux/cluster,Réseaux/cluster,NGO,,,,,,,https://cyberrevolutionsummit.com/mozambique/,,,,Maputo,,MZ,Mozambique,Mozambique,-25.9662130,32.5674500,,,,,https://www.communecter.org/#@cyberRevolutionSummitMozambique,1780033051,1780033471
6996a88e6703dd73da0dd804,Cyber Security Cooperative Research Centre,cyberSecurityCooperativeResearchCentre,Réseaux/cluster,Réseaux/cluster,LocalBusiness,R&D cyber | Cryptographie/Cryptologie,Cryptologue | Security Researcher,,,,,https://cybersecuritycrc.org.au/,,,,Adélaïde,,AU,Australie,Australia,-34.9281805,138.5999312,Laboratoires /recherche | R&D cyber | Cryptographie/Cryptologie | Cryptologue | Security Researcher,https://www.communecter.org/upload/communecter/organizations/6996a88e6703dd73da0dd804/pastedimage.png,https://www.communecter.org/upload/communecter/organizations/6996a88e6703dd73da0dd804/medium/pastedimage.png,https://www.communecter.org/upload/communecter/organizations/6996a88e6703dd73da0dd804/thumb/pastedimage.png,https://www.communecter.org/#@cyberSecurityCooperativeResearchCentre,1771481407,1779970045
6a17f4046a6d737289777f4f,Cyber Security Summit Sri Lanka,cyberSecuritySummitSriLanka,Réseaux/cluster,Réseaux/cluster,LocalBusiness,,,,,,,https://cybersecuritysummit.lk/,info@cicra.lk,+94 710 600 800,"No 245, Srimath Anagarika Dharmapala Mawatha, Colombo 07, Sri Lanka",Colombo,,LK,Sri Lanka,Sri Lanka,6.9388614,79.8542005,,https://www.communecter.org/upload/communecter/organizations/6a17f4046a6d737289777f4f/Logo-White.png,https://www.communecter.org/upload/communecter/organizations/6a17f4046a6d737289777f4f/medium/Logo-White.png,https://www.communecter.org/upload/communecter/organizations/6a17f4046a6d737289777f4f/thumb/profil-resized.png,https://www.communecter.org/#@cyberSecuritySummitSriLanka,1779954692,1779954693
6a19660a92df61291f181874,CyberFrat,cyberfrat,Réseaux/cluster,Réseaux/cluster,,,,,,,"Communauté ou réseau professionnel animé autour du partage de connaissances, de la formation et des événements de cybersécurité.",https://cyberfrat.com,,,"Mumbai, Maharashtra, India — adresse postale publique complète non identifiée",Mumbai,,IN,Inde,India,19.0549990,72.8692035,,https://www.communecter.org/upload/communecter/organizations/6a19660a92df61291f181874/faviconV2.png,https://www.communecter.org/upload/communecter/organizations/6a19660a92df61291f181874/medium/faviconV2.png,https://www.communecter.org/upload/communecter/organizations/6a19660a92df61291f181874/thumb/profil-resized.png,https://www.communecter.org/#@cyberfrat,1780049418,1780049418
6a194648acc42e5a5c5e91d3,CyberPeace Foundation,cyberpeaceFoundation,Réseaux/cluster,Réseaux/cluster,,,,,,,"Organisation non gouvernementale promouvant la paix numérique, la sensibilisation cyber, la recherche, la formation et la coopération multipartite.",https://cyberpeace.org,,,,,,,,,,,,https://www.communecter.org/upload/communecter/organizations/6a194648acc42e5a5c5e91d3/1780048552_faviconV2.png,https://www.communecter.org/upload/communecter/organizations/6a194648acc42e5a5c5e91d3/medium/1780048552_faviconV2.png,https://www.communecter.org/upload/communecter/organizations/6a194648acc42e5a5c5e91d3/thumb/profil-resized.png,https://www.communecter.org/#@cyberpeaceFoundation,1780041288,1780048552
698f2dae47d62315a6583567,Cybersecurity Centre of Excellence,cybersecurityCentreOfExcellence,Réseaux/cluster,Réseaux/cluster,NGO,Incubation | Innovation | Formation,Consultant GRC | Analyste SOC,,,,,https://ccoe.dsci.in/,,+91-98711-54349,Inorbit Mall Road,Hyderabad,,IN,Inde,Inde,17.4313828,78.3882375,Réseaux/cluster | Incubation | Innovation | Formation | Consultant GRC | Analyste SOC,https://www.communecter.org/upload/communecter/organizations/698f2dae47d62315a6583567/pastedimage.png,https://www.communecter.org/upload/communecter/organizations/698f2dae47d62315a6583567/medium/pastedimage.png,https://www.communecter.org/upload/communecter/organizations/698f2dae47d62315a6583567/thumb/pastedimage.png,https://www.communecter.org/#@cybersecurityCentreOfExcellence,1770991102,1780049762
6a19465cacc42e5a5c5e91da,Cybersecurity Centre of Excellence Karnataka,cybersecurityCentreOfExcellenceKarnataka,Réseaux/cluster,Réseaux/cluster,,,,,,,"Centre d’excellence régional favorisant l’innovation, les startups, la formation et les projets de cybersécurité au Karnataka.",https://cysec.coe.karnataka.gov.in,,,"K-Tech Innovation Hub, 3rd Floor, BMTC Complex, Shanthinagar, Bengaluru 560027, Karnataka, India",Bangalore,,IN,Inde,India,12.9767936,77.5900820,,https://www.communecter.org/upload/communecter/organizations/6a19465cacc42e5a5c5e91da/1780048557_faviconV2.png,https://www.communecter.org/upload/communecter/organizations/6a19465cacc42e5a5c5e91da/medium/1780048557_faviconV2.png,https://www.communecter.org/upload/communecter/organizations/6a19465cacc42e5a5c5e91da/thumb/profil-resized.png,https://www.communecter.org/#@cybersecurityCentreOfExcellenceKarnataka,1780041308,1780048556
6a18301247729133ad12a6a4,CyberWest,cyberwest,Réseaux/cluster,Réseaux/cluster,NGO,,,,,,,https://cyberwesthub.au/,,,"WA Cyber Security Innovation Hub, Building 23, 270 Joondalup Drive, Joondalup WA 6027, Australia",Perth,,AU,Australie,Australia,-31.9558967,115.8605784,,,,,https://www.communecter.org/#@cyberwest,1779970066,1779970066
6a19461eacc42e5a5c5e91c9,Data Security Council of India,dataSecurityCouncilOfIndia,Réseaux/cluster,Réseaux/cluster,,,,,,,"Organisation sectorielle promouvant la cybersécurité, la protection des données, la confiance numérique et les référentiels de conformité en Inde.",https://dsci.in,,,"NASSCOM Campus, Plot No. 7 to 10, Sector 126, Noida 201303, Uttar Pradesh, India",Noida,,IN,Inde,India,28.5706333,77.3272147,,https://www.communecter.org/upload/communecter/organizations/6a19461eacc42e5a5c5e91c9/1780048544_faviconV2.png,https://www.communecter.org/upload/communecter/organizations/6a19461eacc42e5a5c5e91c9/medium/1780048544_faviconV2.png,https://www.communecter.org/upload/communecter/organizations/6a19461eacc42e5a5c5e91c9/thumb/profil-resized.png,https://www.communecter.org/#@dataSecurityCouncilOfIndia,1780041246,1780048543
6a194670acc42e5a5c5e91df,Hyderabad Security Cluster,hyderabadSecurityCluster,Réseaux/cluster,Réseaux/cluster,,,,,,,"Cluster régional réunissant acteurs publics, industriels et académiques autour de la cybersécurité, de la confiance numérique et de l’innovation.",https://hyderabadsecuritycluster.org,,,"T-Hub, 20 Inorbit Mall Road, Vittal Rao Nagar, Madhapur, Hyderabad 500081, Telangana, India",Hyderabad,,IN,Inde,India,17.3605890,78.4740613,,https://www.communecter.org/upload/communecter/organizations/6a194670acc42e5a5c5e91df/1780048558_faviconV2.png,https://www.communecter.org/upload/communecter/organizations/6a194670acc42e5a5c5e91df/medium/1780048558_faviconV2.png,https://www.communecter.org/upload/communecter/organizations/6a194670acc42e5a5c5e91df/thumb/profil-resized.png,https://www.communecter.org/#@hyderabadSecurityCluster,1780041328,1780048558
6a19467facc42e5a5c5e91e4,ISACA India Chapter,isacaIndiaChapter,Réseaux/cluster,Réseaux/cluster,,,,,,,"Chapitre professionnel ISACA pour les métiers de l’audit IT, de la gouvernance, du risque, de la cybersécurité et de la conformité.",https://isaca.org,,,,,,,,,,,,https://www.communecter.org/upload/communecter/organizations/6a19467facc42e5a5c5e91e4/1780048558_faviconV2.png,https://www.communecter.org/upload/communecter/organizations/6a19467facc42e5a5c5e91e4/medium/1780048558_faviconV2.png,https://www.communecter.org/upload/communecter/organizations/6a19467facc42e5a5c5e91e4/thumb/profil-resized.png,https://www.communecter.org/#@isacaIndiaChapter,1780041343,1780048558
6a1fbcd63e008321fb4ca8ab,ISACA Kenya Chapter,isacaKenyaChapter,Réseaux/cluster,Réseaux/cluster,LocalBusiness,,,,,,"Association professionnelle d'audit, gouvernance et cybersécurité.",https://engage.isaca.org/kenyachapter/home,,,"Nairobi, Kenya",Nairobi,,KE,Kenya,Kenya,-1.3015643,36.8128437,,https://www.communecter.org/upload/communecter/organizations/6a1fbcd63e008321fb4ca8ab/faviconV2.png,https://www.communecter.org/upload/communecter/organizations/6a1fbcd63e008321fb4ca8ab/medium/faviconV2.png,https://www.communecter.org/upload/communecter/organizations/6a1fbcd63e008321fb4ca8ab/thumb/profil-resized.png,https://www.communecter.org/#@isacaKenyaChapter,1780464854,1780464855
6a18302b47729133ad12a6ad,ISACA Melbourne Chapter,isacaMelbourneChapter,Réseaux/cluster,Réseaux/cluster,NGO,,,,,,,https://engage.isaca.org/melbournechapter/home,,,,Melbourne,,AU,Australie,Australia,-37.8142454,144.9631732,,,,,https://www.communecter.org/#@isacaMelbourneChapter,1779970091,1779970091
6a17f48ebd8bbf38e60d5724,ISACA Sri Lanka Chapter,isacaSriLankaChapter,Réseaux/cluster,Réseaux/cluster,NGO,,,,,,,https://engage.isaca.org/srilankachapter/,,,"Phase 2, Ground Floor, Suncity Towers, 16, St Anthony's Mawatha, Colombo 03 Western 00300",Colombo,,LK,Sri Lanka,Sri Lanka,6.9388614,79.8542005,,https://www.communecter.org/upload/communecter/organizations/6a17f48ebd8bbf38e60d5724/83fe77a6-30d1-4510-ab4c-a2a3bdfdcaf3ISACAlogoSriLankaRGB-1.png,https://www.communecter.org/upload/communecter/organizations/6a17f48ebd8bbf38e60d5724/medium/83fe77a6-30d1-4510-ab4c-a2a3bdfdcaf3ISACAlogoSriLankaRGB-1.png,https://www.communecter.org/upload/communecter/organizations/6a17f48ebd8bbf38e60d5724/thumb/profil-resized.png,https://www.communecter.org/#@isacaSriLankaChapter,1779954830,1779954831
6a18303d47729133ad12a6b1,ISACA Sydney Chapter,isacaSydneyChapter,Réseaux/cluster,Réseaux/cluster,NGO,,,,,,,https://engage.isaca.org/sydneychapter/home,,,,Sydney,2000,AU,Australie,Australia,-33.8698439,151.2082848,,,,,https://www.communecter.org/#@isacaSydneyChapter,1779970109,1779970109
6a18304947729133ad12a6b5,ISC2 Australia Chapter,isc2AustraliaChapter,Réseaux/cluster,Réseaux/cluster,NGO,,,,,,,https://www.isc2.org/Chapters,,,,,,,,,,,,,,,https://www.communecter.org/#@isc2AustraliaChapter,1779970121,1779970121
6a1fbb355479565a286b3ed1,Kenya Bankers Association,kenyaBankersAssociation,Réseaux/cluster,Réseaux/cluster,Cooperative,,,,,,"Association professionnelle bancaire, utile pour la cartographie des enjeux cyber financiers.",https://www.kba.co.ke/,,,"Nairobi, Kenya",Nairobi,,KE,Kenya,Kenya,-1.3015643,36.8128437,,https://www.communecter.org/upload/communecter/organizations/6a1fbb355479565a286b3ed1/faviconV2.png,https://www.communecter.org/upload/communecter/organizations/6a1fbb355479565a286b3ed1/medium/faviconV2.png,https://www.communecter.org/upload/communecter/organizations/6a1fbb355479565a286b3ed1/thumb/profil-resized.png,https://www.communecter.org/#@kenyaBankersAssociation,1780464437,1780464437
6a1fbcf93e008321fb4ca8b5,KICTANet,kictanet,Réseaux/cluster,Réseaux/cluster,LocalBusiness,,,,,,"Réseau de politique publique numérique, utile pour les enjeux cyber et gouvernance internet.",https://www.kictanet.or.ke/,,,"Nairobi, Kenya",Nairobi,,KE,Kenya,Kenya,-1.3015643,36.8128437,,https://www.communecter.org/upload/communecter/organizations/6a1fbcf93e008321fb4ca8b5/faviconV2.jpg,https://www.communecter.org/upload/communecter/organizations/6a1fbcf93e008321fb4ca8b5/medium/faviconV2.jpg,https://www.communecter.org/upload/communecter/organizations/6a1fbcf93e008321fb4ca8b5/thumb/profil-resized.png,https://www.communecter.org/#@kictanet,1780464889,1780464890
6a17f5e79bcf4377536c4495,Mauritius Software Craftsmanship Community (MSCC),mauritiusSoftwareCraftsmanshipCommunityMscc,Réseaux/cluster,Réseaux/cluster,NGO,,,,,,Communauté logicielle mauricienne incluant des contenus cyber.,https://2023.mscc.mu,,,,Port-Louis,,MU,Maurice,Mauritius,-20.1637281,57.5045331,,,,,https://www.communecter.org/#@mauritiusSoftwareCraftsmanshipCommunityMscc,1779955175,1779955175
6a1837af4109923116640def,MoRENet - Mozambique Research and Education Network,,Réseaux/cluster,Réseaux/cluster,GovernmentOrganization,,,,,,,https://morenet.ac.mz/,info@morenet.ac.mz,,"Estrada N1, Km 60, Parque da Ciência e Tecnologia da Maluana",Maputo,,MZ,Mozambique,Mozambique,-25.9662130,32.5674500,,,,,,1779972015,1780033434
6a194635acc42e5a5c5e91ce,NASSCOM,nasscom,Réseaux/cluster,Réseaux/cluster,,,,,,,"Association de référence de l’industrie technologique indienne, active sur l’innovation, les compétences numériques, la cybersécurité et les politiques publiques.",https://nasscom.in,,,"Plot No. 7 to 10, Sector 126, Noida 201303, Uttar Pradesh, India",Noida,,IN,Inde,India,28.5706333,77.3272147,,https://www.communecter.org/upload/communecter/organizations/6a194635acc42e5a5c5e91ce/1780048546_faviconV2.png,https://www.communecter.org/upload/communecter/organizations/6a194635acc42e5a5c5e91ce/medium/1780048546_faviconV2.png,https://www.communecter.org/upload/communecter/organizations/6a194635acc42e5a5c5e91ce/thumb/profil-resized.png,https://www.communecter.org/#@nasscom,1780041269,1780048546
6979f447df817437364ec76c,NetSecure,netsecure,Réseaux/cluster,Réseaux/cluster,LocalBusiness,,,,,,IT Security & services de cybersécurité,https://www.netsecuresolutions.co.za/,,+27 87 551 4120,gauteng,Pretoria,,ZA,Afrique du Sud,Nanzfeih,-25.7463073,28.2085585,CyberSecurity,https://www.communecter.org/upload/communecter/organizations/6979f447df817437364ec76c/pastedimage.png,https://www.communecter.org/upload/communecter/organizations/6979f447df817437364ec76c/medium/pastedimage.png,https://www.communecter.org/upload/communecter/organizations/6979f447df817437364ec76c/thumb/profil-resized.png,https://www.communecter.org/#@netsecure,1769600963,1769600963
6a1946a7b9951407830133d7,null - The Open Security Community,nullTheOpenSecurityCommunity,Réseaux/cluster,Réseaux/cluster,,,,,,,"Communauté indienne ouverte de professionnels de la sécurité organisant rencontres, échanges techniques, nullcon et activités de sensibilisation.",https://null.community,,,,,,,,,,,,https://www.communecter.org/upload/communecter/organizations/6a1946a7b9951407830133d7/1780048559_faviconV2.png,https://www.communecter.org/upload/communecter/organizations/6a1946a7b9951407830133d7/medium/1780048559_faviconV2.png,https://www.communecter.org/upload/communecter/organizations/6a1946a7b9951407830133d7/thumb/profil-resized.png,https://www.communecter.org/#@nullTheOpenSecurityCommunity,1780041383,1780048559
6a19468facc42e5a5c5e91e9,OWASP India,owaspIndia,Réseaux/cluster,Réseaux/cluster,,,,,,,"Communauté locale de l’Open Worldwide Application Security Project dédiée à la sécurité applicative, aux guides, outils et événements communautaires.",https://owasp.org,,,,,,,,,,,,https://www.communecter.org/upload/communecter/organizations/6a19468facc42e5a5c5e91e9/1780048558_faviconV2.png,https://www.communecter.org/upload/communecter/organizations/6a19468facc42e5a5c5e91e9/medium/1780048558_faviconV2.png,https://www.communecter.org/upload/communecter/organizations/6a19468facc42e5a5c5e91e9/thumb/profil-resized.png,https://www.communecter.org/#@owaspIndia,1780041359,1780048558
6a1fbce93e008321fb4ca8b0,OWASP Nairobi Chapter,owaspNairobiChapter,Réseaux/cluster,Réseaux/cluster,LocalBusiness,,,,,,Chapitre local OWASP centré sur la sécurité applicative.,https://owasp.org/www-chapter-nairobi/,,,"Nairobi, Kenya",Nairobi,,KE,Kenya,Kenya,-1.3015643,36.8128437,,https://www.communecter.org/upload/communecter/organizations/6a1fbce93e008321fb4ca8b0/faviconV2.png,https://www.communecter.org/upload/communecter/organizations/6a1fbce93e008321fb4ca8b0/medium/faviconV2.png,https://www.communecter.org/upload/communecter/organizations/6a1fbce93e008321fb4ca8b0/thumb/profil-resized.png,https://www.communecter.org/#@owaspNairobiChapter,1780464873,1780464873
6a182feb47729133ad12a698,Stone & Chalk - Cyber / AustCyber,stoneAmpChalkCyberAustcyber,Réseaux/cluster,Réseaux/cluster,LocalBusiness,,,,,,,https://www.stoneandchalk.com.au/,,,"Level 4, 11 York Street, Sydney NSW 2000, Australia",Sydney,2000,AU,Australie,Australia,-33.8698439,151.2082848,,,,,https://www.communecter.org/#@stoneAmpChalkCyberAustcyber,1779970027,1779970027
697c9457987132196740b47c,TeqGenix Solutions Limited,teqgenixSolutionsLimited,Réseaux/cluster,Réseaux/cluster | Sécurité Réseau,NGO,Sécurité Réseau,Auditeur de sécurité,,,,,https://teqgenix.co.tz/,info@teqgenix.co.tz,+255 712 596 694,Ali Hassan Mwinyi Road,Dar es-Salam,,TZ,Tanzanie,Tanzanie,-6.7777498,39.2669275,Réseaux/cluster | Sécurité Réseau,https://www.communecter.org/upload/communecter/organizations/697c9457987132196740b47c/pastedimage.png,https://www.communecter.org/upload/communecter/organizations/697c9457987132196740b47c/medium/pastedimage.png,https://www.communecter.org/upload/communecter/organizations/697c9457987132196740b47c/thumb/pastedimage.png,https://www.communecter.org/#@teqgenixSolutionsLimited,1769772213,1769772214
6a1946d2b9951407830133e7,The Cyber Security Hub (Government of India / CISO community),Community,Réseaux/cluster,Réseaux/cluster,,,,,,,"Portail et communauté gouvernementale pour responsables sécurité, partage de bonnes pratiques, directives et ressources de cybersécurité.",https://cybersecurity.nic.in,,,"National Informatics Centre, A-Block, CGO Complex, Lodhi Road, New Delhi 110003, India",New Delhi,,IN,Inde,India,28.6138954,77.2090057,,https://www.communecter.org/upload/communecter/organizations/6a1946d2b9951407830133e7/1780048563_faviconV2.png,https://www.communecter.org/upload/communecter/organizations/6a1946d2b9951407830133e7/medium/1780048563_faviconV2.png,https://www.communecter.org/upload/communecter/organizations/6a1946d2b9951407830133e7/thumb/profil-resized.png,https://www.communecter.org/#@Community,1780041426,1780048563
6a19647d5bf1852ddd799986,ARM Innovations (AICERT),armInnovationsAicert,Services défense/intérieur,Services défense/intérieur,,,,,,,"Organisation intervenant dans l’écosystème indien de cybersécurité : services, conseil, formation, innovation ou appui à la sécurité numérique.",https://aicert.org,,,,,,,,,,,,https://www.communecter.org/upload/communecter/organizations/6a19647d5bf1852ddd799986/faviconV2.png,https://www.communecter.org/upload/communecter/organizations/6a19647d5bf1852ddd799986/medium/faviconV2.png,https://www.communecter.org/upload/communecter/organizations/6a19647d5bf1852ddd799986/thumb/profil-resized.png,https://www.communecter.org/#@armInnovationsAicert,1780049021,1780049022
6a182f4f236a7a5de4298345,Australian Communications and Media Authority,australianCommunicationsAndMediaAuthority,Services défense/intérieur,Services défense/intérieur,GovernmentOrganization,,,,,,,https://www.acma.gov.au/,,,"PO Box 78, Belconnen ACT 2616, Australia",Melbourne,,AU,Australie,Australia,-37.8142454,144.9631732,,,,,https://www.communecter.org/#@australianCommunicationsAndMediaAuthority,1779969871,1779971682
6a182f27236a7a5de4298335,Australian Criminal Intelligence Commission - Cybercrime intelligence,rcrimeIntelligence,Services défense/intérieur,Services défense/intérieur,GovernmentOrganization,,,,,,,https://www.acic.gov.au/,,,"GPO Box 1936, Canberra City ACT 2600, Australia",Canberra,,AU,Australie,Australia,-35.2975906,149.1012676,,,,,https://www.communecter.org/#@rcrimeIntelligence,1779969831,1779969831
69807a8b05ad9e338b1547b3,Australian Cyber Security Centre,australianCyberSecurityCentre,Services défense/intérieur,Services défense/intérieur,GovernmentOrganization,"Sécurité de l'IdO (IoT) | Sécurité Opérationnelle et Gouvernance (SOC),Sécurité Cloud",Ingénieur Sécurité Cloud | Architecte Sécurité,,,,,https://www.cyber.gov.au/,,+1300 292 371,"Level 1, Winyu House, 125 Gungahlin Place, Gungahlin ACT 2912",Canberra,,AU,Australie,Australia,-35.2975906,149.1012676,CERT/CSIRT | Services défense/intérieur | Sécurité de l'IdO (IoT) | Sécurité Opérationnelle et Gouvernance (SOC) | Sécurité Cloud | Ingénieur Sécurité Cloud | Architecte Sécurité,https://www.communecter.org/upload/communecter/organizations/69807a8b05ad9e338b1547b3/pastedimage.png,https://www.communecter.org/upload/communecter/organizations/69807a8b05ad9e338b1547b3/medium/pastedimage.png,https://www.communecter.org/upload/communecter/organizations/69807a8b05ad9e338b1547b3/thumb/pastedimage.png,https://www.communecter.org/#@australianCyberSecurityCentre,1770027928,1779969767
6a182f0e236a7a5de4298331,Australian Federal Police - Cybercrime,australianFederalPoliceCybercrime,Services défense/intérieur,Services défense/intérieur,GovernmentOrganization,,,,,,,https://www.afp.gov.au/crimes/cybercrime,,,"GPO Box 401, Canberra ACT 2601, Australia",Canberra,,AU,Australie,Australia,-35.2975906,149.1012676,,,,,https://www.communecter.org/#@australianFederalPoliceCybercrime,1779969806,1779969806
6a182ee0236a7a5de429831b,Australian Signals Directorate,australianSignalsDirectorate,Services défense/intérieur,Services défense/intérieur,GovernmentOrganization,,,,,,,https://www.asd.gov.au/about/what-we-do/cyber-security,,,"R5, 51 Russell Dr, Russell, ACT 2600",Canberra,,AU,Australie,Australia,-35.2975906,149.1012676,,,,,https://www.communecter.org/#@australianSignalsDirectorate,1779969760,1779969760
6a1fd54d3705be472103b6c9,Autorité de Régulation des Technologies de Communication,nication,Services défense/intérieur,Services défense/intérieur,GovernmentOrganization,,,,,,Régulateur des télécommunications et TIC à Madagascar.,https://www.artec.mg/ ; https://www.artec.mg/artec-madagascar-regulation-telecoms-et-tic-a-propos/ ; https://www.matin.mg/?p=38296,,,,Antananarivo,,MG,Madagascar,Madagasikara,-18.9100122,47.5255809,,https://www.communecter.org/upload/communecter/organizations/6a1fd54d3705be472103b6c9/Logoarteccomplet.png,https://www.communecter.org/upload/communecter/organizations/6a1fd54d3705be472103b6c9/medium/Logoarteccomplet.png,https://www.communecter.org/upload/communecter/organizations/6a1fd54d3705be472103b6c9/thumb/profil-resized.png,https://www.communecter.org/#@nication,1780471117,1780471118
6a1923dfe929ac136a19cab9,Banco de Moçambique,bancoDeMocambique,Services défense/intérieur,Services défense/intérieur,GovernmentOrganization,,,,,,,https://www.bancomoc.mz/,,,,,,,,,,,,,,,https://www.communecter.org/#@bancoDeMocambique,1780032479,1780033434
6a1fbb255479565a286b3ecc,Central Bank of Kenya,centralBankOfKenya,Services défense/intérieur,Services défense/intérieur,GovernmentOrganization,,,,,,"Régulateur financier, acteur indirect majeur pour la cybersécurité du secteur bancaire.",https://www.centralbank.go.ke/,,,"Haile Selassie Avenue, Nairobi, Kenya",Nairobi,,KE,Kenya,Kenya,-1.2890006,36.8172812,,https://www.communecter.org/upload/communecter/organizations/6a1fbb255479565a286b3ecc/faviconV2.jpg,https://www.communecter.org/upload/communecter/organizations/6a1fbb255479565a286b3ecc/medium/faviconV2.jpg,https://www.communecter.org/upload/communecter/organizations/6a1fbb255479565a286b3ecc/thumb/profil-resized.png,https://www.communecter.org/#@centralBankOfKenya,1780464421,1780464421
698307a1a100f05df374d545,Central Bank of Seychelles,centralBankOfSeychelles,Services défense/intérieur,Services défense/intérieur,NGO,Audit/Conseil et Conformité,RSSI (CISO),,,,,https://www.cbs.sc,,+2484282000,Independence Avenue,Victoria,,SC,Seychelles,Seychelles,-4.6230980,55.4536718,RSSI (CISO) | Services défense/intérieur | Audit/Conseil et Conformité | RSSI,https://www.communecter.org/upload/communecter/organizations/698307a1a100f05df374d545/pastedimage.png,https://www.communecter.org/upload/communecter/organizations/698307a1a100f05df374d545/medium/pastedimage.png,https://www.communecter.org/upload/communecter/organizations/698307a1a100f05df374d545/thumb/pastedimage.png,https://www.communecter.org/#@centralBankOfSeychelles,1770194928,1770196456
6a1988f47afd2b57293e2e4d,Central Bank of Seychelles (CBS),centralBankOfSeychellesCbs,Services défense/intérieur,Services défense/intérieur,GovernmentOrganization,,,,,,"Banque centrale responsable de la politique monétaire, de la stabilité financière, de la supervision bancaire et des orientations de cybersécurité financière.",https://www.cbs.sc/,,,"P.O. Box 701, Central Bank Building, Independence Avenue, Victoria, Mahé, Seychelles",Victoria,,SC,Seychelles,Seychelles,-4.6232085,55.4523590,,https://www.communecter.org/upload/communecter/organizations/6a1988f47afd2b57293e2e4d/faviconV2.png,https://www.communecter.org/upload/communecter/organizations/6a1988f47afd2b57293e2e4d/medium/faviconV2.png,https://www.communecter.org/upload/communecter/organizations/6a1988f47afd2b57293e2e4d/thumb/profil-resized.png,https://www.communecter.org/#@centralBankOfSeychellesCbs,1780058356,1780058356
6a17f2f301a3e92ad65410aa,Central Bank of Sri Lanka,centralBankOfSriLanka,Services défense/intérieur,Services défense/intérieur,GovernmentOrganization,,,,,,,https://www.cbsl.gov.lk/,,,"No. 30, Janadhipathi Mawatha, Colombo 01, Sri Lanka",Colombo,,LK,Sri Lanka,Sri Lanka,6.9388614,79.8542005,,https://www.communecter.org/upload/communecter/organizations/6a17f2f301a3e92ad65410aa/1779954678_cbsllogo0.png,https://www.communecter.org/upload/communecter/organizations/6a17f2f301a3e92ad65410aa/medium/1779954678_cbsllogo0.png,https://www.communecter.org/upload/communecter/organizations/6a17f2f301a3e92ad65410aa/thumb/profil-resized.png,https://www.communecter.org/#@centralBankOfSriLanka,1779954419,1779954676
698f2c25fc1c030ef73e5840,Centre for Development of Advanced Computing,centreForDevelopmentOfAdvancedComputing,Services défense/intérieur,Services défense/intérieur,NGO,R&D sécurité | Cryptographie/Cryptologie | Cyber courses,"Cryptologue,Analyste Forensic",,,,"Organisme public de recherche et développement en calcul avancé, logiciels, sécurité, électronique et technologies numériques stratégiques.",https://cdac.in,,+91-91000-34448,"Plot No. 6 & 7, Hardware Park, Sy No. 1/1, Pahadi Shareef Via Keshavagiri Pos",Hyderabad,,IN,Inde,India,25.2790402,86.0179305,Laboratoires /recherche | R&D sécurité | Cryptographie/Cryptologie | Cyber courses | Cryptologue | Analyste Forensic,https://www.communecter.org/upload/communecter/organizations/698f2c25fc1c030ef73e5840/1780048527_faviconV2.png,https://www.communecter.org/upload/communecter/organizations/698f2c25fc1c030ef73e5840/medium/1780048527_faviconV2.png,https://www.communecter.org/upload/communecter/organizations/698f2c25fc1c030ef73e5840/thumb/profil-resized.png,https://www.communecter.org/#@centreForDevelopmentOfAdvancedComputing,1770990806,1780048527
6a1fd5573705be472103b6ce,Commission Malagasy de l'Informatique et des Libertés,tes2,Services défense/intérieur,Services défense/intérieur,GovernmentOrganization,,,,,,Autorité administrative indépendante chargée des données personnelles.,https://digital.gov.mg/2026/03/27/rapport-annuel-sur-la-confidentialiteet-la-protection-des-donnees-a-madagascar/ ; https://www.dlapiperdataprotection.com/index.html?c=MG&t=law ; https://www.afapdp.org/wp-content/uploads/2018/05/Madagascar-L-2014-038-du-09-01-15-sur-la-protection-des-donnees-a-caractere-personnel.pdf,,,,,,,,,,,,https://www.communecter.org/upload/communecter/organizations/6a1fd5573705be472103b6ce/h3logo.png,https://www.communecter.org/upload/communecter/organizations/6a1fd5573705be472103b6ce/medium/h3logo.png,https://www.communecter.org/upload/communecter/organizations/6a1fd5573705be472103b6ce/thumb/profil-resized.png,https://www.communecter.org/#@tes2,1780471127,1780471128
6a1fbadb5479565a286b3eac,Communications Authority of Kenya,communicationsAuthorityOfKenya,Services défense/intérieur,Services défense/intérieur,GovernmentOrganization,,,,,,"Autorité de régulation des communications au Kenya, chargée notamment de la cybersécurité du secteur.",https://www.ca.go.ke/,info@ca.go.ke,,"P.O. Box 14448, Nairobi 00800, Kenya",Nairobi,800,KE,Kenya,Kenya,-1.2890006,36.8172812,,https://www.communecter.org/upload/communecter/organizations/6a1fbadb5479565a286b3eac/faviconV2.jpg,https://www.communecter.org/upload/communecter/organizations/6a1fbadb5479565a286b3eac/medium/faviconV2.jpg,https://www.communecter.org/upload/communecter/organizations/6a1fbadb5479565a286b3eac/thumb/profil-resized.png,https://www.communecter.org/#@communicationsAuthorityOfKenya,1780464347,1780464347
6a197329cf4fb9517452b0bd,Communications Authority of Maldives (CAM),communicationsAuthorityOfMaldivesCam,Services défense/intérieur,Services défense/intérieur,GovernmentOrganization,,,,,,"Autorité de régulation des communications : télécommunications, fréquences, services numériques et cadre réglementaire du secteur.",https://www.cam.gov.mv/,,,,Malé,,MV,Maldives,Maldives,4.1779879,73.5107387,,https://www.communecter.org/upload/communecter/organizations/6a197329cf4fb9517452b0bd/1780054095_faviconV2.png,https://www.communecter.org/upload/communecter/organizations/6a197329cf4fb9517452b0bd/medium/1780054095_faviconV2.png,https://www.communecter.org/upload/communecter/organizations/6a197329cf4fb9517452b0bd/thumb/profil-resized.png,https://www.communecter.org/#@communicationsAuthorityOfMaldivesCam,1780052777,1780054095
6a182eea236a7a5de4298324,Cyber and Infrastructure Security Centre,cyberAndInfrastructureSecurityCentre,Services défense/intérieur,Services défense/intérieur,GovernmentOrganization,,,,,,,https://www.cisc.gov.au/,,,"Headquarters, 55 Collins St, Melbourne, Victoria 3000, AU",Melbourne,,AU,Australie,Australia,-37.8142454,144.9631732,,,,,https://www.communecter.org/#@cyberAndInfrastructureSecurityCentre,1779969771,1779969771
6a197335cf4fb9517452b0c7,Cyber Safe Maldives Initiative,cyberSafeMaldivesInitiative,Services défense/intérieur,Services défense/intérieur,Cooperative,,,,,,"Campagne nationale de sensibilisation à la cybersécurité couvrant sécurité en ligne, phishing, rançongiciels et e-commerce sûr.",https://x.com/CybersafeMV,,,,Malé,,MV,Maldives,Maldives,4.1779879,73.5107387,,,,,https://www.communecter.org/#@cyberSafeMaldivesInitiative,1780052789,1780054097
6a182f6a47729133ad12a677,Cyber Security NSW,cyberSecurityNsw,Services défense/intérieur,Services défense/intérieur,GovernmentOrganization,,,,,,,https://www.nsw.gov.au/departments-and-agencies/dciths/cyber-security-nsw,,,"Level 23, 2-24 Rawson Place, Haymarket NSW 2000, Australia",Sydney,2000,AU,Australie,Australia,-33.8698439,151.2082848,,,,,https://www.communecter.org/#@cyberSecurityNsw,1779969898,1779969898
6a182f7647729133ad12a67e,Cyber Security Queensland,cyberSecurityQueensland,Services défense/intérieur,Services défense/intérieur,GovernmentOrganization,,,,,,,https://www.qgcio.qld.gov.au/information-on/ict-governance/cyber-security,,,"Cyber Security Unit, Queensland Government, 1 William Street, Brisbane QLD 4000, Australia",Brisbane City,,AU,Australie,Australia,-27.4689623,153.0235009,,,,,https://www.communecter.org/#@cyberSecurityQueensland,1779969910,1779969910
6a19459051203b1f0f0a5153,Cyber Swachhta Kendra,cyberSwachhtaKendra,Services défense/intérieur,Services défense/intérieur,,,,,,,Service public opéré par CERT-In pour détecter les botnets et fournir des outils de nettoyage et de sensibilisation aux utilisateurs.,https://csk.gov.in,,,"Indian Computer Emergency Response Team (CERT-In), Electronics Niketan, 6, CGO Complex, Lodhi Road, New Delhi 110003, India",New Delhi,,IN,Inde,India,28.6138954,77.2090057,,https://www.communecter.org/upload/communecter/organizations/6a19459051203b1f0f0a5153/1780048519_faviconV2.png,https://www.communecter.org/upload/communecter/organizations/6a19459051203b1f0f0a5153/medium/1780048519_faviconV2.png,https://www.communecter.org/upload/communecter/organizations/6a19459051203b1f0f0a5153/thumb/profil-resized.png,https://www.communecter.org/#@cyberSwachhtaKendra,1780041104,1780048519
6a17f51632a13c33536779d8,Cybercrime Unit - Mauritius Police Force,cybercrimeUnitMauritiusPoliceForce,Services défense/intérieur,Services défense/intérieur,GovernmentOrganization,,,,,,Unité cybercriminalité de la police mauricienne.,,ccu.mpf@govmu.org,,"Line Barracks, Port Louis",Port-Louis,,MU,Maurice,Mauritius,-20.1655546,57.4980261,,https://www.communecter.org/upload/communecter/organizations/6a17f51632a13c33536779d8/mlogov2.jpg,https://www.communecter.org/upload/communecter/organizations/6a17f51632a13c33536779d8/medium/mlogov2.jpg,https://www.communecter.org/upload/communecter/organizations/6a17f51632a13c33536779d8/thumb/profil-resized.png,https://www.communecter.org/#@cybercrimeUnitMauritiusPoliceForce,1779954966,1779954968
6a1978e14a20e6669b2e805a,Cyryx College - Master of IT Cyber Security,cyryxCollegeMasterOfItCyberSecurity,Services défense/intérieur,Services défense/intérieur,GovernmentOrganization,,,,,,Établissement privé d’enseignement supérieur proposant un Master of Information Technology en cybersécurité.,https://cyryxcollege.edu.mv/courses/master-of-it-4,,,,Malé,,MV,Maldives,Maldives,4.1779879,73.5107387,,https://www.communecter.org/upload/communecter/organizations/6a1978e14a20e6669b2e805a/faviconV2.png,https://www.communecter.org/upload/communecter/organizations/6a1978e14a20e6669b2e805a/medium/faviconV2.png,https://www.communecter.org/upload/communecter/organizations/6a1978e14a20e6669b2e805a/thumb/profil-resized.png,https://www.communecter.org/#@cyryxCollegeMasterOfItCyberSecurity,1780054241,1780054242
6a17f52f01c23906f63a19d8,Data Protection Office,dataProtectionOffice,Services défense/intérieur,Services défense/intérieur,GovernmentOrganization,,,,,,Autorité mauricienne de protection des données.,http://dataprotection.govmu.org,dpo@govmu.org,,,,,,,,,,,https://www.communecter.org/upload/communecter/organizations/6a17f52f01c23906f63a19d8/logo.png,https://www.communecter.org/upload/communecter/organizations/6a17f52f01c23906f63a19d8/medium/logo.png,https://www.communecter.org/upload/communecter/organizations/6a17f52f01c23906f63a19d8/thumb/profil-resized.png,https://www.communecter.org/#@dataProtectionOffice,1779954991,1779954993
6996a80861d3fe7e3c0b274f,Department of Home Affairs,departmentOfHomeAffairs,Services défense/intérieur,Services défense/intérieur | Politique cybersécurité nationale | RSSI | Consultant GRC | Policy Security,NGO,Politique cybersécurité nationale | Consultant GRC | Policy Security | RSSI,RSSI,,,,,https://www.homeaffairs.gov.au/,,,,Canberra,,AU,Australie,Australie,-35.2975906,149.1012676,Services défense/intérieur | Politique cybersécurité nationale | RSSI | Consultant GRC | Policy Security,https://www.communecter.org/upload/communecter/organizations/6996a80861d3fe7e3c0b274f/1771481158_pastedimage.png,https://www.communecter.org/upload/communecter/organizations/6996a80861d3fe7e3c0b274f/medium/1771481158_pastedimage.png,https://www.communecter.org/upload/communecter/organizations/6996a80861d3fe7e3c0b274f/thumb/1771481158_pastedimage.png,https://www.communecter.org/#@departmentOfHomeAffairs,1771481198,1771487509
6a182ef4236a7a5de4298328,Department of Home Affairs - Cyber Security,departmentOfHomeAffairsCyberSecurity,Services défense/intérieur,Services défense/intérieur,GovernmentOrganization,,,,,,,https://www.homeaffairs.gov.au/about-us/our-portfolios/cyber-security,,,"Department of Home Affairs, PO Box 25, Belconnen ACT 2616, Australia",Canberra,,AU,Australie,Australia,-35.2975906,149.1012676,,,,,https://www.communecter.org/#@departmentOfHomeAffairsCyberSecurity,1779969780,1779969780
6a1988cc7afd2b57293e2e3e,Department of Information Communications Technology (DICT) Seychelles,yDictSeychelles,Services défense/intérieur,Services défense/intérieur,GovernmentOrganization,,,,,,"Département gouvernemental chargé des politiques TIC, des infrastructures numériques publiques et de l’appui à la transformation numérique de l’administration.",https://www.ict.gov.sc/,,,"3rd Floor, Caravel House, Victoria, Mahé, Seychelles",Victoria,,SC,Seychelles,Seychelles,-4.6232085,55.4523590,,https://www.communecter.org/upload/communecter/organizations/6a1988cc7afd2b57293e2e3e/faviconV2.png,https://www.communecter.org/upload/communecter/organizations/6a1988cc7afd2b57293e2e3e/medium/faviconV2.png,https://www.communecter.org/upload/communecter/organizations/6a1988cc7afd2b57293e2e3e/thumb/profil-resized.png,https://www.communecter.org/#@yDictSeychelles,1780058316,1780058316
6a19732fcf4fb9517452b0c2,"Digital Maldives for Adaptation, Decentralization and Diversification (D'MADD)",andDiversificationDmadd,Services défense/intérieur,Services défense/intérieur,Cooperative,,,,,,"Projet financé par la Banque mondiale pour soutenir l’adaptation numérique, la décentralisation et la diversification de l’économie maldivienne.",https://dmadd.gov.mv/,,,,Malé,,MV,Maldives,Maldives,4.1779879,73.5107387,,https://www.communecter.org/upload/communecter/organizations/6a19732fcf4fb9517452b0c2/1780054096_faviconV2.png,https://www.communecter.org/upload/communecter/organizations/6a19732fcf4fb9517452b0c2/medium/1780054096_faviconV2.png,https://www.communecter.org/upload/communecter/organizations/6a19732fcf4fb9517452b0c2/thumb/profil-resized.png,https://www.communecter.org/#@andDiversificationDmadd,1780052783,1780054096
6a182f5c47729133ad12a672,Digital Transformation Agency - Cyber Security,digitalTransformationAgencyCyberSecurity,Services défense/intérieur,Services défense/intérieur,GovernmentOrganization,,,,,,,https://www.dta.gov.au/,,,"Digital Transformation Agency, PO Box 457, Canberra City ACT 2601, Australia",Canberra,,AU,Australie,Australia,-35.2975906,149.1012676,,,,,https://www.communecter.org/#@digitalTransformationAgencyCyberSecurity,1779969884,1779969885
6a1fbb1a5479565a286b3ec7,Directorate of Criminal Investigations - Cybercrime Unit,eUnit,Services défense/intérieur,Services défense/intérieur,GovernmentOrganization,,,,,,Unité de la police criminelle kenyane concernée par les investigations cyber et numériques.,https://www.dci.go.ke/,,,"Nairobi, Kenya",Nairobi,,KE,Kenya,Kenya,-1.3015643,36.8128437,,https://www.communecter.org/upload/communecter/organizations/6a1fbb1a5479565a286b3ec7/faviconV2.png,https://www.communecter.org/upload/communecter/organizations/6a1fbb1a5479565a286b3ec7/medium/faviconV2.png,https://www.communecter.org/upload/communecter/organizations/6a1fbb1a5479565a286b3ec7/thumb/profil-resized.png,https://www.communecter.org/#@eUnit,1780464410,1780464410
6a044fce8fd2736d1001d239,e-Government Authority (e-GA),egovernmentAuthorityEga,Services défense/intérieur,Services défense/intérieur,GovernmentOrganization,Sécurité Opérationnelle et Gouvernance (SOC),,,,,,https://www.ega.go.tz/,,,Mtumba-Mtandao Street,Dodoma,40404,TZ,Tanzanie,Tanzania,-6.1791181,35.7468174,,https://www.communecter.org/upload/communecter/organizations/6a044fce8fd2736d1001d239/logo.png,https://www.communecter.org/upload/communecter/organizations/6a044fce8fd2736d1001d239/medium/logo.png,https://www.communecter.org/upload/communecter/organizations/6a044fce8fd2736d1001d239/thumb/profil-resized.png,https://www.communecter.org/#@egovernmentAuthorityEga,1778667470,1780035532
6a182f46236a7a5de4298340,eSafety Commissioner,esafetyCommissioner,Services défense/intérieur,Services défense/intérieur,GovernmentOrganization,,,,,,,https://www.esafety.gov.au/,,,"PO Box Q500, Queen Victoria Building NSW 1230, Australia",Sydney,2000,AU,Australie,Australia,-33.8698439,151.2082848,,,,,https://www.communecter.org/#@esafetyCommissioner,1779969862,1779971679
6983074ee31a2f0e777bbe89,Financial Services Authority (FSA),financialServicesAuthorityFsa,Services défense/intérieur,Services défense/intérieur,NGO,Audit/Conseil et Conformité,Consultant GRC,,,,,https://www.fsaseychelles.sc,,+2484380800,Bois de Rose Avenue,Victoria,,SC,Seychelles,Seychelles,-4.6290734,55.4576527,Services défense/intérieur | Audit/Conseil et Conformité | Consultant GRC,https://www.communecter.org/upload/communecter/organizations/6983074ee31a2f0e777bbe89/pastedimage.png,https://www.communecter.org/upload/communecter/organizations/6983074ee31a2f0e777bbe89/medium/pastedimage.png,https://www.communecter.org/upload/communecter/organizations/6983074ee31a2f0e777bbe89/thumb/pastedimage.png,https://www.communecter.org/#@financialServicesAuthorityFsa,1770194838,1770194838
6a1988fb7afd2b57293e2e52,Financial Services Authority Seychelles (FSA),financialServicesAuthoritySeychellesFsa,Services défense/intérieur,Services défense/intérieur,GovernmentOrganization,,,,,,"Régulateur autonome du secteur financier non bancaire, incluant la supervision des prestataires, registres et obligations de conformité.",https://fsaseychelles.sc/,,,"P.O. Box 991, Bois De Rose Avenue, Victoria, Mahé, Seychelles",Victoria,,SC,Seychelles,Seychelles,-4.6232085,55.4523590,,https://www.communecter.org/upload/communecter/organizations/6a1988fb7afd2b57293e2e52/faviconV2.png,https://www.communecter.org/upload/communecter/organizations/6a1988fb7afd2b57293e2e52/medium/faviconV2.png,https://www.communecter.org/upload/communecter/organizations/6a1988fb7afd2b57293e2e52/thumb/profil-resized.png,https://www.communecter.org/#@financialServicesAuthoritySeychellesFsa,1780058363,1780058363
6a1837914109923116640dde,INAGE - Instituto Nacional de Governo Electrónico,inageInstitutoNacionalDeGovernoElectronico,Services défense/intérieur,Services défense/intérieur,GovernmentOrganization,,,,,,,https://www.inage.gov.mz/,procurement@inage.gov.mz,,,,,,,,,,,,,,https://www.communecter.org/#@inageInstitutoNacionalDeGovernoElectronico,1779971985,1779971985
6a1837894109923116640dd9,INCM - Instituto Nacional das Comunicações de Moçambique,cambique,Services défense/intérieur,Services défense/intérieur,GovernmentOrganization,,,,,,,https://www.incm.gov.mz/,,,,Maputo,,MZ,Mozambique,Mozambique,-25.9662130,32.5674500,,,,,https://www.communecter.org/#@cambique,1779971977,1780033404
6a19453d51203b1f0f0a513a,Indian Computer Emergency Response Team (CERT-In),indianComputerEmergencyResponseTeamCertin,Services défense/intérieur,Services défense/intérieur,,,,,,,"Autorité nationale indienne de réponse aux incidents informatiques : alertes, coordination de crise, vulnérabilités et bonnes pratiques de cybersécurité.",https://cert-in.org.in,,,"Electronics Niketan, 6, CGO Complex, Lodhi Road, New Delhi 110003, India",New Delhi,,IN,Inde,India,28.6138954,77.2090057,,https://www.communecter.org/upload/communecter/organizations/6a19453d51203b1f0f0a513a/1780048505_faviconV2.png,https://www.communecter.org/upload/communecter/organizations/6a19453d51203b1f0f0a513a/medium/1780048505_faviconV2.png,https://www.communecter.org/upload/communecter/organizations/6a19453d51203b1f0f0a513a/thumb/profil-resized.png,https://www.communecter.org/#@indianComputerEmergencyResponseTeamCertin,1780041021,1780048505
6a19455451203b1f0f0a5144,Indian Cyber Crime Coordination Centre (I4C),indianCyberCrimeCoordinationCentreI4c,Services défense/intérieur,Services défense/intérieur,,,,,,,"Plateforme du Ministry of Home Affairs coordonnant la lutte contre la cybercriminalité, le signalement et l’appui aux forces de l’ordre.",https://i4c.mha.gov.in,,,"Ministry of Home Affairs, 5th Floor, NDCC-II Building, Jai Singh Road, New Delhi 110001, India",New Delhi,,IN,Inde,India,28.6138954,77.2090057,,https://www.communecter.org/upload/communecter/organizations/6a19455451203b1f0f0a5144/1780048509_faviconV2.png,https://www.communecter.org/upload/communecter/organizations/6a19455451203b1f0f0a5144/medium/1780048509_faviconV2.png,https://www.communecter.org/upload/communecter/organizations/6a19455451203b1f0f0a5144/thumb/profil-resized.png,https://www.communecter.org/#@indianCyberCrimeCoordinationCentreI4c,1780041044,1780048509
6a17f52732a13c33536779e4,Information and Communication Technologies Authority (ICTA),tyIcta,Services défense/intérieur,Services défense/intérieur,GovernmentOrganization,,,,,,Autorité de régulation ICT avec volet cybersécurité.,https://www.icta.mu,info@icta.mu,,"12th floor, The Celicourt, 6 Sir Celicourt Antelme St, Port Louis 11302",Port-Louis,11302,MU,Maurice,Mauritius,-20.1637281,57.5045331,,https://www.communecter.org/upload/communecter/organizations/6a17f52732a13c33536779e4/ICTA-Web-Logo-in-black-300x26452px-06-08.png,https://www.communecter.org/upload/communecter/organizations/6a17f52732a13c33536779e4/medium/ICTA-Web-Logo-in-black-300x26452px-06-08.png,https://www.communecter.org/upload/communecter/organizations/6a17f52732a13c33536779e4/thumb/profil-resized.png,https://www.communecter.org/#@tyIcta,1779954983,1779954985
6a17f2d201a3e92ad654109c,Information and Communication Technology Agency of Sri Lanka,SriLanka,Services défense/intérieur,Services défense/intérieur,GovernmentOrganization,,,,,,,https://www.icta.lk/,,,"No. 490,R A De Mel Mawatha,Colombo 03.",Colombo,,LK,Sri Lanka,Sri Lanka,6.9388614,79.8542005,,,,,https://www.communecter.org/#@SriLanka,1779954386,1779954661
6a1fbae65479565a286b3eb2,Information and Communication Technology Authority,informationAndCommunicationTechnologyAuthority,Services défense/intérieur,Services défense/intérieur,GovernmentOrganization,,,,,,"Autorité publique chargée des standards et services TIC gouvernementaux, avec une fonction de sécurité de l'information.",https://www.icta.go.ke/,,,"Nairobi, Kenya",Nairobi,,KE,Kenya,Kenya,-1.3015643,36.8128437,,https://www.communecter.org/upload/communecter/organizations/6a1fbae65479565a286b3eb2/faviconV2.png,https://www.communecter.org/upload/communecter/organizations/6a1fbae65479565a286b3eb2/medium/faviconV2.png,https://www.communecter.org/upload/communecter/organizations/6a1fbae65479565a286b3eb2/thumb/profil-resized.png,https://www.communecter.org/#@informationAndCommunicationTechnologyAuthority,1780464358,1780464358
6a1988eb7afd2b57293e2e48,Information Commission of Seychelles,informationCommissionOfSeychelles,Services défense/intérieur,Services défense/intérieur,GovernmentOrganization,,,,,,Autorité indépendante chargée de promouvoir et protéger le droit d’accès à l’information publique aux Seychelles.,https://www.infocom.sc/,,,"P.O. Box 1342, KLA Residence, 3rd Floor, Room 9, Mont Fleuri, Victoria, Mahé, Seychelles",Victoria,,SC,Seychelles,Seychelles,-4.6232085,55.4523590,,https://www.communecter.org/upload/communecter/organizations/6a1988eb7afd2b57293e2e48/faviconV2.png,https://www.communecter.org/upload/communecter/organizations/6a1988eb7afd2b57293e2e48/medium/faviconV2.png,https://www.communecter.org/upload/communecter/organizations/6a1988eb7afd2b57293e2e48/thumb/profil-resized.png,https://www.communecter.org/#@informationCommissionOfSeychelles,1780058347,1780058348
6a17f51e32a13c33536779de,Information Technology Security Unit (ITSU),informationTechnologySecurityUnitItsu,Services défense/intérieur,Services défense/intérieur,GovernmentOrganization,,,,,,Unité gouvernementale de sécurité informatique.,https://itsecurity.govmu.org,itsecurity@govmu.org,,,,,,,,,,,https://www.communecter.org/upload/communecter/organizations/6a17f51e32a13c33536779de/logo.png,https://www.communecter.org/upload/communecter/organizations/6a17f51e32a13c33536779de/medium/logo.png,https://www.communecter.org/upload/communecter/organizations/6a17f51e32a13c33536779de/thumb/profil-resized.png,https://www.communecter.org/#@informationTechnologySecurityUnitItsu,1779954974,1779954976
6a1837844109923116640dd3,INTIC - Instituto Nacional de Tecnologias de Informação e Comunicação,macaoEComunicacao,Services défense/intérieur,Services défense/intérieur,GovernmentOrganization,,,,,,,https://intic.gov.mz/,info@intic.gov.mz,,,,,,,,,,,,,,https://www.communecter.org/#@macaoEComunicacao,1779971972,1779971972
6a17f2fb01a3e92ad65410af,LankaPay,lankapay,Services défense/intérieur,Services défense/intérieur,GovernmentOrganization,,,,,,,https://www.lankapay.net/,,,"‘The Zenith’, 161/A, Dharmapala Mawatha, Colombo 00700, Sri Lanka.",Colombo,,LK,Sri Lanka,Sri Lanka,6.9388614,79.8542005,,https://www.communecter.org/upload/communecter/organizations/6a17f2fb01a3e92ad65410af/1779954680_logo.png,https://www.communecter.org/upload/communecter/organizations/6a17f2fb01a3e92ad65410af/medium/1779954680_logo.png,https://www.communecter.org/upload/communecter/organizations/6a17f2fb01a3e92ad65410af/thumb/profil-resized.png,https://www.communecter.org/#@lankapay,1779954427,1779954679
6a17f304854a0c26c50d38c0,LK Domain Registry,lkDomainRegistry,Services défense/intérieur,Services défense/intérieur,GovernmentOrganization,,,,,,,https://www.domains.lk/,,,"106, Bernard's Business Park, Dutugemunu Street, Dehiwala.",Dehiwala,,LK,Sri Lanka,Sri Lanka,6.8512785,79.8659769,,https://www.communecter.org/upload/communecter/organizations/6a17f304854a0c26c50d38c0/1779954684_Horizontal-logo-with-the-BLACK-taglineformobile.png,https://www.communecter.org/upload/communecter/organizations/6a17f304854a0c26c50d38c0/medium/1779954684_Horizontal-logo-with-the-BLACK-taglineformobile.png,https://www.communecter.org/upload/communecter/organizations/6a17f304854a0c26c50d38c0/thumb/profil-resized.png,https://www.communecter.org/#@lkDomainRegistry,1779954436,1779954681
6a197323cf4fb9517452b0b8,Maldives Digital Service (formerly NCIT),maldivesDigitalServiceFormerlyNcit,Services défense/intérieur,Services défense/intérieur,GovernmentOrganization,,,,,,"Agence gouvernementale de services numériques, héritière du NCIT, chargée des politiques, standards et services numériques publics.",https://www.mds.gov.mv/,,,,Malé,,MV,Maldives,Maldives,4.1779879,73.5107387,,https://www.communecter.org/upload/communecter/organizations/6a197323cf4fb9517452b0b8/1780054094_faviconV2.png,https://www.communecter.org/upload/communecter/organizations/6a197323cf4fb9517452b0b8/medium/1780054094_faviconV2.png,https://www.communecter.org/upload/communecter/organizations/6a197323cf4fb9517452b0b8/thumb/profil-resized.png,https://www.communecter.org/#@maldivesDigitalServiceFormerlyNcit,1780052771,1780054094
6a19730acf4fb9517452b0a9,Maldives Police Service - Cyber Crime Center,maldivesPoliceServiceCyberCrimeCenter,Services défense/intérieur,Services défense/intérieur,GovernmentOrganization,,,,,,"Centre spécialisé de la Maldives Police Service pour le signalement, l’enquête et la prévention des cybercrimes et fraudes numériques.",https://www.police.gov.mv/cyber-portal,,,,Malé,,MV,Maldives,Maldives,4.1779879,73.5107387,,https://www.communecter.org/upload/communecter/organizations/6a19730acf4fb9517452b0a9/1780054090_faviconV2.png,https://www.communecter.org/upload/communecter/organizations/6a19730acf4fb9517452b0a9/medium/1780054090_faviconV2.png,https://www.communecter.org/upload/communecter/organizations/6a19730acf4fb9517452b0a9/thumb/profil-resized.png,https://www.communecter.org/#@maldivesPoliceServiceCyberCrimeCenter,1780052746,1780054090
6a197315cf4fb9517452b0ae,Maldives Police Service - Cyber Security Operations Centre (CSOC),sCentreCsoc,Services défense/intérieur,Services défense/intérieur,GovernmentOrganization,,,,,,"Capacité opérationnelle de cybersécurité de la police ; adresse publique dédiée non publiée, rattachée au siège de la Maldives Police Service.",https://www.police.gov.mv/,,,,Malé,,MV,Maldives,Maldives,4.1779879,73.5107387,,https://www.communecter.org/upload/communecter/organizations/6a197315cf4fb9517452b0ae/1780054091_faviconV2.png,https://www.communecter.org/upload/communecter/organizations/6a197315cf4fb9517452b0ae/medium/1780054091_faviconV2.png,https://www.communecter.org/upload/communecter/organizations/6a197315cf4fb9517452b0ae/thumb/profil-resized.png,https://www.communecter.org/#@sCentreCsoc,1780052757,1780054091
6a17f53801c23906f63a19de,Mauritius Standards Bureau (MSB),mauritiusStandardsBureauMsb,Services défense/intérieur,Services défense/intérieur,GovernmentOrganization,,,,,,Organisme national de normalisation et certification ISMS.,https://msb.intnet.mu,msb@intnet.mu,,"Villa Road, Moka",Moka,,MU,Maurice,Mauritius,-20.2227724,57.5015208,,https://www.communecter.org/upload/communecter/organizations/6a17f53801c23906f63a19de/msblogo.png,https://www.communecter.org/upload/communecter/organizations/6a17f53801c23906f63a19de/medium/msblogo.png,https://www.communecter.org/upload/communecter/organizations/6a17f53801c23906f63a19de/thumb/profil-resized.png,https://www.communecter.org/#@mauritiusStandardsBureauMsb,1779955000,1779955004
6a1837974109923116640de4,MCTD - Ministério das Comunicações e Transformação Digital,caoDigital,Services défense/intérieur,Services défense/intérieur,GovernmentOrganization,,,,,,,https://digital.gov.mz/,,,,Maputo,,MZ,Mozambique,Mozambique,-25.9662130,32.5674500,,,,,https://www.communecter.org/#@caoDigital,1779971991,1780033427
6a1978e84a20e6669b2e805f,MI College - Master of Information Technology,miCollegeMasterOfInformationTechnology,Services défense/intérieur,Services défense/intérieur,GovernmentOrganization,,,,,,Établissement d’enseignement supérieur proposant un Master of Information Technology et des formations dans le domaine informatique.,https://micollege.edu.mv/index.php/Home/Courses/a72b20062ec2c47ab2ceb97ac1bee818f8b6c6cb,,,,Malé,,MV,Maldives,Maldives,4.1779879,73.5107387,,https://www.communecter.org/upload/communecter/organizations/6a1978e84a20e6669b2e805f/faviconV2.png,https://www.communecter.org/upload/communecter/organizations/6a1978e84a20e6669b2e805f/medium/faviconV2.png,https://www.communecter.org/upload/communecter/organizations/6a1978e84a20e6669b2e805f/thumb/profil-resized.png,https://www.communecter.org/#@miCollegeMasterOfInformationTechnology,1780054248,1780054248
6a17f23501c23906f63a19a1,Ministry of Digital Economy - Sri Lanka,ministryOfDigitalEconomySriLanka,Services défense/intérieur,Services défense/intérieur,GovernmentOrganization,,,,,,,https://www.digital.gov.lk/,,,1a Galle Face Center Rd,Colombo,,LK,Sri Lanka,Sri Lanka,6.9388614,79.8542005,,,,,https://www.communecter.org/#@ministryOfDigitalEconomySriLanka,1779954229,1779954661
6a19456551203b1f0f0a5149,Ministry of Electronics and Information Technology (MeitY),Meity,Services défense/intérieur,Services défense/intérieur,,,,,,,"Ministère indien chargé du numérique, de l’électronique, de la gouvernance numérique et des politiques publiques de cybersécurité.",https://meity.gov.in,,,"Electronics Niketan, 6, CGO Complex, Lodhi Road, New Delhi 110003, India",New Delhi,,IN,Inde,India,28.6138954,77.2090057,,https://www.communecter.org/upload/communecter/organizations/6a19456551203b1f0f0a5149/1780048512_faviconV2.png,https://www.communecter.org/upload/communecter/organizations/6a19456551203b1f0f0a5149/medium/1780048512_faviconV2.png,https://www.communecter.org/upload/communecter/organizations/6a19456551203b1f0f0a5149/thumb/profil-resized.png,https://www.communecter.org/#@Meity,1780041061,1780048512
6a19457b51203b1f0f0a514e,Ministry of Home Affairs - Cyber and Information Security Division,ecurityDivision,Services défense/intérieur,Services défense/intérieur,,,,,,,"Division ministérielle traitant la sécurité intérieure liée au cyberespace, à la cybercriminalité et à la sécurité de l’information.",https://mha.gov.in,,,"Ministry of Home Affairs, North Block, Central Secretariat, New Delhi 110001, India",New Delhi,,IN,Inde,India,28.6138954,77.2090057,,https://www.communecter.org/upload/communecter/organizations/6a19457b51203b1f0f0a514e/1780048516_faviconV2.png,https://www.communecter.org/upload/communecter/organizations/6a19457b51203b1f0f0a514e/medium/1780048516_faviconV2.png,https://www.communecter.org/upload/communecter/organizations/6a19457b51203b1f0f0a514e/thumb/profil-resized.png,https://www.communecter.org/#@ecurityDivision,1780041083,1780048515
6a19731dcf4fb9517452b0b3,Ministry of Homeland Security and Technology,ministryOfHomelandSecurityAndTechnology,Services défense/intérieur,Services défense/intérieur,GovernmentOrganization,,,,,,"Ministère chargé de la sécurité intérieure, de la police, de l’immigration, du travail et de la technologie ; tutelle de plusieurs organismes numériques et cyber.",https://www.mohst.gov.mv/,,,,Malé,,MV,Maldives,Maldives,4.1779879,73.5107387,,https://www.communecter.org/upload/communecter/organizations/6a19731dcf4fb9517452b0b3/1780054092_faviconV2.png,https://www.communecter.org/upload/communecter/organizations/6a19731dcf4fb9517452b0b3/medium/1780054092_faviconV2.png,https://www.communecter.org/upload/communecter/organizations/6a19731dcf4fb9517452b0b3/thumb/profil-resized.png,https://www.communecter.org/#@ministryOfHomelandSecurityAndTechnology,1780052765,1780054092
6a044fb28fd2736d1001d234,"Ministry of Information, Communication and Information Technology",tionTechnology,Services défense/intérieur,Services défense/intérieur,GovernmentOrganization,Sécurité Opérationnelle et Gouvernance (SOC),,,,,,https://www.mawasiliano.go.tz/,,,"9 Mawasiliano Street, Government City - Mtumba, P.O.Box 677",Dodoma,40470,TZ,Tanzanie,Tanzania,-6.1791181,35.7468174,,https://www.communecter.org/upload/communecter/organizations/6a044fb28fd2736d1001d234/emblem3.png,https://www.communecter.org/upload/communecter/organizations/6a044fb28fd2736d1001d234/medium/emblem3.png,https://www.communecter.org/upload/communecter/organizations/6a044fb28fd2736d1001d234/thumb/profil-resized.png,https://www.communecter.org/#@tionTechnology,1778667442,1780035528
6a1fbaf45479565a286b3eb7,"Ministry of Information, Communications and the Digital Economy",gitalEconomy,Services défense/intérieur,Services défense/intérieur,GovernmentOrganization,,,,,,"Ministère en charge des politiques TIC et numériques, incluant les opportunités et initiatives liées à l'audit de systèmes et cybersécurité.",https://ict.go.ke/,,,"Nairobi, Kenya",Nairobi,,KE,Kenya,Kenya,-1.3015643,36.8128437,,https://www.communecter.org/upload/communecter/organizations/6a1fbaf45479565a286b3eb7/faviconV2.png,https://www.communecter.org/upload/communecter/organizations/6a1fbaf45479565a286b3eb7/medium/faviconV2.png,https://www.communecter.org/upload/communecter/organizations/6a1fbaf45479565a286b3eb7/thumb/profil-resized.png,https://www.communecter.org/#@gitalEconomy,1780464372,1780464372
6a1fd53e3705be472103b6c4,"Ministère du Développement Numérique, de la Transformation Digitale, des Postes et des Télécommunications",nsformationDigitaleDesPostesEtDesTelecommunications,Services défense/intérieur,Services défense/intérieur,GovernmentOrganization,,,,,,Ministère de tutelle des politiques numériques malgaches.,https://www.wearetech.africa/en/fils-uk/news/tech/madagascar-launches-drafting-of-national-cybersecurity-strategy ; https://www.mndpt.gov.mg/,,,,,,,,,,,,https://www.communecter.org/upload/communecter/organizations/6a1fd53e3705be472103b6c4/logo.jpeg,https://www.communecter.org/upload/communecter/organizations/6a1fd53e3705be472103b6c4/medium/logo.jpeg,https://www.communecter.org/upload/communecter/organizations/6a1fd53e3705be472103b6c4/thumb/profil-resized.png,https://www.communecter.org/#@nsformationDigitaleDesPostesEtDesTelecommunications,1780471102,1780471104
6a1fbb0f5479565a286b3ec2,National Computer and Cybercrimes Coordination Committee,mittee,Services défense/intérieur,Services défense/intérieur,GovernmentOrganization,,,,,,Entité multi-agences de coordination nationale cybersécurité/cybercriminalité.,,,,"Nairobi, Kenya",Nairobi,,KE,Kenya,Kenya,-1.3015643,36.8128437,,https://www.communecter.org/upload/communecter/organizations/6a1fbb0f5479565a286b3ec2/faviconV2.png,https://www.communecter.org/upload/communecter/organizations/6a1fbb0f5479565a286b3ec2/medium/faviconV2.png,https://www.communecter.org/upload/communecter/organizations/6a1fbb0f5479565a286b3ec2/thumb/profil-resized.png,https://www.communecter.org/#@mittee,1780464399,1780464400
6a17f73d892d221cfb5c1bc2,National Computer Board (NCB),nationalComputerBoardNcb,Services défense/intérieur,Services défense/intérieur,GovernmentOrganization,,,,,,Acteur public ICT cité parmi les institutions spécialisées cybercrime/cyber.,https://itsecurity.govmu.org,,,,Port-Louis,,MU,Maurice,Mauritius,-20.1637281,57.5045331,,https://www.communecter.org/upload/communecter/organizations/6a17f73d892d221cfb5c1bc2/logo.png,https://www.communecter.org/upload/communecter/organizations/6a17f73d892d221cfb5c1bc2/medium/logo.png,https://www.communecter.org/upload/communecter/organizations/6a17f73d892d221cfb5c1bc2/thumb/profil-resized.png,https://www.communecter.org/#@nationalComputerBoardNcb,1779955517,1779955519
6a19454451203b1f0f0a513f,National Critical Information Infrastructure Protection Centre (NCIIPC),ctionCentreNciipc,Services défense/intérieur,Services défense/intérieur,,,,,,,Organisme national chargé de la protection des infrastructures critiques d’information et de l’accompagnement des secteurs stratégiques.,https://nciipc.gov.in,,,"NTRO Bhawan, Old JNU Campus, New Delhi 110067, India",New Delhi,,IN,Inde,India,28.6138954,77.2090057,,https://www.communecter.org/upload/communecter/organizations/6a19454451203b1f0f0a513f/1780048507_faviconV2.png,https://www.communecter.org/upload/communecter/organizations/6a19454451203b1f0f0a513f/medium/1780048507_faviconV2.png,https://www.communecter.org/upload/communecter/organizations/6a19454451203b1f0f0a513f/thumb/profil-resized.png,https://www.communecter.org/#@ctionCentreNciipc,1780041028,1780048507
6a1972fdcf4fb9517452b09f,National Cyber Security Agency (NCSA) Maldives,nationalCyberSecurityAgencyNcsaMaldives,Services défense/intérieur,Services défense/intérieur,GovernmentOrganization,,,,,,"Agence nationale chargée de la cybersécurité : stratégie, coordination, sensibilisation, réponse aux incidents et résilience cyber nationale.",https://hub.ncsa.gov.mv/,,,,Malé,,MV,Maldives,Maldives,4.1779879,73.5107387,,https://www.communecter.org/upload/communecter/organizations/6a1972fdcf4fb9517452b09f/1780054088_faviconV2.png,https://www.communecter.org/upload/communecter/organizations/6a1972fdcf4fb9517452b09f/medium/1780054088_faviconV2.png,https://www.communecter.org/upload/communecter/organizations/6a1972fdcf4fb9517452b09f/thumb/profil-resized.png,https://www.communecter.org/#@nationalCyberSecurityAgencyNcsaMaldives,1780052733,1780054088
6a1988d97afd2b57293e2e43,National Cyber Security Coordination Committee (NCCC) Seychelles,ccSeychelles,Services défense/intérieur,Services défense/intérieur,GovernmentOrganization,,,,,,"Comité national de coordination de la cybersécurité chargé de renforcer la coordination, le partage d’information et la protection des infrastructures critiques.",https://www.mhsca.gov.sc/nccc/news,,,"c/o Ministry of Internal Affairs / Ministry of Homeland Security and Civil Affairs, 3rd Floor, Independence House Annex, Victoria, Mahé, Seychelles",Victoria,,SC,Seychelles,Seychelles,-4.6232085,55.4523590,,https://www.communecter.org/upload/communecter/organizations/6a1988d97afd2b57293e2e43/faviconV2.png,https://www.communecter.org/upload/communecter/organizations/6a1988d97afd2b57293e2e43/medium/faviconV2.png,https://www.communecter.org/upload/communecter/organizations/6a1988d97afd2b57293e2e43/thumb/profil-resized.png,https://www.communecter.org/#@ccSeychelles,1780058329,1780058329
6a182eff236a7a5de429832c,National Office of Cyber Security,nationalOfficeOfCyberSecurity,Services défense/intérieur,Services défense/intérieur,GovernmentOrganization,,,,,,,https://www.homeaffairs.gov.au/about-us/our-portfolios/cyber-security,,,"Department of Home Affairs, PO Box 25, Belconnen ACT 2616, Australia",Canberra,,AU,Australie,Australia,-35.2975906,149.1012676,,,,,https://www.communecter.org/#@nationalOfficeOfCyberSecurity,1779969791,1779969791
6a182fc347729133ad12a68c,Office of Digital Government WA - Cyber Security,officeOfDigitalGovernmentWaCyberSecurity,Services défense/intérieur,Services défense/intérieur,GovernmentOrganization,,,,,,,https://www.wa.gov.au/organisation/department-of-the-premier-and-cabinet/office-of-digital-government,,,"Dumas House, 2 Havelock Street, Perth WA 6005; Locked Bag 3001, West Perth WA 6872, Australia",Perth,,AU,Australie,Australia,-31.9558967,115.8605784,,,,,https://www.communecter.org/#@officeOfDigitalGovernmentWaCyberSecurity,1779969987,1779969988
6a182f3c236a7a5de429833b,Office of the Australian Information Commissioner,officeOfTheAustralianInformationCommissioner,Services défense/intérieur,Services défense/intérieur,GovernmentOrganization,,,,,,,https://www.oaic.gov.au/,,,"GPO Box 5288, Sydney NSW 2001, Australia",Sydney,2000,AU,Australie,Australia,-33.8698439,151.2082848,,,,,https://www.communecter.org/#@officeOfTheAustralianInformationCommissioner,1779969852,1779969852
6a1fbb035479565a286b3ebc,Office of the Data Protection Commissioner,officeOfTheDataProtectionCommissioner,Services défense/intérieur,Services défense/intérieur,GovernmentOrganization,,,,,,Autorité publique kenyane de protection des données personnelles.,https://www.odpc.go.ke/,info@odpc.go.ke,,"Britam Tower, 12th & 13th Floor, Hospital Road, Upper Hill, Nairobi, Kenya",Nairobi,,KE,Kenya,Kenya,-1.2890006,36.8172812,,https://www.communecter.org/upload/communecter/organizations/6a1fbb035479565a286b3ebc/faviconV2.png,https://www.communecter.org/upload/communecter/organizations/6a1fbb035479565a286b3ebc/medium/faviconV2.png,https://www.communecter.org/upload/communecter/organizations/6a1fbb035479565a286b3ebc/thumb/profil-resized.png,https://www.communecter.org/#@officeOfTheDataProtectionCommissioner,1780464387,1780464388
6a044ffc8fd2736d1001d23e,Personal Data Protection Commission (PDPC Tanzania),159,Services défense/intérieur,Services défense/intérieur,GovernmentOrganization,Sécurité Opérationnelle et Gouvernance (SOC),,,,,,https://www.pdpc.go.tz/,helpdesk@pdpc.go.tz,2556 15 77 90 70,"P.O.Box 1105, 1 Moshi Street, Viwandani",Dodoma,41102,TZ,Tanzanie,Tanzania,-6.1791181,35.7468174,,https://www.communecter.org/upload/communecter/organizations/6a044ffc8fd2736d1001d23e/faviconV2.png,https://www.communecter.org/upload/communecter/organizations/6a044ffc8fd2736d1001d23e/medium/faviconV2.png,https://www.communecter.org/upload/communecter/organizations/6a044ffc8fd2736d1001d23e/thumb/profil-resized.png,https://www.communecter.org/#@159,1778667516,1780035537
6a1945f6acc42e5a5c5e91bf,Reserve Bank Information Technology,reserveBankInformationTechnology,Services défense/intérieur,Services défense/intérieur,,,,,,,"Filiale technologique de la Reserve Bank of India spécialisée dans la cybersécurité, les infrastructures IT et la résilience du secteur financier.",https://rebit.org.in,,,,,,,,,,,,https://www.communecter.org/upload/communecter/organizations/6a1945f6acc42e5a5c5e91bf/1780048539_faviconV2.png,https://www.communecter.org/upload/communecter/organizations/6a1945f6acc42e5a5c5e91bf/medium/1780048539_faviconV2.png,https://www.communecter.org/upload/communecter/organizations/6a1945f6acc42e5a5c5e91bf/thumb/profil-resized.png,https://www.communecter.org/#@reserveBankInformationTechnology,1780041206,1780048539
6a19880280ab8f662130bb6a,Seychelles Financial Intelligence Unit (FIU),seychellesFinancialIntelligenceUnitFiu,Services défense/intérieur,Services défense/intérieur,GovernmentOrganization,,,,,,"Cellule nationale de renseignement financier chargée de recevoir, analyser et diffuser les informations liées au blanchiment, au financement du terrorisme et aux activités suspectes.",https://seychellesfiu.sc/,,,"Financial Intelligence Unit, P.O. Box 7021, Île Perseverance, Mahé, Seychelles",Victoria,,SC,Seychelles,Seychelles,-4.6232085,55.4523590,,https://www.communecter.org/upload/communecter/organizations/6a19880280ab8f662130bb6a/faviconV2.png,https://www.communecter.org/upload/communecter/organizations/6a19880280ab8f662130bb6a/medium/faviconV2.png,https://www.communecter.org/upload/communecter/organizations/6a19880280ab8f662130bb6a/thumb/profil-resized.png,https://www.communecter.org/#@seychellesFinancialIntelligenceUnitFiu,1780058114,1780058115
697c97aab186db17914f86f7,Seychelles Police (Cybercrime),seychellesPoliceCybercrime,Services défense/intérieur,Services défense/intérieur | Audit/Conseil et Conformité,NGO,Audit/Conseil et Conformité,Analyste Forensic,,,,,https://www.police.gov.sc,j.francois@police.gov.sc,+2484288000,"Central Police HQ, P.O Box 46",Victoria,,SC,Seychelles,Seychelles,-4.6224739,55.4512176,Services défense/intérieur | Audit/Conseil et Conformité,https://www.communecter.org/upload/communecter/organizations/697c97aab186db17914f86f7/pastedimage.png,https://www.communecter.org/upload/communecter/organizations/697c97aab186db17914f86f7/medium/pastedimage.png,https://www.communecter.org/upload/communecter/organizations/697c97aab186db17914f86f7/thumb/pastedimage.png,https://www.communecter.org/#@seychellesPoliceCybercrime,1769773091,1769773091
6a19880980ab8f662130bb6f,Seychelles Police Force - Cybercrime Unit / Digital Forensic Laboratory,lForensicLaboratory,Services défense/intérieur,Services défense/intérieur,GovernmentOrganization,,,,,,"Unité spécialisée de la Police des Seychelles traitant la cybercriminalité, l’investigation numérique et les preuves électroniques.",https://www.police.gov.sc/,,,"c/o Seychelles Police Force, Central Police Headquarters, P.O. Box 46, Victoria, Mahé, Seychelles",Victoria,,SC,Seychelles,Seychelles,-4.6232085,55.4523590,,https://www.communecter.org/upload/communecter/organizations/6a19880980ab8f662130bb6f/faviconV2.png,https://www.communecter.org/upload/communecter/organizations/6a19880980ab8f662130bb6f/medium/faviconV2.png,https://www.communecter.org/upload/communecter/organizations/6a19880980ab8f662130bb6f/thumb/profil-resized.png,https://www.communecter.org/#@lForensicLaboratory,1780058121,1780058122
6a1945b951203b1f0f0a5160,Software Technology Parks of India,softwareTechnologyParksOfIndia,Services défense/intérieur,Services défense/intérieur,,,,,,,"Agence publique soutenant l’export de logiciels, l’innovation numérique, les centres technologiques et l’écosystème IT indien.",https://stpi.in,,,"9th Floor, NDCC-II, Jai Singh Road, New Delhi 110001, India",New Delhi,,IN,Inde,India,28.6138954,77.2090057,,https://www.communecter.org/upload/communecter/organizations/6a1945b951203b1f0f0a5160/1780048530_faviconV2.png,https://www.communecter.org/upload/communecter/organizations/6a1945b951203b1f0f0a5160/medium/1780048530_faviconV2.png,https://www.communecter.org/upload/communecter/organizations/6a1945b951203b1f0f0a5160/thumb/profil-resized.png,https://www.communecter.org/#@softwareTechnologyParksOfIndia,1780041145,1780048530
6a17f2e401a3e92ad65410a0,Sri Lanka Police - Computer Crimes Investigation Division,ivision,Services défense/intérieur,Services défense/intérieur,GovernmentOrganization,,,,,,,https://www.police.lk/,,,,Colombo,,LK,Sri Lanka,Sri Lanka,6.9388614,79.8542005,,https://www.communecter.org/upload/communecter/organizations/6a17f2e401a3e92ad65410a0/1779954671_plogo.png,https://www.communecter.org/upload/communecter/organizations/6a17f2e401a3e92ad65410a0/medium/1779954671_plogo.png,https://www.communecter.org/upload/communecter/organizations/6a17f2e401a3e92ad65410a0/thumb/profil-resized.png,https://www.communecter.org/#@ivision,1779954404,1779954670
6a1945a251203b1f0f0a5158,Standardisation Testing and Quality Certification Directorate,directorate,Services défense/intérieur,Services défense/intérieur,,,,,,,"Direction publique de tests, certification qualité, sécurité de l’information, évaluation et conformité des produits et systèmes numériques.",https://stqc.gov.in,,,"Electronics Niketan, 6, CGO Complex, Lodhi Road, New Delhi 110003, India",New Delhi,,IN,Inde,India,28.6138954,77.2090057,,https://www.communecter.org/upload/communecter/organizations/6a1945a251203b1f0f0a5158/1780048522_faviconV2.png,https://www.communecter.org/upload/communecter/organizations/6a1945a251203b1f0f0a5158/medium/1780048522_faviconV2.png,https://www.communecter.org/upload/communecter/organizations/6a1945a251203b1f0f0a5158/thumb/profil-resized.png,https://www.communecter.org/#@directorate,1780041122,1780048521
6a045019a2636632df0f5812,Tanzania Police Force - Cybercrimes Investigation Unit,unit,Services défense/intérieur,Services défense/intérieur,GovernmentOrganization,Sécurité Opérationnelle et Gouvernance (SOC),,,,,,https://policeforce.go.tz/,,,,,,,,,,,,,,,https://www.communecter.org/#@unit,1778667545,1780035538
6a1945cd51203b1f0f0a5165,Telecom Regulatory Authority of India,telecomRegulatoryAuthorityOfIndia,Services défense/intérieur,Services défense/intérieur,,,,,,,"Régulateur indien des télécommunications, concerné par la confiance numérique, la sécurité des réseaux et les services de communications.",https://trai.gov.in,,,"Mahanagar Doorsanchar Bhawan, Jawahar Lal Nehru Marg, Old Minto Road, New Delhi 110002, India",New Delhi,,IN,Inde,India,28.6138954,77.2090057,,https://www.communecter.org/upload/communecter/organizations/6a1945cd51203b1f0f0a5165/1780048532_faviconV2.png,https://www.communecter.org/upload/communecter/organizations/6a1945cd51203b1f0f0a5165/medium/1780048532_faviconV2.png,https://www.communecter.org/upload/communecter/organizations/6a1945cd51203b1f0f0a5165/thumb/profil-resized.png,https://www.communecter.org/#@telecomRegulatoryAuthorityOfIndia,1780041165,1780048532
6a17f2ec01a3e92ad65410a5,Telecommunications Regulatory Commission of Sri Lanka,nka,Services défense/intérieur,Services défense/intérieur,GovernmentOrganization,,,,,,,https://www.trc.gov.lk/,,,,Colombo,,LK,Sri Lanka,Sri Lanka,6.9388614,79.8542005,,https://www.communecter.org/upload/communecter/organizations/6a17f2ec01a3e92ad65410a5/1779954675_trc-logo.png,https://www.communecter.org/upload/communecter/organizations/6a17f2ec01a3e92ad65410a5/medium/1779954675_trc-logo.png,https://www.communecter.org/upload/communecter/organizations/6a17f2ec01a3e92ad65410a5/thumb/profil-resized.png,https://www.communecter.org/#@nka,1779954412,1779954673
699234df41838f023925d6c5,Unité de Gouvernance Digitale,uniteDeGouvernanceDigitale,Services défense/intérieur,Services défense/intérieur,GovernmentOrganization,"Sécurité Opérationnelle et Gouvernance (SOC),Sécurité des postes",Incident Responder,,,,Structure publique de gouvernance digitale à Madagascar.,https://digital.gov.mg/ ; https://digital.gov.mg/contactez-nous/ ; https://digital.gov.mg/wp-content/uploads/2025/06/TDR-Head-manager-CIRT.pdf,contact@digital.gov.mg,+261 32 03 846 40,"Village des Jeux Ankorondrano, Bâtiment D1, Antananarivo Madagascar 101",Antananarivo,,MG,Madagascar,Madagasikara,-18.9100122,47.5255809,CERT/CSIRT | Sécurité Opérationnelle et Gouvernance (SOC) | Sécurité des postes | Incident Responder,https://www.communecter.org/upload/communecter/organizations/699234df41838f023925d6c5/h3logo.png,https://www.communecter.org/upload/communecter/organizations/699234df41838f023925d6c5/medium/h3logo.png,https://www.communecter.org/upload/communecter/organizations/699234df41838f023925d6c5/thumb/profil-resized.png,https://www.communecter.org/#@uniteDeGouvernanceDigitale,1771189663,1780471101
6a182f9347729133ad12a683,Victorian Government Cyber Security,victorianGovernmentCyberSecurity,Services défense/intérieur,Services défense/intérieur,GovernmentOrganization,,,,,,,https://www.vic.gov.au/cyber-security,,,"Department of Government Services, GPO Box 4356, Melbourne VIC 3001, Australia",Melbourne,,AU,Australie,Australia,-37.8142454,144.9631732,,,,,https://www.communecter.org/#@victorianGovernmentCyberSecurity,1779969939,1779969939
6a1965a892df61291f181828,WEBEL,webel,Services défense/intérieur,Services défense/intérieur,,,,,,,"Organisation intervenant dans l’écosystème indien de cybersécurité : services, conseil, formation, innovation ou appui à la sécurité numérique.",https://webel.in,,,"Webel Bhavan, Block EP & GP, Sector V, Salt Lake, Kolkata 700091, West Bengal, India",Calcutta,,IN,Inde,India,22.5726459,88.3638953,,https://www.communecter.org/upload/communecter/organizations/6a1965a892df61291f181828/faviconV2.png,https://www.communecter.org/upload/communecter/organizations/6a1965a892df61291f181828/medium/faviconV2.png,https://www.communecter.org/upload/communecter/organizations/6a1965a892df61291f181828/thumb/profil-resized.png,https://www.communecter.org/#@webel,1780049320,1780049321
6996b8a43a33f74a1b1c5c38,Austrade,austrade,Structure d’accompagnement et financement,Structure d’accompagnement et financement | Soutien startups cyber | Financement innovation | inn | Consultant Innovation | Entrepreneur cyber,NGO,Soutien startups cyber | Financement innovation | inn | Consultant Innovation | Entrepreneur cyber,Consultant Innovation | Entrepreneur cyber,,,,,https://www.austrade.gov.au/,,,ACT,Canberra,,AU,Australie,Australie,-35.3057810,149.1149606,Structure d’accompagnement et financement | Soutien startups cyber | Financement innovation | inn | Consultant Innovation | Entrepreneur cyber,https://www.communecter.org/upload/communecter/organizations/6996b8a43a33f74a1b1c5c38/pastedimage.png,https://www.communecter.org/upload/communecter/organizations/6996b8a43a33f74a1b1c5c38/medium/pastedimage.png,https://www.communecter.org/upload/communecter/organizations/6996b8a43a33f74a1b1c5c38/thumb/pastedimage.png,https://www.communecter.org/#@austrade,1771487177,1771487516
69922e1dfd5bfd0cdf5cbce8,DMADD Project (Digital Maldives),dmaddProjectDigitalMaldives,Structure d’accompagnement et financement,Structure d’accompagnement et financement | Audit/Conseil et Conformité | Développeur Sécurisé (DevSecOps),NGO,Audit/Conseil et Conformité | Développeur Sécurisé (DevSecOps),Développeur Sécurisé (DevSecOps),,,,,https://dmadd.gov.mv/,,+960 330-2253,"MDS Building, Kalaafaanu Hingun",Malé,,MV,Maldives,Maldives,4.1715855,73.5144735,Structure d’accompagnement et financement | Audit/Conseil et Conformité | Développeur Sécurisé (DevSecOps),https://www.communecter.org/upload/communecter/organizations/69922e1dfd5bfd0cdf5cbce8/pastedimage.png,https://www.communecter.org/upload/communecter/organizations/69922e1dfd5bfd0cdf5cbce8/medium/pastedimage.png,https://www.communecter.org/upload/communecter/organizations/69922e1dfd5bfd0cdf5cbce8/thumb/pastedimage.png,https://www.communecter.org/#@dmaddProjectDigitalMaldives,1771187918,1771229920
69846bfbfe033b0597288421,TECHNOPOLE REUNION,technopoleReunionEdihLaReunion,Structure d’accompagnement et financement | Réseaux/cluster | Association/ONG,Structure d’accompagnement et financement | Réseaux/cluster | Association/ONG,NGO,,,,,442780243,,https://www.technopole-reunion.com/,animation@technopole-reunion.com,02 62 90 71 80,6 rue albert lougnon,SAINTE-CLOTILDE,97490,RE,La Réunion,La Réunion,-20.905786,55.499077,Structure d’accompagnement et financement | Réseaux/cluster | Association/ONG,https://www.communecter.org/upload/communecter/organizations/69f2ed489c9cce16bf07e899/Plan-de-travail-1-100.jpg,https://www.communecter.org/upload/communecter/organizations/69f2ed489c9cce16bf07e899/medium/Plan-de-travail-1-100.jpg,https://www.communecter.org/upload/communecter/organizations/69f2ed489c9cce16bf07e899/thumb/Plan-de-travail-1-100.jpg,https://www.communecter.org/#@technopoleReunionEdihLaReunion,1770286173,1779367318
698f35a498c09a257604c3e8,Communications Authority of Kenya (National KE-CIRT/CC),tcc,,,NGO,Réponse incidents | Sécurité nationale,"Incident Responder,Analyste SOC | Analyste Threat Intelligence",,,,,https://ke-cirt.go.ke/,,+254-730-172700,USIU-Africa Campus,Nairobi,,KE,Kenya,Kenya,-1.2890006,36.8172812,Réponse incidents | Sécurité nationale | Incident Responder | Analyste SOC | Analyste Threat Intelligence,https://www.communecter.org/upload/communecter/organizations/698f35a498c09a257604c3e8/pastedimage.png,https://www.communecter.org/upload/communecter/organizations/698f35a498c09a257604c3e8/medium/pastedimage.png,https://www.communecter.org/upload/communecter/organizations/698f35a498c09a257604c3e8/thumb/pastedimage.png,https://www.communecter.org/#@tcc,1770993174,1770993174
69f2fd5c8efc366838629e9c,Council for Scientific and Industrial Research (CSIR) — Information and Cybersecurity,irInformationAndCybersecurity,,,NGO,,,,,,,,cybersecurity@csir.co.za,,,,,,,,,,,,,,https://www.communecter.org/#@irInformationAndCybersecurity,1777532252,1777532252
69f2fb848efc366838629e44,Cybersecurity Hub / CSHUB-CSIRT,cybersecurityHubCshubcsirt,,,NGO,,,,,,,,kpillay@cybersecurityhub.gov.za,,,,,,,,,,,,,,https://www.communecter.org/#@cybersecurityHubCshubcsirt,1777531780,1777531780
69f2fb828efc366838629e3b,Department of Communications and Digital Technologies (DCDT),iesDcdt,,,NGO,,,,,,,,,,,,,,,,,,,,,,https://www.communecter.org/#@iesDcdt,1777531778,1777531778
69f2fc308efc366838629e69,Department of Defence (DoD),departmentOfDefenceDod,,,NGO,,,,,,,,,,,,,,,,,,,,,,https://www.communecter.org/#@departmentOfDefenceDod,1777531952,1777531952
69f2fbf48efc366838629e5f,Department of Justice and Constitutional Development,nt9,,,NGO,,,,,,,,,,,,,,,,,,,,,,https://www.communecter.org/#@nt9,1777531892,1777531893
69f2fbd68efc366838629e5a,Directorate for Priority Crime Investigation — Hawks,awks,,,NGO,,,,,,,,,,,,,,,,,,,,,,https://www.communecter.org/#@awks,1777531862,1777531862
69f2fb9e8efc366838629e4f,Electronic Communications Security CSIRT (ECS-CSIRT),t14,,,NGO,,,,,,,,ecs-csirt@ssa.gov.za,,,,,,,,,,,,,,https://www.communecter.org/#@t14,1777531806,1777531806
69f2fc8a8efc366838629e78,Financial Sector Conduct Authority (FSCA),financialSectorConductAuthorityFsca,,,NGO,,,,,,,,,,,,,,,,,,,,,,https://www.communecter.org/#@financialSectorConductAuthorityFsca,1777532042,1777532042
69f2fc6d8efc366838629e73,Independent Communications Authority of South Africa (ICASA),caIcasa,,,NGO,,,,,,,,,,,,,,,,,,,,,,https://www.communecter.org/#@caIcasa,1777532013,1777532013
69f2fc4d8efc366838629e6e,Information Regulator South Africa,informationRegulatorSouthAfrica,,,NGO,,,,,,,,,,,,,,,,,,,,,,https://www.communecter.org/#@informationRegulatorSouthAfrica,1777531981,1777531981
69f2fca78efc366838629e7d,Prudential Authority / South African Reserve Bank (SARB),sarb,,,NGO,,,,,,,,,,,,,,,,,,,,,,https://www.communecter.org/#@sarb,1777532071,1777532071
69f2fd008efc366838629e8c,SA NREN CSIRT,saNrenCsirt,,,NGO,,,,,,,,queries@csirt.net.za,,,,,,,,,,,,,,https://www.communecter.org/#@saNrenCsirt,1777532160,1777532160
69f2fcdf8efc366838629e87,South African Banking Risk Information Centre (SABRIC),ric,,,NGO,,,,,,,,,,,,,,,,,,,,,,https://www.communecter.org/#@ric,1777532127,1777532127
69f2fcc48efc366838629e82,South African Domain Name Authority (.zaDNA),southAfricanDomainNameAuthorityZadna,,,NGO,,,,,,,,,,,,,,,,,,,,,,https://www.communecter.org/#@southAfricanDomainNameAuthorityZadna,1777532100,1777532100
69f2fc148efc366838629e64,South African National Defence Force (SANDF) Cyber Command,Command,,,NGO,,,,,,,,,,,,,,,,,,,,,,https://www.communecter.org/#@Command,1777531924,1777531924
69f2fd1b8efc366838629e92,South African National Research Network (SANReN),southAfricanNationalResearchNetworkSanren,,,NGO,,,,,,,,,,,,,,,,,,,,,,https://www.communecter.org/#@southAfricanNationalResearchNetworkSanren,1777532187,1777532187
69f2fbb98efc366838629e55,South African Police Service (SAPS),southAfricanPoliceServiceSaps,,,NGO,,,,,,,,,,,,,,,,,,,,,,https://www.communecter.org/#@southAfricanPoliceServiceSaps,1777531833,1777531833
69f2fb898efc366838629e4a,State Security Agency (SSA),stateSecurityAgencySsa,,,NGO,,,,,,,,,,,,,,,,,,,,,,https://www.communecter.org/#@stateSecurityAgencySsa,1777531785,1777531785
69f2d88e8f61fa706c4ec538,STOR SOLUTIONS,storSolutions1,,,NGO,,Auditeur de sécurité | Ingénieur Sécurité Cloud | Analyste Forensic,,,,,,contact@stor-solutions.com,,,,,,,,,,Auditeur de sécurité | Ingénieur Sécurité Cloud | Analyste Forensic,https://www.communecter.org/upload/communecter/organizations/69f2d88e8f61fa706c4ec538/logo-STOR-2020-1245x360-1.webp,https://www.communecter.org/upload/communecter/organizations/69f2d88e8f61fa706c4ec538/medium/logo-STOR-2020-1245x360-1.webp,https://www.communecter.org/upload/communecter/organizations/69f2d88e8f61fa706c4ec538/thumb/logo-STOR-2020-1245x360-1.webp,https://www.communecter.org/#@storSolutions1,1777523025,1777523031
69f2fd388efc366838629e97,Tertiary Education and Research Network of South Africa (TENET),fricaTenet,,,NGO,,,,,,,,,,,,,,,,,,,,,,https://www.communecter.org/#@fricaTenet,1777532216,1777532216
